date,chain_tvl_usd,chain,tvl_change_1d_usd,tvl_change_1d_pct,tvl_change_7d_usd,tvl_change_7d_pct
2021-06-04,0,Arbitrum,,,,
2021-06-05,0,Arbitrum,0.0,,,
2021-06-06,0,Arbitrum,0.0,,,
2021-06-07,0,Arbitrum,0.0,,,
2021-06-08,0,Arbitrum,0.0,,,
2021-06-09,0,Arbitrum,0.0,,,
2021-06-10,0,Arbitrum,0.0,,,
2021-06-11,0,Arbitrum,0.0,,0.0,
2021-06-12,0,Arbitrum,0.0,,0.0,
2021-06-13,0,Arbitrum,0.0,,0.0,
2021-06-14,0,Arbitrum,0.0,,0.0,
2021-06-15,0,Arbitrum,0.0,,0.0,
2021-06-16,0,Arbitrum,0.0,,0.0,
2021-08-17,0,Arbitrum,0.0,,0.0,
2021-08-18,0,Arbitrum,0.0,,0.0,
2021-08-19,0,Arbitrum,0.0,,0.0,
2021-08-20,0,Arbitrum,0.0,,0.0,
2021-08-21,0,Arbitrum,0.0,,0.0,
2021-08-22,0,Arbitrum,0.0,,0.0,
2021-08-23,0,Arbitrum,0.0,,0.0,
2021-08-24,0,Arbitrum,0.0,,0.0,
2021-08-25,0,Arbitrum,0.0,,0.0,
2021-08-26,0,Arbitrum,0.0,,0.0,
2021-08-27,0,Arbitrum,0.0,,0.0,
2021-08-28,0,Arbitrum,0.0,,0.0,
2021-08-29,0,Arbitrum,0.0,,0.0,
2021-08-30,0,Arbitrum,0.0,,0.0,
2021-08-31,3119,Arbitrum,3119.0,inf,3119.0,inf
2021-09-01,473417,Arbitrum,470298.0,15078.48669445335,473417.0,inf
2021-09-02,8167686,Arbitrum,7694269.0,1625.2625064161193,8167686.0,inf
2021-09-03,12221890,Arbitrum,4054204.0,49.63711876289074,12221890.0,inf
2021-09-04,12538201,Arbitrum,316311.0,2.5880694393420223,12538201.0,inf
2021-09-05,14102394,Arbitrum,1564193.0,12.47541812417905,14102394.0,inf
2021-09-06,15586949,Arbitrum,1484555.0,10.526971519871031,15586949.0,inf
2021-09-07,26672050,Arbitrum,11085101.0,71.11783710846811,26668931.0,855047.483167682
2021-09-08,34848322,Arbitrum,8176272.0,30.654831555879646,34374905.0,7261.02041118084
2021-09-09,37349317,Arbitrum,2500995.0,7.176801798376409,29181631.0,357.28149931326936
2021-09-10,42532144,Arbitrum,5182827.0,13.876631264769856,30310254.0,247.9997283562526
2021-09-11,49742853,Arbitrum,7210709.0,16.95355164790189,37204652.0,296.73038420743137
2021-09-12,81508397,Arbitrum,31765544.0,63.85951364711631,67406003.0,477.9756047093848
2021-09-13,127215078,Arbitrum,45706681.0,56.07603962570875,111628129.0,716.1640741879634
2021-09-14,166938737,Arbitrum,39723659.0,31.225590255897174,140266687.0,525.8939114166328
2021-09-15,230778004,Arbitrum,63839267.0,38.241134530687134,195929682.0,562.2356278732732
2021-09-16,305908367,Arbitrum,75130363.0,32.555252969429446,268559050.0,719.0467499044227
2021-09-17,342543866,Arbitrum,36635499.0,11.975971549676512,300011722.0,705.3764371718481
2021-09-18,597421147,Arbitrum,254877281.0,74.40719461022256,547678294.0,1101.0190629797612
2021-09-19,658837061,Arbitrum,61415914.0,10.280170748626016,577328664.0,708.3057516147692
2021-09-20,635391659,Arbitrum,-23445402.0,-3.5586039990546325,508176581.0,399.4625393383008
2021-09-21,584649521,Arbitrum,-50742138.0,-7.985962245689471,417710784.0,250.218009017284
2021-09-22,682082361,Arbitrum,97432840.0,16.66517058516499,451304357.0,195.5577867811007
2021-09-23,717266879,Arbitrum,35184518.0,5.158397286277272,411358512.0,134.47115423292755
2021-09-24,732869442,Arbitrum,15602563.0,2.1752800048083554,390325576.0,113.94907769272389
2021-09-25,811531502,Arbitrum,78662060.0,10.73343429156104,214110355.0,35.83909877900589
2021-09-26,863251570,Arbitrum,51720068.0,6.373143602255382,204414509.0,31.026565003755913
2021-09-27,901167499,Arbitrum,37915929.0,4.392222420168901,265775840.0,41.82866366522448
2021-09-28,883957378,Arbitrum,-17210121.0,-1.9097582878984887,299307857.0,51.19440729003863
2021-09-29,882932221,Arbitrum,-1025157.0,-0.11597357808353914,200849860.0,29.446570016197793
2021-09-30,915418690,Arbitrum,32486469.0,3.67938424120553,198151811.0,27.625953017133533
2021-10-01,965690309,Arbitrum,50271619.0,5.49165311448907,232820867.0,31.768396068559234
2021-10-02,992719870,Arbitrum,27029561.0,2.7989885316328733,181188368.0,22.326720226320916
2021-10-03,1047522811,Arbitrum,54802941.0,5.520483940751575,184271241.0,21.346180812622208
2021-10-04,1049094002,Arbitrum,1571191.0,0.14999110124389592,147926503.0,16.414984247007336
2021-10-05,1135604638,Arbitrum,86510636.0,8.246223487606974,251647260.0,28.46825721047379
2021-10-06,1154092106,Arbitrum,18487468.0,1.627984545093053,271159885.0,30.711291144510167
2021-10-07,1202990695,Arbitrum,48898589.0,4.2369745660490565,287572005.0,31.41425974162708
2021-10-08,1205895659,Arbitrum,2904964.0,0.24147850952414007,240205350.0,24.873952628637184
2021-10-09,1204610924,Arbitrum,-1284735.0,-0.10653782443046378,211891054.0,21.34449610643938
2021-10-10,1395349583,Arbitrum,190738659.0,15.83404692750403,347826772.0,33.204696675574354
2021-10-11,1380811259,Arbitrum,-14538324.0,-1.0419126631150522,331717257.0,31.619402681514906
2021-10-12,1455980881,Arbitrum,75169622.0,5.44387377420712,320376243.0,28.211952670802674
2021-10-13,1524632751,Arbitrum,68651870.0,4.715162877197154,370540645.0,32.10667875411324
2021-10-14,1587198134,Arbitrum,62565383.0,4.103636299230984,384207439.0,31.937690008483386
2021-10-15,1629868586,Arbitrum,42670452.0,2.688413694921854,423972927.0,35.158342584265
2021-10-16,1633332447,Arbitrum,3463861.0,0.21252394393960206,428721523.0,35.59004110442552
2021-10-17,1659748840,Arbitrum,26416393.0,1.6173310613231129,264399257.0,18.948603290620692
2021-10-18,1676633346,Arbitrum,16884506.0,1.0172928332939923,295822087.0,21.423788738095737
2021-10-19,1713321687,Arbitrum,36688341.0,2.1882149181589705,257340806.0,17.67473799678281
2021-10-20,1759395962,Arbitrum,46074275.0,2.6891782990662527,234763211.0,15.398017053353975
2021-10-21,1836076516,Arbitrum,76680554.0,4.3583454581101355,248878382.0,15.680360042560393
2021-10-22,1807474334,Arbitrum,-28602182.0,-1.557788128694737,177605748.0,10.896936693275228
2021-10-23,1777470479,Arbitrum,-30003855.0,-1.6599878867214923,144138032.0,8.82478225818286
2021-10-24,1848635282,Arbitrum,71164803.0,4.003712232680079,188886442.0,11.380423197042266
2021-10-25,1868999517,Arbitrum,20364235.0,1.101582080483099,192366171.0,11.47335948309356
2021-10-26,1906541596,Arbitrum,37542079.0,2.0086724827120372,193219909.0,11.277503253829991
2021-10-27,2188325276,Arbitrum,281783680.0,14.779833841086564,428929314.0,24.379350826315015
2021-10-28,2175788089,Arbitrum,-12537187.0,-0.5729124064643876,339711573.0,18.50203790744416
2021-10-29,2301829099,Arbitrum,126041010.0,5.792889971096815,494354765.0,27.350582838206993
2021-10-30,2319507336,Arbitrum,17678237.0,0.7680082334383664,542036857.0,30.4948444097338
2021-10-31,2300267075,Arbitrum,-19240261.0,-0.829497742963814,451631793.0,24.43055141257442
2021-11-01,2416302863,Arbitrum,116035788.0,5.044448501702781,547303346.0,29.283225652112343
2021-11-02,2492208097,Arbitrum,75905234.0,3.141379135964706,585666501.0,30.718789573159675
2021-11-03,2578805599,Arbitrum,86597502.0,3.47472998359335,390480323.0,17.843797139415752
2021-11-04,2586001410,Arbitrum,7195811.0,0.2790365820048768,410213321.0,18.853551183311023
2021-11-05,2567412795,Arbitrum,-18588615.0,-0.7188168934525008,265583696.0,11.537941548978559
2021-11-06,2555828592,Arbitrum,-11584203.0,-0.45120142045564915,236321256.0,10.18842459914513
2021-11-07,2486623383,Arbitrum,-69205209.0,-2.70774062144149,186356308.0,8.10150743039262
2021-11-08,2563375985,Arbitrum,76752602.0,3.086619490700726,147073122.0,6.086700647177934
2021-11-09,2636667459,Arbitrum,73291474.0,2.859177679313407,144459362.0,5.796440601163821
2021-11-10,2600002548,Arbitrum,-36664911.0,-1.390577749000843,21196949.0,0.8219676973021839
2021-11-11,2534653651,Arbitrum,-65348897.0,-2.5134166522363,-51347759.0,-1.9856044471375567
2021-11-12,2586645839,Arbitrum,51992188.0,2.051254141941139,19233044.0,0.749121607458525
2021-11-13,2548438116,Arbitrum,-38207723.0,-1.4771145869266422,-7390476.0,-0.28916164499970254
2021-11-14,2521884495,Arbitrum,-26553621.0,-1.041956672727773,35261112.0,1.4180318676750847
2021-11-15,2547013753,Arbitrum,25129258.0,0.9964476188272009,-16362232.0,-0.6383079226670696
2021-11-16,2468498433,Arbitrum,-78515320.0,-3.082642168991856,-168169026.0,-6.378090093461419
2021-11-17,2320974219,Arbitrum,-147524214.0,-5.976273350139893,-279028329.0,-10.731848290480983
2021-11-18,2334711769,Arbitrum,13737550.0,0.5918872294031319,-199941882.0,-7.8883314854917845
2021-11-19,2213452527,Arbitrum,-121259242.0,-5.193756403255623,-373193312.0,-14.427692665659897
2021-11-20,2268658133,Arbitrum,55205606.0,2.4940948733525703,-279779983.0,-10.978488402109587
2021-11-21,2304586925,Arbitrum,35928792.0,1.5837023426922725,-217297570.0,-8.616475910408417
2021-11-22,2285744255,Arbitrum,-18842670.0,-0.8176159378323278,-261269498.0,-10.257875431267838
2021-11-23,2171313270,Arbitrum,-114430985.0,-5.00628995346638,-297185163.0,-12.039106811942624
2021-11-24,2225584102,Arbitrum,54270832.0,2.4994473505888903,-95390117.0,-4.109917129587903
2021-11-25,2220835559,Arbitrum,-4748543.0,-0.21336165170000587,-113876210.0,-4.877527560876405
2021-11-26,2247688193,Arbitrum,26852634.0,1.2091230208908899,34235666.0,1.546708844322997
2021-11-27,2027570318,Arbitrum,-220117875.0,-9.793078759123064,-241087815.0,-10.626890472968409
2021-11-28,2007780603,Arbitrum,-19789715.0,-0.9760310073744116,-296806322.0,-12.878938033548026
2021-11-29,1924680733,Arbitrum,-83099870.0,-4.138891962390378,-361063522.0,-15.796321973037175
2021-11-30,1947386932,Arbitrum,22706199.0,1.1797384683436718,-223926338.0,-10.31294475531852
2021-12-01,1980965797,Arbitrum,33578865.0,1.724303704016017,-244618305.0,-10.991195739589266
2021-12-02,1930463897,Arbitrum,-50501900.0,-2.5493574940304686,-290371662.0,-13.074883497036083
2021-12-03,1909851817,Arbitrum,-20612080.0,-1.0677267796632584,-337836376.0,-15.030393319328173
2021-12-04,1766261750,Arbitrum,-143590067.0,-7.518387851972285,-261308568.0,-12.887768462588035
2021-12-05,1722999531,Arbitrum,-43262219.0,-2.4493662391771753,-284781072.0,-14.183874053493884
2021-12-06,1766115339,Arbitrum,43115808.0,2.502369108305924,-158565394.0,-8.238529709436227
2021-12-07,1815388273,Arbitrum,49272934.0,2.7899046518614634,-131998659.0,-6.778245084783185
2021-12-08,1823088289,Arbitrum,7700016.0,0.4241525691512482,-157877508.0,-7.969724072929063
2021-12-09,1897478264,Arbitrum,74389975.0,4.080437324338493,-32985633.0,-1.7086894528957841
2021-12-10,1807977527,Arbitrum,-89500737.0,-4.7168254149761335,-101874290.0,-5.334146298325093
2021-12-11,1758522967,Arbitrum,-49454560.0,-2.7353525838377357,-7738783.0,-0.4381447427030616
2021-12-12,1806802927,Arbitrum,48279960.0,2.745483619265121,83803396.0,4.8638084046001895
2021-12-13,1822664949,Arbitrum,15862022.0,0.877905485040209,56549610.0,3.201920551350801
2021-12-14,1724286419,Arbitrum,-98378530.0,-5.397510390155635,-91101854.0,-5.018312355265497
2021-12-15,1661504549,Arbitrum,-62781870.0,-3.641034883079941,-161583740.0,-8.863187865061207
2021-12-16,1729795976,Arbitrum,68291427.0,4.110216071397588,-167682288.0,-8.83711245505998
2021-12-17,1703217333,Arbitrum,-26578643.0,-1.536518951874355,-104760194.0,-5.794330539817604
2021-12-18,1676933047,Arbitrum,-26284286.0,-1.5432138630073422,-81589920.0,-4.639684640524799
2021-12-19,1706430082,Arbitrum,29497035.0,1.7589870420151588,-100372845.0,-5.555273544229767
2021-12-20,1699556211,Arbitrum,-6873871.0,-0.40282171959507007,-123108738.0,-6.754326299386138
2021-12-21,1733584489,Arbitrum,34028278.0,2.00218608715379,9298070.0,0.5392416188832794
2021-12-22,1776588353,Arbitrum,43003864.0,2.480632716367137,115083804.0,6.92648142728618
2021-12-23,1778253612,Arbitrum,1665259.0,0.09373353130386342,48457636.0,2.8013497934047615
2021-12-24,1837708685,Arbitrum,59455073.0,3.3434529584973616,134491352.0,7.896311844308834
2021-12-25,1835081329,Arbitrum,-2627356.0,-0.14296912353113367,158148282.0,9.430804782750513
2021-12-26,1845341589,Arbitrum,10260260.0,0.5591174536984322,138911507.0,8.140474577029867
2021-12-27,1847538483,Arbitrum,2196894.0,0.11905080409477797,147982272.0,8.707112541628081
2021-12-28,1861719957,Arbitrum,14181474.0,0.7675874754701884,128135468.0,7.39135985658903
2021-12-29,1791997465,Arbitrum,-69722492.0,-3.7450579899434344,15409112.0,0.8673428469785804
2021-12-30,1751614415,Arbitrum,-40383050.0,-2.2535216030565075,-26639197.0,-1.4980538670206323
2021-12-31,1775161249,Arbitrum,23546834.0,1.3442932301970023,-62547436.0,-3.4035555532023865
2022-01-01,1686459388,Arbitrum,-88701861.0,-4.996834008739681,-148621941.0,-8.098929385379849
2022-01-02,1716748310,Arbitrum,30288922.0,1.7960066050520362,-128593279.0,-6.968535243910335
2022-01-03,1771489040,Arbitrum,54740730.0,3.188628739643251,-76049443.0,-4.116257588124084
2022-01-04,1787135388,Arbitrum,15646348.0,0.8832314311128853,-74584569.0,-4.00621848197763
2022-01-05,1926674872,Arbitrum,139539484.0,7.80799736477491,134677407.0,7.515490932907087
2022-01-06,1848309040,Arbitrum,-78365832.0,-4.067413404247688,96694625.0,5.520314526527814
2022-01-07,1822120115,Arbitrum,-26188925.0,-1.4169126717034297,46958866.0,2.645329601829305
2022-01-08,1756599372,Arbitrum,-65520743.0,-3.595852022082524,70139984.0,4.159008185971214
2022-01-09,1713764663,Arbitrum,-42834709.0,-2.438501896492762,-2983647.0,-0.1737964139891912
2022-01-10,1735916148,Arbitrum,22151485.0,1.2925628283887658,-35572892.0,-2.0080785822982006
2022-01-11,1702979874,Arbitrum,-32936274.0,-1.8973424515894344,-84155514.0,-4.708961311217685
2022-01-12,1762377223,Arbitrum,59397349.0,3.4878479720659383,-164297649.0,-8.527523319461238
2022-01-13,1793909156,Arbitrum,31531933.0,1.7891704788560947,-54399884.0,-2.9432244728944235
2022-01-14,1821049638,Arbitrum,27140482.0,1.512923991118753,-1070477.0,-0.05874898099129666
2022-01-15,1865775174,Arbitrum,44725536.0,2.4560305807545424,109175802.0,6.215179382405012
2022-01-16,1902246286,Arbitrum,36471112.0,1.9547431281235372,188481623.0,10.998104177854673
2022-01-17,1841479403,Arbitrum,-60766883.0,-3.194480307162495,105563255.0,6.081126390904457
2022-01-18,1759393005,Arbitrum,-82086398.0,-4.457633241309733,56413131.0,3.312612900556222
2022-01-19,1739776716,Arbitrum,-19616289.0,-1.114946401642647,-22600507.0,-1.2823876015333635
2022-01-20,1724450476,Arbitrum,-15326240.0,-0.8809314355716413,-69458680.0,-3.871917358116206
2022-01-21,1664610104,Arbitrum,-59840372.0,-3.4701125276038414,-156439534.0,-8.590624370448928
2022-01-22,1429100338,Arbitrum,-235509766.0,-14.148043763165818,-436674836.0,-23.404472419033272
2022-01-23,1267566172,Arbitrum,-161534166.0,-11.303206759160389,-634680114.0,-33.36477083283421
2022-01-24,1351794990,Arbitrum,84228818.0,6.644924727448465,-489684413.0,-26.59190280392183
2022-01-25,1315399656,Arbitrum,-36395334.0,-2.69237083057986,-443993349.0,-25.235598171540985
2022-01-26,1369916973,Arbitrum,54517317.0,4.144543960561897,-369859743.0,-21.259035116320067
2022-01-27,1389779624,Arbitrum,19862651.0,1.4499164103721096,-334670852.0,-19.407391320178448
2022-01-28,1417245006,Arbitrum,27465382.0,1.9762400833702287,-247365098.0,-14.860242491955944
2022-01-29,1404874218,Arbitrum,-12370788.0,-0.8728757517315278,-24226120.0,-1.69520077462888
2022-01-30,1439333435,Arbitrum,34459217.0,2.452832898382651,171767263.0,13.550950379890692
2022-01-31,1488837253,Arbitrum,49503818.0,3.4393571910597664,137042263.0,10.137799297510352
2022-02-01,1580196516,Arbitrum,91359263.0,6.136282714306862,264796860.0,20.130525258401
2022-02-02,1626140777,Arbitrum,45944261.0,2.9075029931277196,256223804.0,18.703600951734465
2022-02-03,1595859186,Arbitrum,-30281591.0,-1.862175245114095,206079562.0,14.828218693181828
2022-02-04,1589446697,Arbitrum,-6412489.0,-0.4018204774114742,172201691.0,12.150453187061716
2022-02-05,1717669076,Arbitrum,128222379.0,8.067107833311638,312794858.0,22.264972478838672
2022-02-06,1754978858,Arbitrum,37309782.0,2.1721169997939604,315645423.0,21.92997225830442
2022-02-07,1769874653,Arbitrum,14895795.0,0.8487734728027219,281037400.0,18.876300914267887
2022-02-08,1576954653,Arbitrum,-192920000.0,-10.9002069538085,-3241863.0,-0.20515568583876487
2022-02-09,1570529915,Arbitrum,-6424738.0,-0.4074142517527468,-55610862.0,-3.419806131581926
2022-02-10,1670692448,Arbitrum,100162533.0,6.377626560523053,74833262.0,4.689214603424285
2022-02-11,1638361468,Arbitrum,-32330980.0,-1.9351844224054338,48914771.0,3.077471619043548
2022-02-12,1584852258,Arbitrum,-53509210.0,-3.26601980363469,-132816818.0,-7.732386864022467
2022-02-13,1575276002,Arbitrum,-9576256.0,-0.6042365117417736,-179702856.0,-10.23960232801847
2022-02-14,1569675768,Arbitrum,-5600234.0,-0.3555081136822902,-200198885.0,-11.311472519291454
2022-02-15,1585327913,Arbitrum,15652145.0,0.9971578410707727,8373260.0,0.5309765873147132
2022-02-16,1654031134,Arbitrum,68703221.0,4.333691499192072,83501219.0,5.316754440809235
2022-02-17,1637422629,Arbitrum,-16608505.0,-1.0041228764439913,-33269819.0,-1.9913790260934983
2022-02-18,1567955018,Arbitrum,-69467611.0,-4.242497310692784,-70406450.0,-4.297369742584789
2022-02-19,1544138212,Arbitrum,-23816806.0,-1.5189725296060774,-40714046.0,-2.5689489852750658
2022-02-20,1544248129,Arbitrum,109917.0,0.007118339481904101,-31027873.0,-1.9696785173269005
2022-02-21,1505734137,Arbitrum,-38513992.0,-2.494028730016351,-63941631.0,-4.073556609813189
2022-02-22,1482077277,Arbitrum,-23656860.0,-1.5711179961114263,-103250636.0,-6.512888289755359
2022-02-23,1487902652,Arbitrum,5825375.0,0.39305474082913516,-166128482.0,-10.043854591675416
2022-02-24,1526299680,Arbitrum,38397028.0,2.580614259164582,-111122949.0,-6.786454946446208
2022-02-25,1512824206,Arbitrum,-13475474.0,-0.882885201155259,-55130812.0,-3.5160965312845516
2022-02-26,1525065230,Arbitrum,12241024.0,0.8091504585563181,-19072982.0,-1.2351861932939467
2022-02-27,1525783110,Arbitrum,717880.0,0.04707208491010473,-18465019.0,-1.195728759727055
2022-02-28,1547917689,Arbitrum,22134579.0,1.4507028459634697,42183552.0,2.8015272393336232
2022-03-01,1629159012,Arbitrum,81241323.0,5.248426552479302,147081735.0,9.924026046585155
2022-03-02,1668986739,Arbitrum,39827727.0,2.4446801513319683,181084087.0,12.170425716802868
2022-03-03,1673891965,Arbitrum,4905226.0,0.29390443227481633,147592285.0,9.669941423299
2022-03-04,1551200805,Arbitrum,-122691160.0,-7.329694064216385,38376599.0,2.536752046126378
2022-03-05,1480879134,Arbitrum,-70321671.0,-4.533369939812526,-44186096.0,-2.8973249885186902
2022-03-06,1476365386,Arbitrum,-4513748.0,-0.3048019177505634,-49417724.0,-3.2388432979835513
2022-03-07,1423756232,Arbitrum,-52609154.0,-3.5634236957110543,-124161457.0,-8.02119246277313
2022-03-08,1403763668,Arbitrum,-19992564.0,-1.4042125716925424,-225395344.0,-13.835073331687775
2022-03-09,1435827720,Arbitrum,32064052.0,2.284148872842895,-233159019.0,-13.970094162623536
2022-03-10,1461317761,Arbitrum,25490041.0,1.775285477842714,-212574204.0,-12.699398076147638
2022-03-11,1429517325,Arbitrum,-31800436.0,-2.176147915853599,-121683480.0,-7.844469884735528
2022-03-12,1419590388,Arbitrum,-9926937.0,-0.6944257915866836,-61288746.0,-4.138673075530008
2022-03-13,1427607737,Arbitrum,8017349.0,0.5647649538748523,-48757649.0,-3.3025462031524455
2022-03-14,1414371015,Arbitrum,-13236722.0,-0.9271960116870703,-9385217.0,-0.6591870707260195
2022-03-15,1431298738,Arbitrum,16927723.0,1.1968375214476579,27535070.0,1.9615174995396778
2022-03-16,1450820292,Arbitrum,19521554.0,1.3639049264640546,14992572.0,1.0441762469943106
2022-03-17,1531313761,Arbitrum,80493469.0,5.548135040835223,69996000.0,4.789923305393939
2022-03-18,1535042888,Arbitrum,3729127.0,0.24352468416171114,105525563.0,7.381901649915301
2022-03-19,1573754747,Arbitrum,38711859.0,2.5218747503815697,154164359.0,10.859777602269883
2022-03-20,1568878983,Arbitrum,-4875764.0,-0.3098172704034452,141271246.0,9.895662676700656
2022-03-21,1527707851,Arbitrum,-41171132.0,-2.6242388639353686,113336836.0,8.013232369584443
2022-03-22,1660374166,Arbitrum,132666315.0,8.684010814840025,229075428.0,16.004725073683403
2022-03-23,1707899817,Arbitrum,47525651.0,2.862345847893666,257079525.0,17.719598107192724
2022-03-24,1757674391,Arbitrum,49774574.0,2.9143731678261453,226360630.0,14.782119495365787
2022-03-25,1811720262,Arbitrum,54045871.0,3.0748511372036047,276677374.0,18.024081031408933
2022-03-26,1868741399,Arbitrum,57021137.0,3.147347755389851,294986652.0,18.74413103835422
2022-03-27,1718170144,Arbitrum,-150571255.0,-8.05736176661862,149291161.0,9.515785641702369
2022-03-28,1772871887,Arbitrum,54701743.0,3.1837209598259752,245164036.0,16.04783505167704
2022-03-29,1783266466,Arbitrum,10394579.0,0.5863130368426894,122892300.0,7.401482299381912
2022-03-30,1794314791,Arbitrum,11048325.0,0.619555473657396,86414974.0,5.05972148599394
2022-03-31,1753403144,Arbitrum,-40911647.0,-2.280070766022013,-4271247.0,-0.2430055886272542
2022-04-01,1730188409,Arbitrum,-23214735.0,-1.3239815999782412,-81531853.0,-4.500245137734183
2022-04-02,1774268086,Arbitrum,44079677.0,2.5476807479872576,-94473313.0,-5.055451388327703
2022-04-03,1773724791,Arbitrum,-543295.0,-0.030620795373981213,55554647.0,3.2333612124504585
2022-04-04,1782741538,Arbitrum,9016747.0,0.5083509598417635,9869651.0,0.5567041291799857
2022-04-05,1787851969,Arbitrum,5110431.0,0.28666135225261513,4585503.0,0.25714065101474226
2022-04-06,1766124830,Arbitrum,-21727139.0,-1.2152649870756704,-28189961.0,-1.5710710930655236
2022-04-07,1718962318,Arbitrum,-47162512.0,-2.670395161139316,-34440826.0,-1.9642274577785335
2022-04-08,1719475650,Arbitrum,513332.0,0.029862900112731516,-10712759.0,-0.6191671926753739
2022-04-09,1754600041,Arbitrum,35124391.0,2.042738494145002,-19668045.0,-1.1085159652699739
2022-04-10,1766605976,Arbitrum,12005935.0,0.6842547999233783,-7118815.0,-0.401348339726737
2022-04-11,1752297587,Arbitrum,-14308389.0,-0.8099366352420811,-30443951.0,-1.707704137199495
2022-04-12,1686851877,Arbitrum,-65445710.0,-3.7348513452013288,-101000092.0,-5.6492424289742775
2022-04-13,1699689607,Arbitrum,12837730.0,0.7610466677626437,-66435223.0,-3.7616380151339612
2022-04-14,1731894793,Arbitrum,32205186.0,1.8947686605463865,12932475.0,0.7523419719314584
2022-04-15,1707020830,Arbitrum,-24873963.0,-1.4362282917262603,-12454820.0,-0.7243382597479697
2022-04-16,1717587801,Arbitrum,10566971.0,0.6190299974254021,-37012240.0,-2.1094402789883393
2022-04-17,1721573496,Arbitrum,3985695.0,0.23205189264150494,-45032480.0,-2.549095871506324
2022-04-18,1708633778,Arbitrum,-12939718.0,-0.7516215851408492,-43663809.0,-2.491803294368178
2022-04-19,1715765484,Arbitrum,7131706.0,0.41739231026720613,28913607.0,1.7140572562554635
2022-04-20,1674132955,Arbitrum,-41632529.0,-2.426469665477893,-25556652.0,-1.5036070053465966
2022-04-21,1662961343,Arbitrum,-11171612.0,-0.6673073346196712,-68933450.0,-3.9802331110767475
2022-04-22,1632217440,Arbitrum,-30743903.0,-1.8487442975997026,-74803390.0,-4.382101769666158
2022-04-23,1622036592,Arbitrum,-10180848.0,-0.6237433659574187,-95551209.0,-5.563104776615724
2022-04-24,1619971789,Arbitrum,-2064803.0,-0.12729694324923324,-101601707.0,-5.901676997006932
2022-04-25,1607068788,Arbitrum,-12903001.0,-0.7964954135383451,-101564990.0,-5.944222296651802
2022-04-26,1613576740,Arbitrum,6507952.0,0.40495789903922663,-102188744.0,-5.95586896653063
2022-04-27,1556065006,Arbitrum,-57511734.0,-3.5642391572897836,-118067949.0,-7.0524834152135725
2022-04-28,1550055651,Arbitrum,-6009355.0,-0.38618920011880276,-112905692.0,-6.789435754189988
2022-04-29,1557446744,Arbitrum,7391093.0,0.4768275897211627,-74770696.0,-4.5809274038880465
2022-04-30,1464033631,Arbitrum,-93413113.0,-5.997836738872142,-158002961.0,-9.74102321607797
2022-05-01,1419577752,Arbitrum,-44455879.0,-3.0365340015881093,-200394037.0,-12.37021770136517
2022-05-02,1435036465,Arbitrum,15458713.0,1.0889655729121372,-172032323.0,-10.704726784849983
2022-05-03,1442654898,Arbitrum,7618433.0,0.5308877638869003,-170921842.0,-10.592730904140325
2022-05-04,1433362020,Arbitrum,-9292878.0,-0.6441511419593815,-122702986.0,-7.8854665792799095
2022-05-05,1471457467,Arbitrum,38095447.0,2.6577686912619525,-78598184.0,-5.070668524016753
2022-05-06,1423372799,Arbitrum,-48084668.0,-3.267825885449127,-134073945.0,-8.608573327885171
2022-05-07,1351830234,Arbitrum,-71542565.0,-5.026270352381523,-112203397.0,-7.663990404602938
2022-05-08,1343247796,Arbitrum,-8582438.0,-0.6348754291879533,-76329956.0,-5.376947891192363
2022-05-09,1329101703,Arbitrum,-14146093.0,-1.0531260905191964,-105934762.0,-7.382025794027469
2022-05-10,1247953366,Arbitrum,-81148337.0,-6.105502447016276,-194701532.0,-13.496057322504583
2022-05-11,1269801774,Arbitrum,21848408.0,1.7507391377956427,-163560246.0,-11.410951575234286
2022-05-12,1179437076,Arbitrum,-90364698.0,-7.116441309996158,-292020391.0,-19.845656265917743
2022-05-13,1083688227,Arbitrum,-95748849.0,-8.118182050434374,-339684572.0,-23.864764890733316
2022-05-14,1085420861,Arbitrum,1732634.0,0.15988306939500596,-266409373.0,-19.70730986032969
2022-05-15,1084794597,Arbitrum,-626264.0,-0.057697803912026835,-258453199.0,-19.24091740702175
2022-05-16,1093197893,Arbitrum,8403296.0,0.7746439762181145,-235903810.0,-17.749116524907503
2022-05-17,1086300984,Arbitrum,-6896909.0,-0.6308930015473391,-161652382.0,-12.95339925386283
2022-05-18,1069945910,Arbitrum,-16355074.0,-1.505574812219812,-199855864.0,-15.739138824041365
2022-05-19,1026145984,Arbitrum,-43799926.0,-4.093657968186449,-153291092.0,-12.996970768451577
2022-05-20,1041699282,Arbitrum,15553298.0,1.5157003235906075,-41988945.0,-3.8746333081645656
2022-05-21,1038589011,Arbitrum,-3110271.0,-0.29857666734957045,-46831850.0,-4.314625937523786
2022-05-22,1046136494,Arbitrum,7547483.0,0.7267054551956864,-38658103.0,-3.5636334387089463
2022-05-23,1009116048,Arbitrum,-37020446.0,-3.538777799295467,-84081845.0,-7.6913654461278735
2022-05-24,1009655796,Arbitrum,539748.0,0.05348720804407847,-76645188.0,-7.055612498644304
2022-05-25,1010180743,Arbitrum,524947.0,0.051992669390865665,-59765167.0,-5.585811996795242
2022-05-26,1012103992,Arbitrum,1923249.0,0.19038662272341522,-14041992.0,-1.3684204995144222
2022-05-27,986886755,Arbitrum,-25217237.0,-2.491565807399765,-54812527.0,-5.261837840068706
2022-05-28,979520077,Arbitrum,-7366678.0,-0.7464562638699102,-59068934.0,-5.687421431806383
2022-05-29,991960448,Arbitrum,12440371.0,1.2700475765745844,-54176046.0,-5.178678529113623
2022-05-30,995970480,Arbitrum,4010032.0,0.40425321474106823,-13145568.0,-1.3026814929812724
2022-05-31,1032741579,Arbitrum,36771099.0,3.6919868347905282,23085783.0,2.2865003193623057
2022-06-01,1016825921,Arbitrum,-15915658.0,-1.541107506818029,6645178.0,0.6578206965483613
2022-06-02,987590815,Arbitrum,-29235106.0,-2.875133825389564,-24513177.0,-2.422001809474139
2022-06-03,1006543828,Arbitrum,18953013.0,1.9191159650467249,19657073.0,1.9918266103388982
2022-06-04,983668126,Arbitrum,-22875702.0,-2.272698054833233,4148049.0,0.42347769049353445
2022-06-05,985219834,Arbitrum,1551708.0,0.15774710585672036,-6740614.0,-0.6795244723305727
2022-06-06,988253092,Arbitrum,3033258.0,0.30787626226371767,-7717388.0,-0.7748611183737042
2022-06-07,988477400,Arbitrum,224308.0,0.022697424558115742,-44264179.0,-4.2860847185857365
2022-06-08,988354173,Arbitrum,-123227.0,-0.01246634470347674,-28471748.0,-2.80006119159506
2022-06-09,980065799,Arbitrum,-8288374.0,-0.8386036328295043,-7525016.0,-0.7619568636834662
2022-06-10,974231413,Arbitrum,-5834386.0,-0.5953055402966867,-32312415.0,-3.210234279038271
2022-06-11,952218018,Arbitrum,-22013395.0,-2.2595653051478815,-31450108.0,-3.197227516956258
2022-06-12,913642455,Arbitrum,-38575563.0,-4.0511271862952665,-71577379.0,-7.265117543299482
2022-06-13,882931122,Arbitrum,-30711333.0,-3.3614170217166617,-105321970.0,-10.657388360592146
2022-06-14,805311270,Arbitrum,-77619852.0,-8.791155965164855,-183166130.0,-18.53012825584075
2022-06-15,795899653,Arbitrum,-9411617.0,-1.1686930694512654,-192454520.0,-19.472222130234286
2022-06-16,752197470,Arbitrum,-43702183.0,-5.490916202221285,-227868329.0,-23.250309237655586
2022-06-17,719817445,Arbitrum,-32380025.0,-4.304723997542825,-254413968.0,-26.114326083632456
2022-06-18,716973448,Arbitrum,-2843997.0,-0.3950997603288098,-235244570.0,-24.704906392561032
2022-06-19,668110694,Arbitrum,-48862754.0,-6.815141360716048,-245531761.0,-26.873943921531097
2022-06-20,689566917,Arbitrum,21456223.0,3.2114772585873252,-193364205.0,-21.90025928205983
2022-06-21,697045892,Arbitrum,7478975.0,1.0845901703837146,-108265378.0,-13.44391690929645
2022-06-22,698413969,Arbitrum,1368077.0,0.19626785204553965,-97485684.0,-12.24848932055006
2022-06-23,674442229,Arbitrum,-23971740.0,-3.4323110739499008,-77755241.0,-10.337078240903953
2022-06-24,696730007,Arbitrum,22287778.0,3.304623738203083,-23087438.0,-3.2074018433937757
2022-06-25,702812935,Arbitrum,6082928.0,0.8730681812014973,-14160513.0,-1.9750400854454009
2022-06-26,697179990,Arbitrum,-5632945.0,-0.8014856755588884,29069296.0,4.350970020545719
2022-06-27,690595428,Arbitrum,-6584562.0,-0.9444565384040926,1028511.0,0.14915318218493567
2022-06-28,683572377,Arbitrum,-7023051.0,-1.0169559072146117,-13473515.0,-1.9329451840453538
2022-06-29,679319467,Arbitrum,-4252910.0,-0.6221594293591481,-19094502.0,-2.7339805398422623
2022-06-30,676475033,Arbitrum,-2844434.0,-0.4187181640122217,2032804.0,0.3014052075318574
2022-07-01,673148033,Arbitrum,-3327000.0,-0.49181415982871846,-23581974.0,-3.3846646137059566
2022-07-02,670943308,Arbitrum,-2204725.0,-0.32752454020763544,-31869627.0,-4.534581737599918
2022-07-03,682461163,Arbitrum,11517855.0,1.7166659034625997,-14718827.0,-2.1111947002380282
2022-07-04,568441679,Arbitrum,-114019484.0,-16.707102203264856,-122153749.0,-17.688178063061255
2022-07-05,574231803,Arbitrum,5790124.0,1.0185959640021336,-109340574.0,-15.995464076512855
2022-07-06,574845745,Arbitrum,613942.0,0.10691536010241087,-104473722.0,-15.379173875492658
2022-07-07,583266636,Arbitrum,8420891.0,1.4648957695598819,-93208397.0,-13.778542067789811
2022-07-08,610128741,Arbitrum,26862105.0,4.605458865985956,-63019292.0,-9.361877166771727
2022-07-09,599598947,Arbitrum,-10529794.0,-1.7258314995523216,-71344361.0,-10.633441029864176
2022-07-10,614077983,Arbitrum,14479036.0,2.4147867624590758,-68383180.0,-10.020083736252106
2022-07-11,595517631,Arbitrum,-18560352.0,-3.022474753015203,27075952.0,4.763189083466202
2022-07-12,568477008,Arbitrum,-27040623.0,-4.540692263735846,-5754795.0,-1.0021728106898276
2022-07-13,562821927,Arbitrum,-5655081.0,-0.9947774352203842,-12023818.0,-2.0916599113036782
2022-07-14,580661478,Arbitrum,17839551.0,3.1696616894600904,-2605158.0,-0.44664958343340055
2022-07-15,590811594,Arbitrum,10150116.0,1.7480264120431244,-19317147.0,-3.166077206646456
2022-07-16,596906764,Arbitrum,6095170.0,1.0316605262827627,-2692183.0,-0.44899728618102985
2022-07-17,621605522,Arbitrum,24698758.0,4.137791609947317,7527539.0,1.2258278603680228
2022-07-18,610613009,Arbitrum,-10992513.0,-1.7684065876107158,15095378.0,2.5348330954789056
2022-07-19,657936720,Arbitrum,47323711.0,7.750196982783253,89459712.0,15.736733542616733
2022-07-20,639290572,Arbitrum,-18646148.0,-2.8340336438434366,76468645.0,13.586649938746964
2022-07-21,636645108,Arbitrum,-2645464.0,-0.4138124533455523,55983630.0,9.641354234971299
2022-07-22,636114114,Arbitrum,-530994.0,-0.08340502319543752,45302520.0,7.667845462084832
2022-07-23,640084841,Arbitrum,3970727.0,0.6242161449667272,43178077.0,7.2336384179422675
2022-07-24,637712299,Arbitrum,-2372542.0,-0.3706605512315164,16106777.0,2.591157322440907
2022-07-25,662684305,Arbitrum,24972006.0,3.915873355298105,52071296.0,8.52770825916027
2022-07-26,668228389,Arbitrum,5544084.0,0.8366101261444436,10291669.0,1.5642338673542922
2022-07-27,773515863,Arbitrum,105287474.0,15.756210860415877,134225291.0,20.995975363766206
2022-07-28,728742032,Arbitrum,-44773831.0,-5.788353302329108,92096924.0,14.465975288700395
2022-07-29,739818219,Arbitrum,11076187.0,1.5199050574318917,103704105.0,16.302751773245518
2022-07-30,749516625,Arbitrum,9698406.0,1.3109174322726513,109431784.0,17.09644987515022
2022-07-31,758916035,Arbitrum,9399410.0,1.2540629102123058,121203736.0,19.00602139711909
2022-08-01,749627296,Arbitrum,-9288739.0,-1.2239481802489571,86942991.0,13.119820455080799
2022-08-02,749931646,Arbitrum,304350.0,0.04060017579723407,81703257.0,12.226846141970782
2022-08-03,753387856,Arbitrum,3456210.0,0.46087000307759585,-20128007.0,-2.602145342169926
2022-08-04,774066475,Arbitrum,20678619.0,2.7447507728343368,45324443.0,6.219545601837884
2022-08-05,784644976,Arbitrum,10578501.0,1.3666140236857638,44826757.0,6.059158297100553
2022-08-06,809561870,Arbitrum,24916894.0,3.175562803832954,60045245.0,8.011195882412881
2022-08-07,806972391,Arbitrum,-2589479.0,-0.3198617790632907,48056356.0,6.332236213720277
2022-08-08,840273412,Arbitrum,33301021.0,4.126661750934679,90646116.0,12.092157860804464
2022-08-09,839066439,Arbitrum,-1206973.0,-0.14364050828732378,89134793.0,11.885722315550872
2022-08-10,820007218,Arbitrum,-19059221.0,-2.2714793625537966,66619362.0,8.84263815370021
2022-08-11,879845792,Arbitrum,59838574.0,7.297322838931408,105779317.0,13.665404770307354
2022-08-12,897539803,Arbitrum,17694011.0,2.011035474725542,112894827.0,14.388013745467475
2022-08-13,931204179,Arbitrum,33664376.0,3.750739063323749,121642309.0,15.025696430094971
2022-08-14,918747441,Arbitrum,-12456738.0,-1.3377021152736868,111775050.0,13.851161606841146
2022-08-15,903777943,Arbitrum,-14969498.0,-1.6293376538504045,63504531.0,7.557603286393166
2022-08-16,900000724,Arbitrum,-3777219.0,-0.41793662140745536,60934285.0,7.262152574308844
2022-08-17,886599959,Arbitrum,-13400765.0,-1.4889726910930823,66592741.0,8.120994491050926
2022-08-18,884718100,Arbitrum,-1881859.0,-0.2122557057325558,4872308.0,0.5537684039977675
2022-08-19,882455520,Arbitrum,-2262580.0,-0.25574021826839655,-15084283.0,-1.680625522075041
2022-08-20,861303813,Arbitrum,-21151707.0,-2.3969148042725097,-69900366.0,-7.5064489159686225
2022-08-21,862484241,Arbitrum,1180428.0,0.13705129156325047,-56263200.0,-6.123902771229595
2022-08-22,885180859,Arbitrum,22696618.0,2.631540023697654,-18597084.0,-2.05770500862954
2022-08-23,882415063,Arbitrum,-2765796.0,-0.31245546849313355,-17585661.0,-1.9539607614804555
2022-08-24,883905597,Arbitrum,1490534.0,0.16891529423042062,-2694362.0,-0.3038982770807941
2022-08-25,901757155,Arbitrum,17851558.0,2.019622690543965,17039055.0,1.9259304178359082
2022-08-26,913603627,Arbitrum,11846472.0,1.3137097869769576,31148107.0,3.529708443548518
2022-08-27,884411839,Arbitrum,-29191788.0,-3.195235563573351,23108026.0,2.682912307042118
2022-08-28,877412875,Arbitrum,-6998964.0,-0.7913693249418374,14928634.0,1.7308877415187496
2022-08-29,864194323,Arbitrum,-13218552.0,-1.5065372730027504,-20986536.0,-2.370875486813928
2022-08-30,906904806,Arbitrum,42710483.0,4.942231378208217,24489743.0,2.775308811789845
2022-08-31,897029556,Arbitrum,-9875250.0,-1.0888959827609512,13123959.0,1.4847693061954992
2022-09-01,888688996,Arbitrum,-8340560.0,-0.9297976799328533,-13068159.0,-1.4491882795207744
2022-09-02,904581937,Arbitrum,15892941.0,1.788358027559056,-9021690.0,-0.987484039399511
2022-09-03,916138477,Arbitrum,11556540.0,1.2775559103387124,31726638.0,3.587314936429742
2022-09-04,915156412,Arbitrum,-982065.0,-0.10719613078754575,37743537.0,4.301684882387891
2022-09-05,917699455,Arbitrum,2543043.0,0.27788069521825776,53505132.0,6.191331113384324
2022-09-06,917169596,Arbitrum,-529859.0,-0.05773774813890853,10264790.0,1.1318486716675347
2022-09-07,882115204,Arbitrum,-35054392.0,-3.8220185397423445,-14914352.0,-1.6626377470220222
2022-09-08,889085293,Arbitrum,6970089.0,0.7901563161357705,396297.0,0.04459344065064208
2022-09-09,896313690,Arbitrum,7228397.0,0.8130150230704514,-8268247.0,-0.9140406923690336
2022-09-10,911231988,Arbitrum,14918298.0,1.6644059068204209,-4906489.0,-0.5355619399445843
2022-09-11,930573197,Arbitrum,19341209.0,2.1225340258796965,15416785.0,1.6846065653747466
2022-09-12,924610530,Arbitrum,-5962667.0,-0.6407520675668077,6911075.0,0.7530869678897156
2022-09-13,900064315,Arbitrum,-24546215.0,-2.654762649090747,-17105281.0,-1.865007417886544
2022-09-14,858841165,Arbitrum,-41223150.0,-4.580022706488485,-23274039.0,-2.6384353080484924
2022-09-15,849596127,Arbitrum,-9245038.0,-1.0764549228377995,-39489166.0,-4.441549794030841
2022-09-16,824975202,Arbitrum,-24620925.0,-2.8979563603872216,-71338488.0,-7.959098337547433
2022-09-17,865029445,Arbitrum,40054243.0,4.855205696231346,-46202543.0,-5.070338136549257
2022-09-18,893818950,Arbitrum,28789505.0,3.328153182115079,-36754247.0,-3.9496352483059938
2022-09-19,859081208,Arbitrum,-34737742.0,-3.8864405369789967,-65529322.0,-7.0872350977876035
2022-09-20,885925028,Arbitrum,26843820.0,3.124712745433489,-14139287.0,-1.5709196292267191
2022-09-21,866897627,Arbitrum,-19027401.0,-2.147743928507684,8056462.0,0.9380619290646042
2022-09-22,857675888,Arbitrum,-9221739.0,-1.0637633225405008,8079761.0,0.9510119859574173
2022-09-23,900724983,Arbitrum,43049095.0,5.019273084659681,75749781.0,9.182067632622015
2022-09-24,900003515,Arbitrum,-721468.0,-0.08009858876091291,34974070.0,4.043107457457706
2022-09-25,902133789,Arbitrum,2130274.0,0.2366961866810069,8314839.0,0.9302598697420672
2022-09-26,913201145,Arbitrum,11067356.0,1.2267976363315114,54119937.0,6.299746344818202
2022-09-27,934100686,Arbitrum,20899541.0,2.288602145806551,48175658.0,5.4378933292761555
2022-09-28,921286594,Arbitrum,-12814092.0,-1.371810575889032,54388967.0,6.273978069154418
2022-09-29,922393025,Arbitrum,1106431.0,0.12009628786588955,64717137.0,7.545640247729568
2022-09-30,916110867,Arbitrum,-6282158.0,-0.6810717156062629,15385884.0,1.7081666757765568
2022-10-01,911964978,Arbitrum,-4145889.0,-0.4525531951800277,11961463.0,1.3290462537804748
2022-10-02,908015043,Arbitrum,-3949935.0,-0.43312354040858647,5881254.0,0.6519270280874068
2022-10-03,900434827,Arbitrum,-7580216.0,-0.8348117201842475,-12766318.0,-1.3979743750759277
2022-10-04,910729327,Arbitrum,10294500.0,1.1432809672964783,-23371359.0,-2.5020171112474676
2022-10-05,925405252,Arbitrum,14675925.0,1.611447503106489,4118658.0,0.4470550235750048
2022-10-06,959490451,Arbitrum,34085199.0,3.6832726987808373,37097426.0,4.021867576459615
2022-10-07,936284633,Arbitrum,-23205818.0,-2.418556430219232,20173766.0,2.2021096710776122
2022-10-08,934443555,Arbitrum,-1841078.0,-0.19663657130640777,22478577.0,2.4648509035179123
2022-10-09,930574016,Arbitrum,-3869539.0,-0.4141008816739067,22558973.0,2.4844272321157934
2022-10-10,934032755,Arbitrum,3458739.0,0.3716780116929552,33597928.0,3.7313003665061517
2022-10-11,921271667,Arbitrum,-12761088.0,-1.3662355984507157,10542340.0,1.1575711561553792
2022-10-12,922399286,Arbitrum,1127619.0,0.12239809823653136,-3005966.0,-0.32482698725812
2022-10-13,908001550,Arbitrum,-14397736.0,-1.5609006011307769,-51488901.0,-5.366275500328033
2022-10-14,916065040,Arbitrum,8063490.0,0.8880480435303317,-20219593.0,-2.159556216918068
2022-10-15,917440481,Arbitrum,1375441.0,0.15014665334243116,-17003074.0,-1.8195934798865387
2022-10-16,922526194,Arbitrum,5085713.0,0.5543371047303847,-8047822.0,-0.8648234166899416
2022-10-17,932232691,Arbitrum,9706497.0,1.0521649209670025,-1800064.0,-0.1927195797325143
2022-10-18,942251988,Arbitrum,10019297.0,1.0747635324022342,20980321.0,2.2773218532075035
2022-10-19,937210893,Arbitrum,-5041095.0,-0.5350049736376872,14811607.0,1.6057695647435644
2022-10-20,920919754,Arbitrum,-16291139.0,-1.7382575385836874,12918204.0,1.4227072629997117
2022-10-21,903571648,Arbitrum,-17348106.0,-1.88378041893974,-12493392.0,-1.3638105870735995
2022-10-22,921711010,Arbitrum,18139362.0,2.0075178365932977,4270529.0,0.465482948315632
2022-10-23,917629988,Arbitrum,-4081022.0,-0.44276589470272354,-4896206.0,-0.5307389678303243
2022-10-24,937792014,Arbitrum,20162026.0,2.1971847328075667,5559323.0,0.5963449955865174
2022-10-25,937401025,Arbitrum,-390989.0,-0.041692506884583036,-4850963.0,-0.5148265073227964
2022-10-26,968202093,Arbitrum,30801068.0,3.285794145573928,30991200.0,3.306747737512694
2022-10-27,988753257,Arbitrum,20551164.0,2.122610986753992,67833503.0,7.3658429744140275
2022-10-28,983831481,Arbitrum,-4921776.0,-0.49777595827429355,80259833.0,8.882509004974892
2022-10-29,992844389,Arbitrum,9012908.0,0.9161028259472737,71133379.0,7.7175359986206615
2022-10-30,1022448576,Arbitrum,29604187.0,2.9817549787250597,104818588.0,11.422750931282778
2022-10-31,1007224354,Arbitrum,-15224222.0,-1.4889963522233929,69432340.0,7.403810116045628
2022-11-01,1010313199,Arbitrum,3088845.0,0.30666901447857775,72912174.0,7.778119722026111
2022-11-02,1019433927,Arbitrum,9120728.0,0.9027624313952876,51231834.0,5.291440120859159
2022-11-03,1012287400,Arbitrum,-7146527.0,-0.7010289544738701,23534143.0,2.380183613392628
2022-11-04,1026709459,Arbitrum,14422059.0,1.424700040719662,42877978.0,4.3582644820856276
2022-11-05,1066061980,Arbitrum,39352521.0,3.8328780021495756,73217591.0,7.374528356225629
2022-11-06,1071250183,Arbitrum,5188203.0,0.4866699213867509,48801607.0,4.773013347127986
2022-11-07,1055013925,Arbitrum,-16236258.0,-1.5156364272004952,47789571.0,4.744679853124367
2022-11-08,1054894910,Arbitrum,-119015.0,-0.011280893756926424,44581711.0,4.412662434196313
2022-11-09,938339082,Arbitrum,-116555828.0,-11.04904639268759,-81094845.0,-7.954889753242433
2022-11-10,847933997,Arbitrum,-90405085.0,-9.634585911876147,-164353403.0,-16.235843990550514
2022-11-11,887957708,Arbitrum,40023711.0,4.72014462701158,-138751751.0,-13.514217657558369
2022-11-12,892965987,Arbitrum,5008279.0,0.5640222450774557,-173095993.0,-16.236953971475465
2022-11-13,879966708,Arbitrum,-12999279.0,-1.4557417851571497,-191283475.0,-17.856097299728535
2022-11-14,861739785,Arbitrum,-18226923.0,-2.071319611786948,-193274140.0,-18.319581895565975
2022-11-15,882887481,Arbitrum,21147696.0,2.4540698210887335,-172007429.0,-16.30564593396322
2022-11-16,898181563,Arbitrum,15294082.0,1.7322798577545928,-40157519.0,-4.27963832801328
2022-11-17,909344488,Arbitrum,11162925.0,1.2428361324535508,61410491.0,7.242366884364948
2022-11-18,919200701,Arbitrum,9856213.0,1.0838810956755873,31242993.0,3.5185226411706516
2022-11-19,931146128,Arbitrum,11945427.0,1.299545027218163,38180141.0,4.275654566448783
2022-11-20,953714060,Arbitrum,22567932.0,2.4236724313587032,73747352.0,8.380697966132612
2022-11-21,937279253,Arbitrum,-16434807.0,-1.723242603763231,75539468.0,8.765925551412245
2022-11-22,925953076,Arbitrum,-11326177.0,-1.2084100830939914,43065595.0,4.877812397025028
2022-11-23,939077143,Arbitrum,13124067.0,1.4173576761248308,40895580.0,4.553152913026337
2022-11-24,957808346,Arbitrum,18731203.0,1.9946394329395378,48463858.0,5.329537775787352
2022-11-25,970378234,Arbitrum,12569888.0,1.3123594143331863,51177533.0,5.567612485970019
2022-11-26,954322804,Arbitrum,-16055430.0,-1.6545538056658482,23176676.0,2.489048206620481
2022-11-27,946784915,Arbitrum,-7537889.0,-0.789867848531467,-6929145.0,-0.7265432366594271
2022-11-28,939385127,Arbitrum,-7399788.0,-0.7815701203900183,2105874.0,0.2246794638054439
2022-11-29,923807947,Arbitrum,-15577180.0,-1.658231491246509,-2145129.0,-0.23166713903761682
2022-11-30,970737404,Arbitrum,46929457.0,5.080001438870507,31660261.0,3.3714228097233123
2022-12-01,975696284,Arbitrum,4958880.0,0.5108363991710441,17887938.0,1.8675905336076548
2022-12-02,985729125,Arbitrum,10032841.0,1.0282750036588295,15350891.0,1.5819492299123494
2022-12-03,1014054842,Arbitrum,28325717.0,2.873580203892212,59732038.0,6.259102030218289
2022-12-04,1012555758,Arbitrum,-1499084.0,-0.1478306633833859,65770843.0,6.946756539736376
2022-12-05,1032593100,Arbitrum,20037342.0,1.9788877641244929,93207973.0,9.922232141109898
2022-12-06,1015713710,Arbitrum,-16879390.0,-1.634660351691286,91905763.0,9.948578955015197
2022-12-07,1027656068,Arbitrum,11942358.0,1.1757602444885773,56918664.0,5.863446053017229
2022-12-08,1036420740,Arbitrum,8764672.0,0.8528798956111361,60724456.0,6.223704752779402
2022-12-09,1063716272,Arbitrum,27295532.0,2.633634290259379,77987147.0,7.911620446438561
2022-12-10,1069642566,Arbitrum,5926294.0,0.557131084293494,55587724.0,5.481727584907081
2022-12-11,1078658937,Arbitrum,9016371.0,0.8429330775155508,66103179.0,6.5283495232467015
2022-12-12,1084098146,Arbitrum,5439209.0,0.504256611003262,51505046.0,4.987932419846697
2022-12-13,1101591499,Arbitrum,17493353.0,1.6136318528488625,85877789.0,8.454920727613292
2022-12-14,1120457710,Arbitrum,18866211.0,1.712632225024091,92801642.0,9.030418336419533
2022-12-15,1117153555,Arbitrum,-3304155.0,-0.2948933253357655,80732815.0,7.789579259095114
2022-12-16,1116929122,Arbitrum,-224433.0,-0.02008971810504301,53212850.0,5.002541692809603
2022-12-17,1091495448,Arbitrum,-25433674.0,-2.277107248708665,21852882.0,2.0430078883005187
2022-12-18,1115983230,Arbitrum,24487782.0,2.2435074781915088,37324293.0,3.4602497341567062
2022-12-19,1119621707,Arbitrum,3638477.0,0.3260333042818253,35523561.0,3.2767845910512294
2022-12-20,1060492181,Arbitrum,-59129526.0,-5.281205752828444,-41099318.0,-3.7309037004469525
2022-12-21,1053464501,Arbitrum,-7027680.0,-0.6626809820863722,-66993209.0,-5.979093044038231
2022-12-22,1061469099,Arbitrum,8004598.0,0.7598355703871906,-55684456.0,-4.984494365235226
2022-12-23,1039008355,Arbitrum,-22460744.0,-2.1160054514219984,-77920767.0,-6.9763394529881335
2022-12-24,1042424464,Arbitrum,3416109.0,0.3287855178026877,-49070984.0,-4.495757090871533
2022-12-25,1044473044,Arbitrum,2048580.0,0.1965207140418812,-71510186.0,-6.4078190493955685
2022-12-26,1045809971,Arbitrum,1336927.0,0.12800014396541215,-73811736.0,-6.592560285185678
2022-12-27,1045200885,Arbitrum,-609086.0,-0.05824059981160978,-15291296.0,-1.4419055862892827
2022-12-28,1030680586,Arbitrum,-14520299.0,-1.389235237779196,-22783915.0,-2.1627605845638276
2022-12-29,1013503809,Arbitrum,-17176777.0,-1.6665470596144538,-47965290.0,-4.518764610782133
2022-12-30,1003097106,Arbitrum,-10406703.0,-1.0268045277765703,-35911249.0,-3.456300310501348
2022-12-31,998662068,Arbitrum,-4435038.0,-0.442134462702759,-43762396.0,-4.198135933233427
2023-01-01,996497986,Arbitrum,-2164082.0,-0.21669812735893856,-47975058.0,-4.593230842633411
2023-01-02,997740536,Arbitrum,1242550.0,0.12469167198096986,-48069435.0,-4.596383313694763
2023-01-03,1006705291,Arbitrum,8964755.0,0.8985056411499714,-38495594.0,-3.683080884494272
2023-01-04,1001510003,Arbitrum,-5195288.0,-0.5160684111274794,-29170583.0,-2.8302253284122725
2023-01-05,1008138233,Arbitrum,6628230.0,0.661823644311621,-5365576.0,-0.5294085678172356
2023-01-06,1006959675,Arbitrum,-1178558.0,-0.11690440471570085,3862569.0,0.385064314999628
2023-01-07,988294862,Arbitrum,-18664813.0,-1.8535809788013613,-10367206.0,-1.0381095199462398
2023-01-08,983337789,Arbitrum,-4957073.0,-0.5015783437311905,-13160197.0,-1.3206446159340302
2023-01-09,994254378,Arbitrum,10916589.0,1.1101565628939714,-3486158.0,-0.3494052686258686
2023-01-10,1000843451,Arbitrum,6589073.0,0.6627150099408396,-5861840.0,-0.5822796455333235
2023-01-11,1001988098,Arbitrum,1144647.0,0.11436823599697554,478095.0,0.047737416358084594
2023-01-12,1026347114,Arbitrum,24359016.0,2.4310683977805114,18208881.0,1.806188913777662
2023-01-13,1021646955,Arbitrum,-4700159.0,-0.4579502330047003,14687280.0,1.4585767796510885
2023-01-14,1076269932,Arbitrum,54622977.0,5.346560936013356,87975070.0,8.901702658047416
2023-01-15,1068153856,Arbitrum,-8116076.0,-0.7540929797154261,84816067.0,8.625323662813077
2023-01-16,1072690531,Arbitrum,4536675.0,0.42472111807831947,78436153.0,7.8889421797446735
2023-01-17,1073121701,Arbitrum,431170.0,0.04019519027524954,72278250.0,7.221733821386622
2023-01-18,1068155569,Arbitrum,-4966132.0,-0.4627743521887884,66167471.0,6.603618459348204
2023-01-19,1040316498,Arbitrum,-27839071.0,-2.606274947951892,13969384.0,1.3610779247536398
2023-01-20,1068024056,Arbitrum,27707558.0,2.663377736801009,46377101.0,4.539444939666071
2023-01-21,1115971221,Arbitrum,47947165.0,4.489333805792106,39701289.0,3.688785482116397
2023-01-22,1105532166,Arbitrum,-10439055.0,-0.9354233159028724,37378310.0,3.4993376459804715
2023-01-23,1132668089,Arbitrum,27135923.0,2.4545575275464193,59977558.0,5.591319795103145
2023-01-24,1140920053,Arbitrum,8251964.0,0.728542110450503,67798352.0,6.317862357719672
2023-01-25,1119716587,Arbitrum,-21203466.0,-1.8584532671019671,51561018.0,4.827107539051734
2023-01-26,1147227097,Arbitrum,27510510.0,2.4569172520438887,106910599.0,10.276737820224401
2023-01-27,1147874915,Arbitrum,647818.0,0.056468157149880405,79850859.0,7.4765037876637574
2023-01-28,1165134434,Arbitrum,17259519.0,1.5036062531255778,49163213.0,4.405419429718438
2023-01-29,1172263950,Arbitrum,7129516.0,0.6119050121558667,66731784.0,6.036168467304459
2023-01-30,1195141930,Arbitrum,22877980.0,1.9516065473138555,62473841.0,5.515635304527411
2023-01-31,1176315329,Arbitrum,-18826601.0,-1.5752606889124832,35395276.0,3.102344980871319
2023-02-01,1197952613,Arbitrum,21637284.0,1.8394118878306331,78236026.0,6.987127538193727
2023-02-02,1255567030,Arbitrum,57614417.0,4.809407014499323,108339933.0,9.443634419314971
2023-02-03,1264473073,Arbitrum,8906043.0,0.7093243759355383,116598158.0,10.157740750001487
2023-02-04,1300686817,Arbitrum,36213744.0,2.8639395154601344,135552383.0,11.634055182339576
2023-02-05,1310116427,Arbitrum,9429610.0,0.7249715978323801,137852477.0,11.759508342809655
2023-02-06,1317053426,Arbitrum,6936999.0,0.5294948492390761,121911496.0,10.20058730597797
2023-02-07,1332107763,Arbitrum,15054337.0,1.1430316115361494,155792434.0,13.244104719135219
2023-02-08,1404251603,Arbitrum,72143840.0,5.415766051653881,206298990.0,17.220964148437478
2023-02-09,1428743999,Arbitrum,24492396.0,1.7441600883826736,173176969.0,13.792729887149079
2023-02-10,1379140959,Arbitrum,-49603040.0,-3.47179340978635,114667886.0,9.068432412557993
2023-02-11,1398846070,Arbitrum,19705111.0,1.4287960104011344,98159253.0,7.546724677843808
2023-02-12,1438599259,Arbitrum,39753189.0,2.8418558590939114,128482832.0,9.806978170192803
2023-02-13,1435819807,Arbitrum,-2779452.0,-0.1932054380406112,118766381.0,9.01758263221739
2023-02-14,1431912201,Arbitrum,-3907606.0,-0.27215155975348626,99804438.0,7.492219531491462
2023-02-15,1486406304,Arbitrum,54494103.0,3.8056874549950104,82154701.0,5.850426008023568
2023-02-16,1578290684,Arbitrum,91884380.0,6.181646280208453,149546685.0,10.46700354329888
2023-02-17,1587033807,Arbitrum,8743123.0,0.5539615160017108,207892848.0,15.074082648574283
2023-02-18,1672984461,Arbitrum,85950654.0,5.415804856890483,274138391.0,19.597466574717547
2023-02-19,1731174304,Arbitrum,58189843.0,3.478205826563263,292575045.0,20.33749448775435
2023-02-20,1750030472,Arbitrum,18856168.0,1.089212562619002,314210665.0,21.8837115540641
2023-02-21,1803657826,Arbitrum,53627354.0,3.0643668700644167,371745625.0,25.961481768252636
2023-02-22,1835163458,Arbitrum,31505632.0,1.746763246655858,348757154.0,23.46311052781973
2023-02-23,1844064003,Arbitrum,8900545.0,0.48500012144421234,265773319.0,16.83931367613647
2023-02-24,1874226164,Arbitrum,30162161.0,1.6356352572866717,287192357.0,18.09617134387862
2023-02-25,1848428058,Arbitrum,-25798106.0,-1.3764670718789507,175443597.0,10.48686351187813
2023-02-26,1842226467,Arbitrum,-6201591.0,-0.3355062142212928,111052163.0,6.414845850207351
2023-02-27,1899360686,Arbitrum,57134219.0,3.101367829821755,149330214.0,8.533006504129027
2023-02-28,1914393508,Arbitrum,15032822.0,0.7914674717027337,110735682.0,6.139506086117241
2023-03-01,1911209126,Arbitrum,-3184382.0,-0.1663389468619103,76045668.0,4.14380897072113
2023-03-02,1962159461,Arbitrum,50950335.0,2.6658691771022758,118095458.0,6.404086724098379
2023-03-03,1924985105,Arbitrum,-37174356.0,-1.8945634510792675,50758941.0,2.708261253362809
2023-03-04,1874694112,Arbitrum,-50290993.0,-2.6125393318303103,26266054.0,1.420994119101393
2023-03-05,1876124849,Arbitrum,1430737.0,0.07631842394135724,33898382.0,1.8400768096227704
2023-03-06,1898850593,Arbitrum,22725744.0,1.2113129897572295,-510093.0,-0.02685603654745128
2023-03-07,1897416639,Arbitrum,-1433954.0,-0.07551694721460445,-16976869.0,-0.886801429750772
2023-03-08,1862971274,Arbitrum,-34445365.0,-1.8153822566958078,-48237852.0,-2.523944205988471
2023-03-09,1814360401,Arbitrum,-48610873.0,-2.609319514392039,-147799060.0,-7.532469350104465
2023-03-10,1709764843,Arbitrum,-104595558.0,-5.764872179879543,-215220262.0,-11.180359860498768
2023-03-11,1630970083,Arbitrum,-78794760.0,-4.60851445873367,-243724029.0,-13.000735823509114
2023-03-12,1469826492,Arbitrum,-161143591.0,-9.880229728284961,-406298357.0,-21.656253698497864
2023-03-13,1550297921,Arbitrum,80471429.0,5.474893086904564,-348552672.0,-18.355981944283496
2023-03-14,1608999964,Arbitrum,58702043.0,3.7865007883217006,-288416675.0,-15.200492557712831
2023-03-15,1637424982,Arbitrum,28425018.0,1.7666263912980318,-225546292.0,-12.106804605512133
2023-03-16,1652673335,Arbitrum,15248353.0,0.9312397922117466,-161687066.0,-8.911518676823238
2023-03-17,1727959496,Arbitrum,75286161.0,4.55541693603958,18194653.0,1.0641611373921611
2023-03-18,1857356164,Arbitrum,129396668.0,7.4884086287633655,226386081.0,13.880455770444676
2023-03-19,1878138898,Arbitrum,20782734.0,1.1189417734099205,408312406.0,27.779633053450237
2023-03-20,1902467847,Arbitrum,24328949.0,1.2953753860221795,352169926.0,22.716274157991336
2023-03-21,1960505885,Arbitrum,58038038.0,3.0506711633271566,351505921.0,21.84623547946829
2023-03-22,2011002464,Arbitrum,50496579.0,2.575691273683689,373577482.0,22.814937240282074
2023-03-23,2111633834,Arbitrum,100631370.0,5.0040401143934155,458960499.0,27.770793494408252
2023-03-24,2141262901,Arbitrum,29629067.0,1.403134697073627,413303405.0,23.918581769812498
2023-03-25,2148125326,Arbitrum,6862425.0,0.3204849342318017,290769162.0,15.65500293566744
2023-03-26,2171306056,Arbitrum,23180730.0,1.0791144128990071,293167158.0,15.609450308078344
2023-03-27,2211274710,Arbitrum,39968654.0,1.8407655562675762,308806863.0,16.23190970018007
2023-03-28,2202781948,Arbitrum,-8492762.0,-0.3840663469623862,242276063.0,12.35783400874617
2023-03-29,2252302633,Arbitrum,49520685.0,2.248097458986442,241300169.0,11.998999171788194
2023-03-30,2264264413,Arbitrum,11961780.0,0.5310911519944117,152630579.0,7.228079818690758
2023-03-31,2298455946,Arbitrum,34191533.0,1.510050363539417,157193045.0,7.341137089078997
2023-04-01,2306354065,Arbitrum,7898119.0,0.3436271647383471,158228739.0,7.365898864692211
2023-04-02,2267353639,Arbitrum,-39000426.0,-1.6909990791027951,96047583.0,4.423493534437051
2023-04-03,2238774734,Arbitrum,-28578905.0,-1.2604520313207357,27500024.0,1.2436276630686027
2023-04-04,2255470058,Arbitrum,16695324.0,0.7457348766023664,52688110.0,2.391889494456678
2023-04-05,2283082968,Arbitrum,27612910.0,1.2242640908514346,30780335.0,1.3666163040888302
2023-04-06,2296507319,Arbitrum,13424351.0,0.5879922538145843,32242906.0,1.423990317335777
2023-04-07,2284653597,Arbitrum,-11853722.0,-0.516163040366957,-13802349.0,-0.6005052663297761
2023-04-08,2287367499,Arbitrum,2713902.0,0.11878833638341302,-18986566.0,-0.8232285878447709
2023-04-09,2290802030,Arbitrum,3434531.0,0.15015212909605946,23448391.0,1.0341744047629886
2023-04-10,2290880487,Arbitrum,78457.0,0.0034248703717043583,52105753.0,2.3274227732105635
2023-04-11,2308041453,Arbitrum,17160966.0,0.7490991388412915,52571395.0,2.3308398536940445
2023-04-12,2306907754,Arbitrum,-1133699.0,-0.04911952506426731,23824786.0,1.0435357073716345
2023-04-13,2268198135,Arbitrum,-38709619.0,-1.6779872941551477,-28309184.0,-1.2327060212604546
2023-04-14,2361368021,Arbitrum,93169886.0,4.107660815090131,76714424.0,3.35781424810897
2023-04-15,2377436010,Arbitrum,16067989.0,0.6804525536513228,90068511.0,3.937649330043236
2023-04-16,2384155972,Arbitrum,6719962.0,0.2826558515869326,93353942.0,4.075164103115458
2023-04-17,2350139968,Arbitrum,-34016004.0,-1.4267524608075455,59259481.0,2.5867556747843468
2023-04-18,2308927933,Arbitrum,-41212035.0,-1.7535991711622123,886480.0,0.03840832229629054
2023-04-19,2341096870,Arbitrum,32168937.0,1.393241276188406,34189116.0,1.4820322113321849
2023-04-20,2247151421,Arbitrum,-93945449.0,-4.012881748032926,-21046714.0,-0.9279045633286298
2023-04-21,2232322606,Arbitrum,-14828815.0,-0.6598938932829479,-129045415.0,-5.464858245406045
2023-04-22,2175778127,Arbitrum,-56544479.0,-2.53298868398415,-201657883.0,-8.482158180148037
2023-04-23,2192366542,Arbitrum,16588415.0,0.7624129866068863,-191789430.0,-8.044332344545113
2023-04-24,2199411991,Arbitrum,7045449.0,0.3213627313237932,-150727977.0,-6.4135744701313
2023-04-25,2183601370,Arbitrum,-15810621.0,-0.7188567246471878,-125326563.0,-5.42791142195429
2023-04-26,2212903491,Arbitrum,29302121.0,1.3419171375588679,-128193379.0,-5.475782768442217
2023-04-27,2251062881,Arbitrum,38159390.0,1.724403714630851,3911460.0,0.17406303658251687
2023-04-28,2272198430,Arbitrum,21135549.0,0.938914198194718,39875824.0,1.786293069506284
2023-04-29,2269330646,Arbitrum,-2867784.0,-0.126211864339687,93552519.0,4.299726973034335
2023-04-30,2280960984,Arbitrum,11630338.0,0.5125008125413499,88594442.0,4.04104150938096
2023-05-01,2268273270,Arbitrum,-12687714.0,-0.5562442360478315,68861279.0,3.1308949520044704
2023-05-02,2229185484,Arbitrum,-39087786.0,-1.7232397223461482,45584114.0,2.0875657354986865
2023-05-03,2253228711,Arbitrum,24043227.0,1.0785655645333403,40325220.0,1.8222764871583808
2023-05-04,2301022326,Arbitrum,47793615.0,2.12111690068022,49959445.0,2.219371365486089
2023-05-05,2480567513,Arbitrum,179545187.0,7.802844195436975,208369083.0,9.170373513549169
2023-05-06,2556472180,Arbitrum,75904667.0,3.0599718250845287,287141534.0,12.653137809870296
2023-05-07,2488585158,Arbitrum,-67887022.0,-2.6554962158829354,207624174.0,9.102486866561854
2023-05-08,2476791014,Arbitrum,-11794144.0,-0.4739296930259984,208517744.0,9.192796421746841
2023-05-09,2408656213,Arbitrum,-68134801.0,-2.750930563574794,179470729.0,8.050955395508929
2023-05-10,2436267051,Arbitrum,27610838.0,1.1463170979311599,183038340.0,8.123380423231264
2023-05-11,2409499261,Arbitrum,-26767790.0,-1.0987215046483811,108476935.0,4.71429302420423
2023-05-12,2373328780,Arbitrum,-36170481.0,-1.501161738683765,-107238733.0,-4.323153167087379
2023-05-13,2380619716,Arbitrum,7290936.0,0.30720294893149536,-175852464.0,-6.8787161219958985
2023-05-14,2375457793,Arbitrum,-5161923.0,-0.21683106147979414,-113127365.0,-4.545850666847063
2023-05-15,2371357520,Arbitrum,-4100273.0,-0.17260980229085732,-105433494.0,-4.2568587096787684
2023-05-16,2394182733,Arbitrum,22825213.0,0.9625378209524582,-14473480.0,-0.6008943875794204
2023-05-17,2414060800,Arbitrum,19878067.0,0.8302652394076793,-22206251.0,-0.9114867350393796
2023-05-18,2427052909,Arbitrum,12992109.0,0.538184829479027,17553648.0,0.7285185052397392
2023-05-19,2394923683,Arbitrum,-32129226.0,-1.3237958629108704,21594903.0,0.909899343992282
2023-05-20,2395436959,Arbitrum,513276.0,0.0214318311536843,14817243.0,0.6224111688403644
2023-05-21,2414469556,Arbitrum,19032597.0,0.7945354991911513,39011763.0,1.642283989004567
2023-05-22,2375474976,Arbitrum,-38994580.0,-1.6150371373744532,4117456.0,0.1736328649422747
2023-05-23,2385087520,Arbitrum,9612544.0,0.40465776727256486,-9095213.0,-0.37988800414592294
2023-05-24,2377533859,Arbitrum,-7553661.0,-0.31670372414677184,-36526941.0,-1.5130911781509382
2023-05-25,2301701541,Arbitrum,-75832318.0,-3.1895368266971924,-125351368.0,-5.164756299097228
2023-05-26,2313550339,Arbitrum,11848798.0,0.5147842927911483,-81373344.0,-3.397742674541837
2023-05-27,2326653966,Arbitrum,13103627.0,0.5663860768062579,-68782993.0,-2.871417373000462
2023-05-28,2332874709,Arbitrum,6220743.0,0.2673686371461148,-81594847.0,-3.379410885394485
2023-05-29,2357167591,Arbitrum,24292882.0,1.0413281907631244,-18307385.0,-0.7706831343189835
2023-05-30,2319493564,Arbitrum,-37674027.0,-1.5982752836007363,-65593956.0,-2.750169771547839
2023-05-31,2331066410,Arbitrum,11572846.0,0.49893848293514065,-46467449.0,-1.9544390009042512
2023-06-01,2293287709,Arbitrum,-37778701.0,-1.6206617210875573,-8413832.0,-0.3655483497805978
2023-06-02,2281927414,Arbitrum,-11360295.0,-0.49537155566728996,-31622925.0,-1.3668570104970579
2023-06-03,2315294542,Arbitrum,33367128.0,1.4622344161907774,-11359424.0,-0.48823005767072436
2023-06-04,2303994061,Arbitrum,-11300481.0,-0.4880796285313349,-28880648.0,-1.2379853872383828
2023-06-05,2300601848,Arbitrum,-3392213.0,-0.1472318465320921,-56565743.0,-2.3997336131709956
2023-06-06,2233672535,Arbitrum,-66929313.0,-2.9092088688959405,-85821029.0,-3.699989960394645
2023-06-07,2254159861,Arbitrum,20487326.0,0.9172036491015945,-76906549.0,-3.299200257447832
2023-06-08,2194432628,Arbitrum,-59727233.0,-2.649644953464103,-98855081.0,-4.310627079718065
2023-06-09,2194148497,Arbitrum,-284131.0,-0.012947811492347583,-87778917.0,-3.84670066459879
2023-06-10,2192518266,Arbitrum,-1630231.0,-0.07429902771981522,-122776276.0,-5.30283615206657
2023-06-11,2079003269,Arbitrum,-113514997.0,-5.1773797628192675,-224990792.0,-9.76525051902033
2023-06-12,2071926853,Arbitrum,-7076416.0,-0.34037541477285327,-228674995.0,-9.93979011182643
2023-06-13,2058268234,Arbitrum,-13658619.0,-0.6592230309783065,-175404301.0,-7.852731242003652
2023-06-14,2071971271,Arbitrum,13703037.0,0.6657556470844206,-182188590.0,-8.08232783983549
2023-06-15,2005057913,Arbitrum,-66913358.0,-3.2294539473853523,-189374715.0,-8.629780316955804
2023-06-16,2001914345,Arbitrum,-3143568.0,-0.1567819053813091,-192234152.0,-8.761218862936426
2023-06-17,2033819324,Arbitrum,31904979.0,1.593723481710696,-158698942.0,-7.238203870909055
2023-06-18,2035384155,Arbitrum,1564831.0,0.076940511948842,-43619114.0,-2.098078182483132
2023-06-19,2038564400,Arbitrum,3180245.0,0.15624790004322708,-33362453.0,-1.6102138428146562
2023-06-20,2058568230,Arbitrum,20003830.0,0.9812704469871036,299996.0,0.01457516542520132
2023-06-21,2130341498,Arbitrum,71773268.0,3.486562502715773,58370227.0,2.817134958238521
2023-06-22,2190723112,Arbitrum,60381614.0,2.8343631317649054,185665199.0,9.259842211849367
2023-06-23,2181916558,Arbitrum,-8806554.0,-0.4019930201019428,180002213.0,8.991504229417968
2023-06-24,2201819531,Arbitrum,19902973.0,0.9121784665424348,168000207.0,8.260330945700067
2023-06-25,2183563659,Arbitrum,-18255872.0,-0.8291266265454844,148179504.0,7.28017380090098
2023-06-26,2198947144,Arbitrum,15383485.0,0.7045127783013694,160382744.0,7.867435730752481
2023-06-27,2203223602,Arbitrum,4276458.0,0.19447752583179323,144655372.0,7.026989433330555
2023-06-28,2212643818,Arbitrum,9420216.0,0.42756513644137684,82302320.0,3.863339285145906
2023-06-29,2180798868,Arbitrum,-31844950.0,-1.4392262207292172,-9924244.0,-0.45301224721820965
2023-06-30,2167779062,Arbitrum,-13019806.0,-0.5970200274333592,-14137496.0,-0.6479393516752419
2023-07-01,2196538058,Arbitrum,28758996.0,1.3266571535877292,-5281473.0,-0.23986856895584774
2023-07-02,2198067134,Arbitrum,1529076.0,0.06961299825563039,14503475.0,0.6642112282928325
2023-07-03,2209291646,Arbitrum,11224512.0,0.5106537387497223,10344502.0,0.47042977036650946
2023-07-04,2228727266,Arbitrum,19435620.0,0.8797217893431464,25503664.0,1.1575613104747307
2023-07-05,2206046545,Arbitrum,-22680721.0,-1.0176534987480168,-6597273.0,-0.29816244920808366
2023-07-06,2184644636,Arbitrum,-21401909.0,-0.9701476629542238,3845768.0,0.17634675331279492
2023-07-07,2152906110,Arbitrum,-31738526.0,-1.4528003995245675,-14872952.0,-0.6860916899104175
2023-07-08,2184381458,Arbitrum,31475348.0,1.461993528366179,-12156600.0,-0.5534436317060187
2023-07-09,2185108376,Arbitrum,726918.0,0.03327797886847339,-12958758.0,-0.5895524208315628
2023-07-10,2182107506,Arbitrum,-3000870.0,-0.13733277639498276,-27184140.0,-1.2304459689248315
2023-07-11,2187021800,Arbitrum,4914294.0,0.22520861078052512,-41705466.0,-1.871268263112813
2023-07-12,2184483303,Arbitrum,-2538497.0,-0.11607095091599184,-21563242.0,-0.977460881270753
2023-07-13,2171233864,Arbitrum,-13249439.0,-0.6065250753715667,-13410772.0,-0.6138651467157863
2023-07-14,2251343525,Arbitrum,80109661.0,3.6895915418533543,98437415.0,4.572304130810423
2023-07-15,2201136857,Arbitrum,-50206668.0,-2.230075838826062,16755399.0,0.7670546249436194
2023-07-16,2211086600,Arbitrum,9949743.0,0.4520274588269313,25978224.0,1.1888757686039808
2023-07-17,2206712469,Arbitrum,-4374131.0,-0.197827213099655,24604963.0,1.1275779461985769
2023-07-18,2177625887,Arbitrum,-29086582.0,-1.3180956925113563,-9395913.0,-0.42962136911484095
2023-07-19,2175984907,Arbitrum,-1640980.0,-0.07535637823724572,-8498396.0,-0.38903460549819524
2023-07-20,2166039500,Arbitrum,-9945407.0,-0.4570531242200415,-5194364.0,-0.23923558333005523
2023-07-21,2160407145,Arbitrum,-5632355.0,-0.26003011487094607,-90936380.0,-4.039204989829348
2023-07-22,2160570417,Arbitrum,163272.0,0.007557464359342347,-40566440.0,-1.842976726821488
2023-07-23,2142977501,Arbitrum,-17592916.0,-0.8142718173670183,-68109099.0,-3.080345156992037
2023-07-24,2173677439,Arbitrum,30699938.0,1.432583309235591,-33035030.0,-1.4970246674216758
2023-07-25,2136771503,Arbitrum,-36905936.0,-1.6978570664550219,-40854384.0,-1.8760974620981807
2023-07-26,2138429908,Arbitrum,1658405.0,0.07761265056518418,-37554999.0,-1.725885086757173
2023-07-27,2154840111,Arbitrum,16410203.0,0.7673949442349448,-11199389.0,-0.5170445414314884
2023-07-28,2154638330,Arbitrum,-201781.0,-0.009364082233753734,-5768815.0,-0.2670244362666163
2023-07-29,2160161203,Arbitrum,5522873.0,0.25632482830657555,-409214.0,-0.018940090856567338
2023-07-30,2159377805,Arbitrum,-783398.0,-0.03626571937834777,16400304.0,0.765304535038136
2023-07-31,2055324787,Arbitrum,-104053018.0,-4.818657381726677,-118352652.0,-5.4448120901714026
2023-08-01,2051191992,Arbitrum,-4132795.0,-0.20107746601121246,-85579511.0,-4.00508481509827
2023-08-02,2052598016,Arbitrum,1406024.0,0.06854667946656345,-85831892.0,-4.013780937074318
2023-08-03,2023163892,Arbitrum,-29434124.0,-1.4339935910763324,-131676219.0,-6.110718764135726
2023-08-04,2017159897,Arbitrum,-6003995.0,-0.2967626608867957,-137478433.0,-6.380580493989452
2023-08-05,1983741321,Arbitrum,-33418576.0,-1.6567142768256216,-176419882.0,-8.166977619771643
2023-08-06,1977449289,Arbitrum,-6292032.0,-0.31718006442635893,-181928516.0,-8.425043342519679
2023-08-07,1973518256,Arbitrum,-3931033.0,-0.19879311302025693,-81806531.0,-3.980224026753787
2023-08-08,1970645620,Arbitrum,-2872636.0,-0.14555912980619423,-80546372.0,-3.9268080371873793
2023-08-09,2000528424,Arbitrum,29882804.0,1.5163966416244845,-52069592.0,-2.5367651919234846
2023-08-10,1993192613,Arbitrum,-7335811.0,-0.3666936651333441,-29971279.0,-1.4814063812878642
2023-08-11,1966722499,Arbitrum,-26470114.0,-1.328025893100182,-50437398.0,-2.5004164555825437
2023-08-12,1960550667,Arbitrum,-6171832.0,-0.31381305716176033,-23190654.0,-1.169036192093309
2023-08-13,1962005558,Arbitrum,1454891.0,0.0742082836464597,-15443731.0,-0.7809925182865163
2023-08-14,1949875108,Arbitrum,-12130450.0,-0.6182678713899992,-23643148.0,-1.1980202325526434
2023-08-15,1952833267,Arbitrum,2958159.0,0.15171017814747945,-17812353.0,-0.903884129100796
2023-08-16,1930126386,Arbitrum,-22706881.0,-1.1627659864112738,-70402038.0,-3.519172092503098
2023-08-17,1873015227,Arbitrum,-57111159.0,-2.9589336436334324,-120177386.0,-6.029391500659753
2023-08-18,1788482704,Arbitrum,-84532523.0,-4.513178632049641,-178239795.0,-9.062783137459796
2023-08-19,1777520265,Arbitrum,-10962439.0,-0.61294632458464,-183030402.0,-9.335662938008626
2023-08-20,1768821848,Arbitrum,-8698417.0,-0.4893568400470505,-193183710.0,-9.846236633341887
2023-08-21,1771235676,Arbitrum,2413828.0,0.13646529766291327,-178639432.0,-9.161583286389641
2023-08-22,1758198204,Arbitrum,-13037472.0,-0.7360664747586121,-194635063.0,-9.9668039401543
2023-08-23,1731653084,Arbitrum,-26545120.0,-1.5097910997524777,-198473302.0,-10.282917400622493
2023-08-24,1760673133,Arbitrum,29020049.0,1.67585813048452,-112342094.0,-5.997927426352955
2023-08-25,1740025808,Arbitrum,-20647325.0,-1.1726949547312682,-48456896.0,-2.7093857766488094
2023-08-26,1723970329,Arbitrum,-16055479.0,-0.9227149922824585,-53549936.0,-3.0126202808720137
2023-08-27,1721628254,Arbitrum,-2342075.0,-0.13585355621279493,-47193594.0,-2.668080680559304
2023-08-28,1721848827,Arbitrum,220573.0,0.012811883139551838,-49386849.0,-2.788270904272372
2023-08-29,1720770072,Arbitrum,-1078755.0,-0.06265097046176393,-37428132.0,-2.1287777404645825
2023-08-30,1763862359,Arbitrum,43092287.0,2.504244332301475,32209275.0,1.860030470167784
2023-08-31,1738396618,Arbitrum,-25465741.0,-1.4437487636188018,-22276515.0,-1.265227178314643
2023-09-01,1688342324,Arbitrum,-50054294.0,-2.8793368257691854,-51683484.0,-2.9702711168063334
2023-09-02,1663128299,Arbitrum,-25214025.0,-1.4934189969403433,-60842030.0,-3.529180808772492
2023-09-03,1661456896,Arbitrum,-1671403.0,-0.10049753834415753,-60171358.0,-3.4950261684076667
2023-09-04,1664209487,Arbitrum,2752591.0,0.16567333203929557,-57639340.0,-3.347526164676473
2023-09-05,1645840226,Arbitrum,-18369261.0,-1.1037829758508089,-74929846.0,-4.354436843088005
2023-09-06,1646545980,Arbitrum,705754.0,0.04288107611243319,-117316379.0,-6.6511073498110695
2023-09-07,1650142482,Arbitrum,3596502.0,0.2184270614781214,-88254136.0,-5.076754929581895
2023-09-08,1669211592,Arbitrum,19069110.0,1.1556038468198082,-19130732.0,-1.133107411219525
2023-09-09,1653622772,Arbitrum,-15588820.0,-0.9339031716956825,-9505527.0,-0.5715450218552243
2023-09-10,1660072316,Arbitrum,6449544.0,0.39002510785453026,-1384580.0,-0.08333529466418854
2023-09-11,1632676298,Arbitrum,-27396018.0,-1.6502906370977621,-31533189.0,-1.8947848360631347
2023-09-12,1585199603,Arbitrum,-47476695.0,-2.9079061819025642,-60640623.0,-3.684478118959278
2023-09-13,1606782908,Arbitrum,21583305.0,1.361551249391768,-39763072.0,-2.4149384519465356
2023-09-14,1641764037,Arbitrum,34981129.0,2.1770911817540872,-8378445.0,-0.5077407006602974
2023-09-15,1650746692,Arbitrum,8982655.0,0.5471343504645176,-18464900.0,-1.1062048747142894
2023-09-16,1668013946,Arbitrum,17267254.0,1.046026872789274,14391174.0,0.8702815565725608
2023-09-17,1659858135,Arbitrum,-8155811.0,-0.48895340590875414,-214181.0,-0.012901907822671088
2023-09-18,1654066082,Arbitrum,-5792053.0,-0.34894867686990905,21389784.0,1.3101056238889575
2023-09-19,1672144507,Arbitrum,18078425.0,1.092968726989474,86944904.0,5.48479218865916
2023-09-20,1690705059,Arbitrum,18560552.0,1.109984927875618,83922151.0,5.222992513933322
2023-09-21,1690514213,Arbitrum,-190846.0,-0.011287953447824961,48750176.0,2.969377748649027
2023-09-22,1662088350,Arbitrum,-28425863.0,-1.6814921034917107,11341658.0,0.6870622885367661
2023-09-23,1669585103,Arbitrum,7496753.0,0.45104419389017103,1571157.0,0.09419327720656678
2023-09-24,1662991803,Arbitrum,-6593300.0,-0.39490649432322167,3133668.0,0.1887913149879017
2023-09-25,1646722949,Arbitrum,-16268854.0,-0.9782882856458675,-7343133.0,-0.4439443550599331
2023-09-26,1652276609,Arbitrum,5553660.0,0.33725527438435154,-19867898.0,-1.1881687208747937
2023-09-27,1657865899,Arbitrum,5589290.0,0.3382781048618,-32839160.0,-1.9423352302159302
2023-09-28,1665584675,Arbitrum,7718776.0,0.46558506358420626,-24929538.0,-1.4746718961776595
2023-09-29,1708049865,Arbitrum,42465190.0,2.5495665658667344,45961515.0,2.7652871160549264
2023-09-30,1714859137,Arbitrum,6809272.0,0.39865768204607743,45274034.0,2.7116936967543026
2023-10-01,1714099311,Arbitrum,-759826.0,-0.04430836233751956,51107508.0,3.0732266934691665
2023-10-02,1746815580,Arbitrum,32716269.0,1.9086565632485675,100092631.0,6.078292104982386
2023-10-03,1707995793,Arbitrum,-38819787.0,-2.2223174240293853,55719184.0,3.3722673126579394
2023-10-04,1701610855,Arbitrum,-6384938.0,-0.3738263306132139,43744956.0,2.6386305446288727
2023-10-05,1723462667,Arbitrum,21851812.0,1.2841838623555368,57877992.0,3.474935430706938
2023-10-06,1700941096,Arbitrum,-22521571.0,-1.306762915799209,-7108769.0,-0.4161921232902599
2023-10-07,1733570417,Arbitrum,32629321.0,1.918309874265045,18711280.0,1.091126355295513
2023-10-08,1726473751,Arbitrum,-7096666.0,-0.40936704563065973,12374440.0,0.7219208315754289
2023-10-09,1703680366,Arbitrum,-22793385.0,-1.3202277177279842,-43135214.0,-2.4693627932949824
2023-10-10,1676392482,Arbitrum,-27287884.0,-1.6017020882894917,-31603311.0,-1.850315506017175
2023-10-11,1666014941,Arbitrum,-10377541.0,-0.6190400584246913,-35595914.0,-2.091895094310503
2023-10-12,1656234533,Arbitrum,-9780408.0,-0.587054038910928,-67228134.0,-3.9007595167131037
2023-10-13,1642725389,Arbitrum,-13509144.0,-0.815654047227865,-58215707.0,-3.4225586727783974
2023-10-14,1650188432,Arbitrum,7463043.0,0.45430861725117566,-83381985.0,-4.809841249154168
2023-10-15,1651459556,Arbitrum,1271124.0,0.07702902137420864,-75014195.0,-4.344936895597207
2023-10-16,1655848358,Arbitrum,4388802.0,0.2657529204427078,-47832008.0,-2.807569363043305
2023-10-17,1664271198,Arbitrum,8422840.0,0.5086721836154995,-12121284.0,-0.723057644922076
2023-10-18,1646055830,Arbitrum,-18215368.0,-1.094495177341881,-19959111.0,-1.1980151263241257
2023-10-19,1642257772,Arbitrum,-3798058.0,-0.23073688818926463,-13976761.0,-0.8438877901358222
2023-10-20,1638270322,Arbitrum,-3987450.0,-0.24280293069607328,-4455067.0,-0.27119974098117616
2023-10-21,1668027962,Arbitrum,29757640.0,1.8164059740563454,17839530.0,1.0810601779809303
2023-10-22,1687574689,Arbitrum,19546727.0,1.1718464825111852,36115133.0,2.1868614867853298
2023-10-23,1704359328,Arbitrum,16784639.0,0.9946012528752712,48510970.0,2.929674674955951
2023-10-24,1770220999,Arbitrum,65861671.0,3.8643066586953934,105949801.0,6.366137990450271
2023-10-25,1758842194,Arbitrum,-11378805.0,-0.6427900813755993,112786364.0,6.851916073830866
2023-10-26,1792955998,Arbitrum,34113804.0,1.9395602468699868,150698226.0,9.176283319790546
2023-10-27,1803842509,Arbitrum,10886511.0,0.6071822739734722,165572187.0,10.106524227202595
2023-10-28,1795369254,Arbitrum,-8473255.0,-0.46973363570954607,127341292.0,7.634242045158235
2023-10-29,1795057812,Arbitrum,-311442.0,-0.01734696076064468,107483123.0,6.369088355057695
2023-10-30,1811802438,Arbitrum,16744626.0,0.9328182016234754,107443110.0,6.304017482397928
2023-10-31,1827312289,Arbitrum,15509851.0,0.8560453763999165,57091290.0,3.2250939307719717
2023-11-01,1821197199,Arbitrum,-6115090.0,-0.33464942127360287,62355005.0,3.545230220921125
2023-11-02,1852790153,Arbitrum,31592954.0,1.734735481547367,59834155.0,3.3371792206135398
2023-11-03,1819687354,Arbitrum,-33102799.0,-1.7866458835826937,15844845.0,0.8783940350082897
2023-11-04,1860856761,Arbitrum,41169407.0,2.262443980253104,65487507.0,3.6475787281138317
2023-11-05,1869827210,Arbitrum,8970449.0,0.48206015573060146,74769398.0,4.165291919857128
2023-11-06,1873474273,Arbitrum,3647063.0,0.1950481296076445,61671835.0,3.4038940287594466
2023-11-07,1873043264,Arbitrum,-431009.0,-0.023005867025327476,45730975.0,2.502635990317037
2023-11-08,1881219289,Arbitrum,8176025.0,0.4365102054578074,60022090.0,3.2957490837871584
2023-11-09,1938158674,Arbitrum,56939385.0,3.0267276831010603,85368521.0,4.6075655606099275
2023-11-10,2039835102,Arbitrum,101676428.0,5.246032193543715,220147748.0,12.098108365487924
2023-11-11,2056729541,Arbitrum,16894439.0,0.8282257219436762,195872780.0,10.52594611821387
2023-11-12,2051340297,Arbitrum,-5389244.0,-0.26202978527647414,181513087.0,9.707479173971368
2023-11-13,2059431773,Arbitrum,8091476.0,0.3944482547256323,185957500.0,9.925810174175798
2023-11-14,2039171459,Arbitrum,-20260314.0,-0.9837817530845672,166128195.0,8.869426467236163
2023-11-15,2015578445,Arbitrum,-23593014.0,-1.15699020285277,134359156.0,7.14213153063199
2023-11-16,2067735846,Arbitrum,52157401.0,2.587713771666178,129577172.0,6.685581203347857
2023-11-17,2013932121,Arbitrum,-53803725.0,-2.6020598861349886,-25902981.0,-1.2698566160864067
2023-11-18,2010172966,Arbitrum,-3759155.0,-0.18665748268285043,-46556575.0,-2.26362164163616
2023-11-19,2023205522,Arbitrum,13032556.0,0.6483300800693481,-28134775.0,-1.3715313369091375
2023-11-20,2068024283,Arbitrum,44818761.0,2.215235205353494,8592510.0,0.4172272231909524
2023-11-21,2072214335,Arbitrum,4190052.0,0.20261135395962526,33042876.0,1.620406947839692
2023-11-22,2003732744,Arbitrum,-68481591.0,-3.304754235280394,-11845701.0,-0.5877072673298955
2023-11-23,2057752743,Arbitrum,54019999.0,2.695968270307403,-9983103.0,-0.4828035950197429
2023-11-24,2054103565,Arbitrum,-3649178.0,-0.17733802141260968,40171444.0,1.9946771582377565
2023-11-25,2074889065,Arbitrum,20785500.0,1.0119012670132932,64716099.0,3.2194293772031646
2023-11-26,2077180434,Arbitrum,2291369.0,0.11043332574505182,53974912.0,2.667791848780854
2023-11-27,2062406796,Arbitrum,-14773638.0,-0.7112351800633188,-5617487.0,-0.2716354467487636
2023-11-28,2037593505,Arbitrum,-24813291.0,-1.2031230234561319,-34620830.0,-1.6707166539314589
2023-11-29,2068371999,Arbitrum,30778494.0,1.5105316111615696,64639255.0,3.225941942285293
2023-11-30,2061407362,Arbitrum,-6964637.0,-0.33672071577874885,3654619.0,0.17760243607654047
2023-12-01,2076350923,Arbitrum,14943561.0,0.7249203275136118,22247358.0,1.0830689542179917
2023-12-02,2097507560,Arbitrum,21156637.0,1.0189335899652319,22618495.0,1.0901062317758115
2023-12-03,2144369834,Arbitrum,46862274.0,2.234188562352557,67189400.0,3.2346443717753637
2023-12-04,2156266070,Arbitrum,11896236.0,0.5547660581388225,93859274.0,4.550958335767619
2023-12-05,2178303105,Arbitrum,22037035.0,1.0219998035771116,140709600.0,6.905675722597082
2023-12-06,2216533841,Arbitrum,38230736.0,1.7550696187434323,148161842.0,7.163210586472468
2023-12-07,2202278327,Arbitrum,-14255514.0,-0.643144432821674,140870965.0,6.833727656009025
2023-12-08,2257109589,Arbitrum,54831262.0,2.4897516961306376,180758666.0,8.70559325968041
2023-12-09,2287986139,Arbitrum,30876550.0,1.367968580279677,190478579.0,9.081186768165917
2023-12-10,2274457321,Arbitrum,-13528818.0,-0.5912980751672237,130087487.0,6.066466937624337
2023-12-11,2253974035,Arbitrum,-20483286.0,-0.9005790441033334,97707965.0,4.531350113021992
2023-12-12,2195127110,Arbitrum,-58846925.0,-2.610807581907215,16824005.0,0.772344535587477
2023-12-13,2200249486,Arbitrum,5122376.0,0.23335213604098737,-16284355.0,-0.7346765792059062
2023-12-14,2234122956,Arbitrum,33873470.0,1.5395285950767779,31844629.0,1.4459856690039574
2023-12-15,2264696284,Arbitrum,30573328.0,1.3684711451485532,7586695.0,0.3361243528880342
2023-12-16,2215083929,Arbitrum,-49612355.0,-2.1906847002182817,-72902210.0,-3.1863047051440163
2023-12-17,2218599023,Arbitrum,3515094.0,0.15868897579818242,-55858298.0,-2.4558956320816394
2023-12-18,2176899748,Arbitrum,-41699275.0,-1.8795318382324955,-77074287.0,-3.419484244413662
2023-12-19,2214248926,Arbitrum,37349178.0,1.715705008203261,19121816.0,0.8711029039224938
2023-12-20,2172477457,Arbitrum,-41771469.0,-1.8864847808895413,-27772029.0,-1.2622218151491893
2023-12-21,2197226690,Arbitrum,24749233.0,1.1392170224945097,-36896266.0,-1.6514877080024082
2023-12-22,2223264216,Arbitrum,26037526.0,1.1850177370638093,-41432068.0,-1.829475691407989
2023-12-23,2304072461,Arbitrum,80808245.0,3.6346667399427046,88988532.0,4.017388724416149
2023-12-24,2299456006,Arbitrum,-4616455.0,-0.20036066912567652,80856983.0,3.6445063827110546
2023-12-25,2281953868,Arbitrum,-17502138.0,-0.7611425465123722,105054120.0,4.825859348668549
2023-12-26,2294305042,Arbitrum,12351174.0,0.5412543247784951,80056116.0,3.615497564883996
2023-12-27,2268634645,Arbitrum,-25670397.0,-1.1188746278316342,96157188.0,4.426153546043454
2023-12-28,2387068317,Arbitrum,118433672.0,5.22048238402002,189841627.0,8.640056479561519
2023-12-29,2333150473,Arbitrum,-53917844.0,-2.258747418999818,109886257.0,4.942564010574624
2023-12-30,2305915608,Arbitrum,-27234865.0,-1.1672999797985972,1843147.0,0.07999518379731008
2023-12-31,2313236123,Arbitrum,7320515.0,0.3174667353220917,13780117.0,0.5992772622760878
2024-01-01,2310190286,Arbitrum,-3045837.0,-0.1316699566341728,28236418.0,1.2373790020894448
2024-01-02,2377750676,Arbitrum,67560390.0,2.9244513064323296,83445634.0,3.637076695226993
2024-01-03,2388377033,Arbitrum,10626357.0,0.4469079583178326,119742388.0,5.27816976893607
2024-01-04,2319812758,Arbitrum,-68564275.0,-2.870747543317209,-67255559.0,-2.817496194852309
2024-01-05,2360609521,Arbitrum,40796763.0,1.7586230983216211,27459048.0,1.1769085756690556
2024-01-06,2301815971,Arbitrum,-58793550.0,-2.490608865082178,-4099637.0,-0.17778781607518113
2024-01-07,2280348735,Arbitrum,-21467236.0,-0.9326217330342779,-32887388.0,-1.4217047569423547
2024-01-08,2253749347,Arbitrum,-26599388.0,-1.1664614096843384,-56440939.0,-2.4431294401174752
2024-01-09,2308593873,Arbitrum,54844526.0,2.4334793961451107,-69156803.0,-2.908496828453855
2024-01-10,2335553965,Arbitrum,26960092.0,1.1678144135835122,-52823068.0,-2.211672079832794
2024-01-11,2445724049,Arbitrum,110170084.0,4.717085781402619,125911291.0,5.427648872340574
2024-01-12,2455417889,Arbitrum,9693840.0,0.39635869811083246,94808368.0,4.016266441212912
2024-01-13,2395840927,Arbitrum,-59576962.0,-2.426347151207875,94024956.0,4.084816387782375
2024-01-14,2427277610,Arbitrum,31436683.0,1.3121356533200235,146928875.0,6.4432633809407225
2024-01-15,2394052365,Arbitrum,-33225245.0,-1.368827564804176,140303018.0,6.225315968998935
2024-01-16,2424396159,Arbitrum,30343794.0,1.2674657598811478,115802286.0,5.016139363201022
2024-01-17,2478666800,Arbitrum,54270641.0,2.2385219840632464,143112835.0,6.127575604959312
2024-01-18,2451875885,Arbitrum,-26790915.0,-1.0808598799967761,6151836.0,0.2515343463427744
2024-01-19,2405026482,Arbitrum,-46849403.0,-1.9107575259666998,-50391407.0,-2.0522538027334503
2024-01-20,2423645265,Arbitrum,18618783.0,0.77416124684484,27804338.0,1.1605252121148046
2024-01-21,2410224965,Arbitrum,-13420300.0,-0.553723772773318,-17052645.0,-0.7025420137254046
2024-01-22,2442509107,Arbitrum,32284142.0,1.339465919937477,48456742.0,2.0240468716731685
2024-01-23,2363363897,Arbitrum,-79145210.0,-3.240324049281018,-61032262.0,-2.517421163757916
2024-01-24,2322729972,Arbitrum,-40633925.0,-1.7193257903101444,-155936828.0,-6.2911573269953
2024-01-25,2337796808,Arbitrum,15066836.0,0.6486692892254897,-114079077.0,-4.652726416451536
2024-01-26,2334961680,Arbitrum,-2835128.0,-0.1212734994888387,-70064802.0,-2.913265301832968
2024-01-27,2392961527,Arbitrum,57999847.0,2.483974255200616,-30683738.0,-1.2660160479384341
2024-01-28,2364648533,Arbitrum,-28312994.0,-1.1831779859618252,-45576432.0,-1.8909617426520975
2024-01-29,2366768220,Arbitrum,2119687.0,0.08964067896004568,-75740887.0,-3.1009459405057616
2024-01-30,2414646356,Arbitrum,47878136.0,2.022933027214635,51282459.0,2.1698926291078946
2024-01-31,2389212141,Arbitrum,-25434215.0,-1.0533308505736305,66482169.0,2.8622426972324755
2024-02-01,2347211904,Arbitrum,-42000237.0,-1.7579115842940918,9415096.0,0.40273371782275635
2024-02-02,2376927846,Arbitrum,29715942.0,1.2660101948767322,41966166.0,1.7972957055123917
2024-02-03,2383277373,Arbitrum,6349527.0,0.2671316679084379,-9684154.0,-0.40469325940817313
2024-02-04,2375942640,Arbitrum,-7334733.0,-0.3077582610859664,11294107.0,0.4776230734667042
2024-02-05,2373299314,Arbitrum,-2643326.0,-0.1112537800996738,6531094.0,0.2759498773394986
2024-02-06,2376462302,Arbitrum,3162988.0,0.13327387663839563,-38184054.0,-1.5813518159758178
2024-02-07,2416346138,Arbitrum,39883836.0,1.6782860795407695,27133997.0,1.135688059438844
2024-02-08,2448520689,Arbitrum,32174551.0,1.331537336229105,101308785.0,4.3161328905734875
2024-02-09,2442143630,Arbitrum,-6377059.0,-0.2604453794754158,65215784.0,2.743700617995115
2024-02-10,2519929424,Arbitrum,77785794.0,3.1851441104633116,136652051.0,5.733787118030098
2024-02-11,2525576934,Arbitrum,5647510.0,0.2241138162923484,149634294.0,6.297891686476076
2024-02-12,2529668589,Arbitrum,4091655.0,0.16200872540912403,156369275.0,6.588687489925249
2024-02-13,2611360225,Arbitrum,81691636.0,3.229341438448796,234897923.0,9.884353006665126
2024-02-14,2585364280,Arbitrum,-25995945.0,-0.9954944075170613,169018142.0,6.994781887494628
2024-02-15,2650631428,Arbitrum,65267148.0,2.5244855630170537,202110739.0,8.25440192962159
2024-02-16,2616883846,Arbitrum,-33747582.0,-1.2731902913210358,174740216.0,7.155198156793086
2024-02-17,2592961323,Arbitrum,-23922523.0,-0.9141606738322205,73031899.0,2.8981723973869444
2024-02-18,2583758257,Arbitrum,-9203066.0,-0.35492492380689855,58181323.0,2.303684445987253
2024-02-19,2640189665,Arbitrum,56431408.0,2.1840823477627724,110521076.0,4.368994281724858
2024-02-20,2666400664,Arbitrum,26210999.0,0.9927695478650467,55040439.0,2.107730617670711
2024-02-21,2664250205,Arbitrum,-2150459.0,-0.08065025744382615,78885925.0,3.0512498996853266
2024-02-22,2620479186,Arbitrum,-43771019.0,-1.6429019661087008,-30152242.0,-1.1375494035680056
2024-02-23,2630100230,Arbitrum,9621044.0,0.367148270110329,13216384.0,0.5050428210713998
2024-02-24,2594678980,Arbitrum,-35421250.0,-1.3467642638090638,1717657.0,0.06624306289353399
2024-02-25,2637442593,Arbitrum,42763613.0,1.6481273147709308,53684336.0,2.077761565137015
2024-02-26,2695159225,Arbitrum,57716632.0,2.188355953346055,54969560.0,2.082030724107087
2024-02-27,2738580101,Arbitrum,43420876.0,1.6110690454661292,72179437.0,2.7069989133486017
2024-02-28,2772563172,Arbitrum,33983071.0,1.2409011146904625,108312967.0,4.065420237060646
2024-02-29,2842943761,Arbitrum,70380589.0,2.538466560862185,222464575.0,8.489461629328133
2024-03-01,2824786773,Arbitrum,-18156988.0,-0.6386685607039033,194686543.0,7.402248050447868
2024-03-02,2872348319,Arbitrum,47561546.0,1.6837216335974459,277669339.0,10.701491056901391
2024-03-03,2874896676,Arbitrum,2548357.0,0.08872033322502304,237454083.0,9.003194368295397
2024-03-04,2914429032,Arbitrum,39532356.0,1.3750878885499196,219269807.0,8.135690276332387
2024-03-05,2944044605,Arbitrum,29615573.0,1.01617066927433,205464504.0,7.502592453840373
2024-03-06,2866699102,Arbitrum,-77345503.0,-2.6271851611433084,94135930.0,3.3952672729218536
2024-03-07,3007535381,Arbitrum,140836279.0,4.912837866441699,164591620.0,5.789478577026275
2024-03-08,3040395442,Arbitrum,32860061.0,1.0925910035038067,215608669.0,7.63274138284844
2024-03-09,3065751944,Arbitrum,25356502.0,0.8339869758297036,193403625.0,6.733292885151654
2024-03-10,3078121766,Arbitrum,12369822.0,0.40348411175956667,203225090.0,7.068952832167796
2024-03-11,3078475215,Arbitrum,353449.0,0.011482619170699593,164046183.0,5.628758882058782
2024-03-12,3175167429,Arbitrum,96692214.0,3.140912537767493,231122824.0,7.850520457722476
2024-03-13,3147987164,Arbitrum,-27180265.0,-0.8560261972881289,281288062.0,9.812263233478348
2024-03-14,3145688240,Arbitrum,-2298924.0,-0.07302837909538562,138152859.0,4.593557232037093
2024-03-15,3067201981,Arbitrum,-78486259.0,-2.4950425157198697,26806539.0,0.8816793575498361
2024-03-16,2968841541,Arbitrum,-98360440.0,-3.206845868296271,-96910403.0,-3.161064716591433
2024-03-17,2844717694,Arbitrum,-124123847.0,-4.180884876671165,-233404072.0,-7.582678326052939
2024-03-18,2894237010,Arbitrum,49519316.0,1.7407462295624176,-184238205.0,-5.984722699805789
2024-03-19,2834793705,Arbitrum,-59443305.0,-2.0538506278032886,-340373724.0,-10.719866955400171
2024-03-20,2627512422,Arbitrum,-207281283.0,-7.312041177260909,-520474742.0,-16.533572561924203
2024-03-21,2797321914,Arbitrum,169809492.0,6.4627474480499325,-348366326.0,-11.074407233693318
2024-03-22,2759053080,Arbitrum,-38268834.0,-1.3680525580010205,-308148901.0,-10.046580007083005
2024-03-23,2717861360,Arbitrum,-41191720.0,-1.4929658402947465,-250980181.0,-8.453808582706035
2024-03-24,2726489580,Arbitrum,8628220.0,0.31746358099737915,-118228114.0,-4.156057884034103
2024-03-25,2783927155,Arbitrum,57437575.0,2.1066493494539706,-110309855.0,-3.811362186955103
2024-03-26,2899466210,Arbitrum,115539055.0,4.150218327102739,64672505.0,2.281383117435709
2024-03-27,2892386187,Arbitrum,-7080023.0,-0.24418366993144147,264873765.0,10.080780695163538
2024-03-28,2826894181,Arbitrum,-65492006.0,-2.264289820438148,29572267.0,1.0571635267287993
2024-03-29,2851534521,Arbitrum,24640340.0,0.8716399844610923,92481441.0,3.3519268502075983
2024-03-30,2820442770,Arbitrum,-31091751.0,-1.0903515553126297,102581410.0,3.7743430003361222
2024-03-31,2810941526,Arbitrum,-9501244.0,-0.33687065382290715,84451946.0,3.0974608015923444
2024-04-01,2854050090,Arbitrum,43108564.0,1.5335987462302025,70122935.0,2.5188494919508697
2024-04-02,2768993257,Arbitrum,-85056833.0,-2.980215144016618,-130472953.0,-4.499895620442496
2024-04-03,2669641701,Arbitrum,-99351556.0,-3.58800281469952,-222744486.0,-7.7010631222461985
2024-04-04,2661037323,Arbitrum,-8604378.0,-0.32230459978119796,-165856858.0,-5.867105288721097
2024-04-05,2679265295,Arbitrum,18227972.0,0.6849949770509012,-172269226.0,-6.04128144798286
2024-04-06,2624456885,Arbitrum,-54808410.0,-2.045650727543946,-195985885.0,-6.948763048292594
2024-04-07,2681723138,Arbitrum,57266253.0,2.182023005495104,-129218388.0,-4.596978870061353
2024-04-08,2694217428,Arbitrum,12494290.0,0.4659052913761341,-159832662.0,-5.600205215739573
2024-04-09,2810453438,Arbitrum,116236010.0,4.3142772662667195,41460181.0,1.4973016238009507
2024-04-10,2717390153,Arbitrum,-93063285.0,-3.311326341212273,47748452.0,1.788571551834628
2024-04-11,2779212870,Arbitrum,61822717.0,2.2750769495410106,118175547.0,4.440957891818331
2024-04-12,2763014506,Arbitrum,-16198364.0,-0.5828399895111303,83749211.0,3.125827485478627
2024-04-13,2544628257,Arbitrum,-218386249.0,-7.903912503020349,-79828628.0,-3.0417199252255944
2024-04-14,2354317141,Arbitrum,-190311116.0,-7.478935890791694,-327405997.0,-12.208791890581805
2024-04-15,2469665107,Arbitrum,115347966.0,4.899423446027562,-224552321.0,-8.334602792867097
2024-04-16,2606733423,Arbitrum,137068316.0,5.5500770372264085,-203720015.0,-7.248652912925435
2024-04-17,2431303185,Arbitrum,-175430238.0,-6.7298879299327545,-286086968.0,-10.52800488307356
2024-04-18,2371702239,Arbitrum,-59600946.0,-2.451399165999113,-407510631.0,-14.662807422880132
2024-04-19,2408583674,Arbitrum,36881435.0,1.5550617777192244,-354430832.0,-12.827686254644654
2024-04-20,2478553698,Arbitrum,69970024.0,2.9050277453636753,-66074559.0,-2.5966291468404457
2024-04-21,2539209704,Arbitrum,60656006.0,2.447233886800393,184892563.0,7.853341411831494
2024-04-22,2537177477,Arbitrum,-2032227.0,-0.08003383874906067,67512370.0,2.733664973791128
2024-04-23,2588129844,Arbitrum,50952367.0,2.008230305601133,-18603579.0,-0.7136740119206286
2024-04-24,2571742938,Arbitrum,-16386906.0,-0.6331562552006176,140439753.0,5.776315922524478
2024-04-25,2523668301,Arbitrum,-48074637.0,-1.8693406829139336,151966062.0,6.407467999190097
2024-04-26,2538164230,Arbitrum,14495929.0,0.5743991393106551,129580556.0,5.379948282419522
2024-04-27,2504446275,Arbitrum,-33717955.0,-1.328438664506748,25892577.0,1.0446647583586044
2024-04-28,2490698353,Arbitrum,-13747922.0,-0.5489405836825112,-48511351.0,-1.910490138864085
2024-04-29,2537983871,Arbitrum,47285518.0,1.898484332438155,806394.0,0.03178311360991781
2024-04-30,2516509017,Arbitrum,-21474854.0,-0.8461383165346392,-71620827.0,-2.767281060725635
2024-05-01,2386469357,Arbitrum,-130039660.0,-5.167462509433962,-185273581.0,-7.204202965327633
2024-05-02,2352971620,Arbitrum,-33497737.0,-1.4036525087466223,-170696681.0,-6.763831876493498
2024-05-03,2389688181,Arbitrum,36716561.0,1.5604336528291851,-148476049.0,-5.849741606357761
2024-05-04,2481571681,Arbitrum,91883500.0,3.8449995581243623,-22874594.0,-0.9133593412779417
2024-05-05,2491013121,Arbitrum,9441440.0,0.3804621108585149,314768.0,0.012637740721221924
2024-05-06,2495730992,Arbitrum,4717871.0,0.1893956703891586,-42252879.0,-1.6648206272229737
2024-05-07,2474343234,Arbitrum,-21387758.0,-0.8569736910170933,-42165783.0,-1.6755665374196482
2024-05-08,2461200059,Arbitrum,-13143175.0,-0.5311783272182846,74730702.0,3.131433545576434
2024-05-09,2413515488,Arbitrum,-47684571.0,-1.93745205009358,60543868.0,2.573081098190211
2024-05-10,2461085583,Arbitrum,47570095.0,1.970987766041632,71397402.0,2.9877287994169555
2024-05-11,2397925508,Arbitrum,-63160075.0,-2.5663502088785317,-83646173.0,-3.37069340532985
2024-05-12,2418557168,Arbitrum,20631660.0,0.8603962020992117,-72455953.0,-2.9086941529602672
2024-05-13,2432082148,Arbitrum,13524980.0,0.5592168826501043,-63648844.0,-2.550308675254853
2024-05-14,2452044348,Arbitrum,19962200.0,0.820786420245545,-22298886.0,-0.9012042344647475
2024-05-15,2408423053,Arbitrum,-43621295.0,-1.7789765929633217,-52777006.0,-2.1443606669440562
2024-05-16,2505005467,Arbitrum,96582414.0,4.010193054733224,91489979.0,3.790735110459753
2024-05-17,2497123764,Arbitrum,-7881703.0,-0.3146381556380029,36038181.0,1.464320511604078
2024-05-18,2581427957,Arbitrum,84304193.0,3.3760518487460978,183502449.0,7.652550022417137
2024-05-19,2634759571,Arbitrum,53331614.0,2.06597336390435,216202403.0,8.93931331707103
2024-05-20,2608427201,Arbitrum,-26332370.0,-0.9994221214653654,176345053.0,7.250785223065592
2024-05-21,2887997063,Arbitrum,279569862.0,10.717947654158056,435952715.0,17.77915294866437
2024-05-22,2952215638,Arbitrum,64218575.0,2.2236371297861046,543792585.0,22.57878176023256
2024-05-23,2971388261,Arbitrum,19172623.0,0.6494316591652671,466382794.0,18.61803497612886
2024-05-24,2996483118,Arbitrum,25094857.0,0.8445499139030144,499359354.0,19.997381034895323
2024-05-25,2997106676,Arbitrum,623558.0,0.020809661708232063,415678719.0,16.102665885864198
2024-05-26,3004920882,Arbitrum,7814206.0,0.2607249872877082,370161311.0,14.04914949638112
2024-05-27,3044843867,Arbitrum,39922985.0,1.3285868935566825,436416666.0,16.731027257831443
2024-05-28,3048105847,Arbitrum,3261980.0,0.107131273145189,160108784.0,5.543938601990184
2024-05-29,3046963949,Arbitrum,-1141898.0,-0.03746254419360051,94748311.0,3.2093966910963223
2024-05-30,3006076590,Arbitrum,-40887359.0,-1.3419049153311824,34688329.0,1.1674115246159689
2024-05-31,3013986446,Arbitrum,7909856.0,0.2631288912036567,17503328.0,0.5841290376327191
2024-06-01,3035931396,Arbitrum,21944950.0,0.7281038051489608,38824720.0,1.2954066770761719
2024-06-02,3047496141,Arbitrum,11564745.0,0.3809290623377537,42575259.0,1.4168512474000083
2024-06-03,3044371953,Arbitrum,-3124188.0,-0.10251655311284136,-471914.0,-0.01549879141964361
2024-06-04,3026242427,Arbitrum,-18129526.0,-0.5955095592749315,-21863420.0,-0.7172788970408739
2024-06-05,3103863871,Arbitrum,77621444.0,2.5649446755311223,56899922.0,1.8674301026329498
2024-06-06,3135815011,Arbitrum,31951140.0,1.0293988824228384,129738421.0,4.315872104908669
2024-06-07,3112836025,Arbitrum,-22978986.0,-0.7327915045815203,98849579.0,3.279695538484839
2024-06-08,3056905474,Arbitrum,-55930551.0,-1.7967715148118013,20974078.0,0.6908613952092191
2024-06-09,3041451786,Arbitrum,-15453688.0,-0.5055337213217381,-6044355.0,-0.198338397174036
2024-06-10,3065565835,Arbitrum,24114049.0,0.7928466632612263,21193882.0,0.6961659852080526
2024-06-11,3027569405,Arbitrum,-37996430.0,-1.2394589464101324,1326978.0,0.04384903166252396
2024-06-12,2908196552,Arbitrum,-119372853.0,-3.942860989507191,-195667319.0,-6.303991641777773
2024-06-13,2961057074,Arbitrum,52860522.0,1.8176392501272787,-174757937.0,-5.572967040050947
2024-06-14,2914565983,Arbitrum,-46491091.0,-1.570084258362392,-198270042.0,-6.369434188233547
2024-06-15,2892778915,Arbitrum,-21787068.0,-0.747523580769105,-164126559.0,-5.369042660819945
2024-06-16,2947487796,Arbitrum,54708881.0,1.8912223369824899,-93963990.0,-3.089445324516482
2024-06-17,2986070547,Arbitrum,38582751.0,1.3090046056292381,-79495288.0,-2.5931685137011606
2024-06-18,2928106672,Arbitrum,-57963875.0,-1.9411421829344966,-99462733.0,-3.2852337864076153
2024-06-19,2869783512,Arbitrum,-58323160.0,-1.9918386361301277,-38413040.0,-1.3208543271802875
2024-06-20,2925412739,Arbitrum,55629227.0,1.9384468120116516,-35644335.0,-1.2037706166821427
2024-06-21,2911455295,Arbitrum,-13957444.0,-0.477110248886492,-3110688.0,-0.10672902991882838
2024-06-22,2806512996,Arbitrum,-104942299.0,-3.6044619740589257,-86265919.0,-2.9821124093750484
2024-06-23,2782116832,Arbitrum,-24396164.0,-0.8692695895144875,-165370964.0,-5.610573323642698
2024-06-24,2739108929,Arbitrum,-43007903.0,-1.5458697674131328,-246961618.0,-8.270454904292656
2024-06-25,2660367610,Arbitrum,-78741319.0,-2.8747056448298003,-267739062.0,-9.143760524855637
2024-06-26,2710065357,Arbitrum,49697747.0,1.86807818638266,-159718155.0,-5.565512322868205
2024-06-27,2665584740,Arbitrum,-44480617.0,-1.6413115973424097,-259827999.0,-8.881755231872601
2024-06-28,2684079259,Arbitrum,18494519.0,0.6938259633044064,-227376036.0,-7.809703840910254
2024-06-29,2650666860,Arbitrum,-33412399.0,-1.2448365258948546,-155846136.0,-5.553016722962645
2024-06-30,2647886601,Arbitrum,-2780259.0,-0.10488903913032921,-134230231.0,-4.824751766571389
2024-07-01,2710345613,Arbitrum,62459012.0,2.3588250333836713,-28763316.0,-1.0500975589350148
2024-07-02,2784148387,Arbitrum,73802774.0,2.7230023228775657,123780777.0,4.652769659904266
2024-07-03,2749576246,Arbitrum,-34572141.0,-1.2417492243383066,39510889.0,1.457931222874187
2024-07-04,2719494880,Arbitrum,-30081366.0,-1.0940364372059697,53910140.0,2.0224508037962385
2024-07-05,2656974300,Arbitrum,-62520580.0,-2.2989776689706476,-27104959.0,-1.0098419750130039
2024-07-06,2556167802,Arbitrum,-100806498.0,-3.7940336118418627,-94499058.0,-3.565105046810746
2024-07-07,2646258730,Arbitrum,90090928.0,3.524452812898704,-1627871.0,-0.0614781237000539
2024-07-08,2601191727,Arbitrum,-45067003.0,-1.7030459829602496,-109153886.0,-4.027305059415687
2024-07-09,2655371546,Arbitrum,54179819.0,2.082884488583492,-128776841.0,-4.625358389707124
2024-07-10,2685987046,Arbitrum,30615500.0,1.152964828824743,-63589200.0,-2.3126909134637663
2024-07-11,2738975154,Arbitrum,52988108.0,1.9727611150958557,19480274.0,0.7163195688752344
2024-07-12,2756271644,Arbitrum,17296490.0,0.6314949580590534,99297344.0,3.7372338904444913
2024-07-13,2773864096,Arbitrum,17592452.0,0.6382698903533823,217696294.0,8.516510294420797
2024-07-14,2844160051,Arbitrum,70295955.0,2.5342249139519435,197901321.0,7.478532569640306
2024-07-15,2911872839,Arbitrum,67712788.0,2.3807657370123136,310681112.0,11.94379902008662
2024-07-16,3037992521,Arbitrum,126119682.0,4.3312221712027865,382620975.0,14.409319689230404
2024-07-17,3086739895,Arbitrum,48747374.0,1.6045916394802129,400752849.0,14.920133348997533
2024-07-18,3084931673,Arbitrum,-1808222.0,-0.0585803164992571,345956519.0,12.630874672038006
2024-07-19,3101144530,Arbitrum,16212857.0,0.5255499543765696,344872886.0,12.51229670162366
2024-07-20,3189694079,Arbitrum,88549549.0,2.8553828479577437,415829983.0,14.991000590102455
2024-07-21,3214126143,Arbitrum,24432064.0,0.7659688796130437,369966092.0,13.007920980745125
2024-07-22,3251554784,Arbitrum,37428641.0,1.1645044200121246,339681945.0,11.665411361735645
2024-07-23,3213663876,Arbitrum,-37890908.0,-1.1653166105781376,175671355.0,5.782481483600721
2024-07-24,3177376796,Arbitrum,-36287080.0,-1.1291498240060482,90636901.0,2.9363310185875013
2024-07-25,3131649664,Arbitrum,-45727132.0,-1.4391472883406808,46717991.0,1.5143930547598883
2024-07-26,3073618078,Arbitrum,-58031586.0,-1.8530676233393661,-27526452.0,-0.8876223514806658
2024-07-27,3163338576,Arbitrum,89720498.0,2.919051610289225,-26355503.0,-0.8262705559607397
2024-07-28,3163957635,Arbitrum,619059.0,0.019569798967977725,-50168508.0,-1.5608755153950993
2024-07-29,3159173767,Arbitrum,-4783868.0,-0.1511988639506523,-92381017.0,-2.841133646419902
2024-07-30,3182222190,Arbitrum,23048423.0,0.7295712328571069,-31441686.0,-0.9783750638892252
2024-07-31,3128965321,Arbitrum,-53256869.0,-1.6735748109405257,-48411475.0,-1.5236302808324553
2024-08-01,3107297424,Arbitrum,-21667897.0,-0.692493996484278,-24352240.0,-0.7776169946447697
2024-08-02,3074929290,Arbitrum,-32368134.0,-1.0416812291606403,1311212.0,0.04266021238570339
2024-08-03,2949439426,Arbitrum,-125489864.0,-4.081065031579967,-213899150.0,-6.761816506865115
2024-08-04,2863887633,Arbitrum,-85551793.0,-2.9006119686961873,-300070002.0,-9.484008214288242
2024-08-05,2730293656,Arbitrum,-133593977.0,-4.664777188204717,-428880111.0,-13.575704998565852
2024-08-06,2469326999,Arbitrum,-260966657.0,-9.558190065984606,-712895191.0,-22.402432904912907
2024-08-07,2531628754,Arbitrum,62301755.0,2.5230257080261165,-597336567.0,-19.090546098129803
2024-08-08,2463418849,Arbitrum,-68209905.0,-2.694309143559359,-643878575.0,-20.721498046078256
2024-08-09,2643311173,Arbitrum,179892324.0,7.302547192615072,-431618117.0,-14.036684303722636
2024-08-10,2657257638,Arbitrum,13946465.0,0.5276134396303922,-292181788.0,-9.906349844799289
2024-08-11,2631042245,Arbitrum,-26215393.0,-0.9865581953781177,-232845388.0,-8.130395386919842
2024-08-12,2580910511,Arbitrum,-50131734.0,-1.9053944912997722,-149383145.0,-5.47132154344353
2024-08-13,2656363904,Arbitrum,75453393.0,2.9235183737837067,187036905.0,7.574408131273991
2024-08-14,2688250021,Arbitrum,31886117.0,1.2003670488062834,156621267.0,6.186581138823644
2024-08-15,2641483592,Arbitrum,-46766429.0,-1.7396606950496163,178064743.0,7.228358387867484
2024-08-16,2580497669,Arbitrum,-60985923.0,-2.3087753861012805,-62813504.0,-2.376318938216815
2024-08-17,2606877659,Arbitrum,26379990.0,1.0222830393108895,-50379979.0,-1.8959388160012525
2024-08-18,2618941986,Arbitrum,12064327.0,0.4627883843474123,-12100259.0,-0.4599036379212551
2024-08-19,2640408906,Arbitrum,21466920.0,0.819679096167647,59498395.0,2.305325765709987
2024-08-20,2624309068,Arbitrum,-16099838.0,-0.6097479054632426,-32054836.0,-1.2067185505619693
2024-08-21,2623873514,Arbitrum,-435554.0,-0.016596901840226774,-64376507.0,-2.3947365943310817
2024-08-22,2676916704,Arbitrum,53043190.0,2.0215604798395015,35433112.0,1.3414095059046671
2024-08-23,2685007430,Arbitrum,8090726.0,0.30224048390861125,104509761.0,4.049984708589172
2024-08-24,2795866375,Arbitrum,110858945.0,4.128813341868476,188988716.0,7.249619687657161
2024-08-25,2784787027,Arbitrum,-11079348.0,-0.39627602016566454,165845041.0,6.33252060895404
2024-08-26,2793846412,Arbitrum,9059385.0,0.3253169780010001,153437506.0,5.81112666493937
2024-08-27,2743084976,Arbitrum,-50761436.0,-1.8169014510594383,118775908.0,4.525987790398478
2024-08-28,2600545096,Arbitrum,-142539880.0,-5.196334829111027,-23328418.0,-0.8890831770482999
2024-08-29,2651219789,Arbitrum,50674693.0,1.9486181215601528,-25696915.0,-0.9599445123414596
2024-08-30,2652463316,Arbitrum,1243527.0,0.04690395738442543,-32544114.0,-1.212067930851124
2024-08-31,2644892367,Arbitrum,-7570949.0,-0.28543086550268937,-150974008.0,-5.399900701620619
2024-09-01,2641017407,Arbitrum,-3874960.0,-0.1465072850732052,-143769620.0,-5.16267917819484
2024-09-02,2594577995,Arbitrum,-46439412.0,-1.7583909851147772,-199268417.0,-7.132404134461778
2024-09-03,2692159343,Arbitrum,97581348.0,3.7609718492968236,-50925633.0,-1.8565094937110005
2024-09-04,2617529018,Arbitrum,-74630325.0,-2.7721362479546263,16983922.0,0.653090847227511
2024-09-05,2586695474,Arbitrum,-30833544.0,-1.1779637890532046,-64524315.0,-2.433759557306925
2024-09-06,2506415196,Arbitrum,-80280278.0,-3.1035844306735005,-146048120.0,-5.5061315690595585
2024-09-07,2410249766,Arbitrum,-96165430.0,-3.8367717429047987,-234642601.0,-8.871536850709205
2024-09-08,2449991374,Arbitrum,39741608.0,1.6488584942777162,-191026033.0,-7.233047101230261
2024-09-09,2468905368,Arbitrum,18913994.0,0.7720024731809438,-125672627.0,-4.843663487556871
2024-09-10,2516714320,Arbitrum,47808952.0,1.9364432764277684,-175445023.0,-6.516888513905473
2024-09-11,2519060508,Arbitrum,2346188.0,0.09322424803464013,-98468510.0,-3.7618879990579
2024-09-12,2478243178,Arbitrum,-40817330.0,-1.6203394031375162,-108452296.0,-4.192696708603738
2024-09-13,2481056910,Arbitrum,2813732.0,0.11353736489534416,-25358286.0,-1.0117352480335073
2024-09-14,2540850391,Arbitrum,59793481.0,2.4100003816518667,130600625.0,5.418551506250835
2024-09-15,2520934524,Arbitrum,-19915867.0,-0.7838268270554005,70943150.0,2.8956489705583843
2024-09-16,2467733726,Arbitrum,-53200798.0,-2.1103601657842974,-1171642.0,-0.04745592987021041
2024-09-17,2393590709,Arbitrum,-74143017.0,-3.0044982657095654,-123123611.0,-4.892236278927364
2024-09-18,2429908027,Arbitrum,36317318.0,1.5172735197979126,-89152481.0,-3.5391162981941338
2024-09-19,2420551560,Arbitrum,-9356467.0,-0.38505436815037264,-57691618.0,-2.3279240113376787
2024-09-20,2467473248,Arbitrum,46921688.0,1.9384709161080593,-13583662.0,-0.547494978662133
2024-09-21,2511239244,Arbitrum,43765996.0,1.7737171430520782,-29611147.0,-1.1654030125066162
2024-09-22,2507818570,Arbitrum,-3420674.0,-0.13621458043764356,-13115954.0,-0.5202814224301577
2024-09-23,2486494466,Arbitrum,-21324104.0,-0.8503048926701284,18760740.0,0.7602416663652578
2024-09-24,2537011119,Arbitrum,50516653.0,2.031641481240287,143420410.0,5.9918518843147694
2024-09-25,2534747193,Arbitrum,-2263926.0,-0.08923595103881299,104839166.0,4.314532271801075
2024-09-26,2512874439,Arbitrum,-21872754.0,-0.8629165883053069,92322879.0,3.8141256945586344
2024-09-27,2566023039,Arbitrum,53148600.0,2.115051957038916,98549791.0,3.9939558039739254
2024-09-28,2529609476,Arbitrum,-36413563.0,-1.41906609748097,18370232.0,0.73152058466317
2024-09-29,2531942379,Arbitrum,2332903.0,0.09222384016718266,24123809.0,0.9619439495577309
2024-09-30,2505539601,Arbitrum,-26402778.0,-1.042787474904061,19045135.0,0.7659431887108825
2024-10-01,2457878078,Arbitrum,-47661523.0,-1.9022458468019199,-79133041.0,-3.1191444297331783
2024-10-02,2368923709,Arbitrum,-88954369.0,-3.6191530326997734,-165823484.0,-6.542012728446489
2024-10-03,2311812542,Arbitrum,-57111167.0,-2.41084872353734,-201061897.0,-8.001271129170018
2024-10-04,2297951587,Arbitrum,-13860955.0,-0.5995708885638495,-268071452.0,-10.446962007966597
2024-10-05,2353049180,Arbitrum,55097593.0,2.3976829325603966,-176560296.0,-6.979745200796361
2024-10-06,2343850629,Arbitrum,-9198551.0,-0.3909204736638805,-188091750.0,-7.428753180168634
2024-10-07,2346587138,Arbitrum,2736509.0,0.11675270455129283,-158952463.0,-6.344041137348599
2024-10-08,2357335852,Arbitrum,10748714.0,0.45805731336110433,-100542226.0,-4.090610795544924
2024-10-09,2323491769,Arbitrum,-33844083.0,-1.4356920322272315,-45431940.0,-1.9178304403554725
2024-10-10,2249057352,Arbitrum,-74434417.0,-3.203558454267108,-62755190.0,-2.714544923513096
2024-10-11,2246819040,Arbitrum,-2238312.0,-0.09952222863546245,-51132547.0,-2.225135955399049
2024-10-12,2311492871,Arbitrum,64673831.0,2.878461943245769,-41556309.0,-1.7660620676020033
2024-10-13,2336648087,Arbitrum,25155216.0,1.0882670812269124,-7202542.0,-0.3072952649321725
2024-10-14,2311385054,Arbitrum,-25263033.0,-1.0811655011531918,-35202084.0,-1.500139646636045
2024-10-15,2413657265,Arbitrum,102272211.0,4.424715424330161,56321413.0,2.389197659392317
2024-10-16,2370425287,Arbitrum,-43231978.0,-1.791139886631754,46933518.0,2.019956284166202
2024-10-17,2343972351,Arbitrum,-26452936.0,-1.1159573830516578,94914999.0,4.220212477711871
2024-10-18,2344278045,Arbitrum,305694.0,0.013041706736416359,97459005.0,4.337643720519657
2024-10-19,2391560982,Arbitrum,47282937.0,2.0169508945770076,80068111.0,3.463913387081341
2024-10-20,2406675230,Arbitrum,15114248.0,0.6319825467030471,70027143.0,2.9969058408751303
2024-10-21,2441122240,Arbitrum,34447010.0,1.4313111121353916,129737186.0,5.61296291915887
2024-10-22,2389038364,Arbitrum,-52083876.0,-2.133603764144154,-24618901.0,-1.0199832990787083
2024-10-23,2358430803,Arbitrum,-30607561.0,-1.281166575690873,-11994484.0,-0.5060055706366584
2024-10-24,2312096676,Arbitrum,-46334127.0,-1.9646167672615844,-31875675.0,-1.3598997866336227
2024-10-25,2333902961,Arbitrum,21806285.0,0.9431389797128098,-10375084.0,-0.44257053987808437
2024-10-26,2288193582,Arbitrum,-45709379.0,-1.9584952658192378,-103367400.0,-4.322172872780206
2024-10-27,2290987969,Arbitrum,2794387.0,0.12212196651462115,-115687261.0,-4.8069327991546285
2024-10-28,2307686422,Arbitrum,16698453.0,0.7288756303372779,-133435818.0,-5.466166987196841
2024-10-29,2339634004,Arbitrum,31947582.0,1.3843987508628697,-49404360.0,-2.0679600940891385
2024-10-30,2404315333,Arbitrum,64681329.0,2.764591764755364,45884530.0,1.9455533714041406
2024-10-31,2434650470,Arbitrum,30335137.0,1.2616954433405825,122553794.0,5.3005479949057355
2024-11-01,2346087425,Arbitrum,-88563045.0,-3.6376081943294336,12184464.0,0.5220638648480547
2024-11-02,2340276478,Arbitrum,-5810947.0,-0.24768672037018824,52082896.0,2.2761577695920687
2024-11-03,2326509830,Arbitrum,-13766648.0,-0.5882487872443609,35521861.0,1.5505040393339664
2024-11-04,2294508647,Arbitrum,-32001183.0,-1.3755017317077067,-13177775.0,-0.5710383730810009
2024-11-05,2244526688,Arbitrum,-49981959.0,-2.178329511433741,-95107316.0,-4.065051022399146
2024-11-06,2276684129,Arbitrum,32157441.0,1.4327047734350673,-127631204.0,-5.308421996408741
2024-11-07,2471274304,Arbitrum,194590175.0,8.547087078147776,36623834.0,1.504274821017737
2024-11-08,2542968142,Arbitrum,71693838.0,2.901087826792703,196880717.0,8.39187469750835
2024-11-09,2582492141,Arbitrum,39523999.0,1.5542467224506806,242215663.0,10.349873840846247
2024-11-10,2698976632,Arbitrum,116484491.0,4.510545807697786,372466802.0,16.00968099068809
2024-11-11,2724975886,Arbitrum,25999254.0,0.9633004484641994,430467239.0,18.760759065468015
2024-11-12,2900920510,Arbitrum,175944624.0,6.456740586364229,656393822.0,29.2441976969712
2024-11-13,2879177549,Arbitrum,-21742961.0,-0.7495193654927124,602493420.0,26.463636844722792
2024-11-14,2829982164,Arbitrum,-49195385.0,-1.7086610381873313,358707860.0,14.515096904434932
2024-11-15,2770966628,Arbitrum,-59015536.0,-2.085367771950386,227998486.0,8.965841224447392
2024-11-16,2795513497,Arbitrum,24546869.0,0.8858594236379247,213021356.0,8.248673930814498
2024-11-17,2851561778,Arbitrum,56048281.0,2.0049368768975118,152585146.0,5.653444501552829
2024-11-18,2812692863,Arbitrum,-38868915.0,-1.363074624575078,87716977.0,3.2190001185206762
2024-11-19,2876045581,Arbitrum,63352718.0,2.2523866303848283,-24874929.0,-0.8574839922104616
2024-11-20,2856782277,Arbitrum,-19263304.0,-0.6697843778019075,-22395272.0,-0.7778357402022151
2024-11-21,2859566790,Arbitrum,2784513.0,0.09747025604360804,29584626.0,1.0453997334804344
2024-11-22,3014596698,Arbitrum,155029908.0,5.4214473514710315,243630070.0,8.79224121785418
2024-11-23,3028797656,Arbitrum,14200958.0,0.4710732287811936,233284159.0,8.344948405734698
2024-11-24,3066230227,Arbitrum,37432571.0,1.23588879982941,214668449.0,7.528100939498561
2024-11-25,3066146564,Arbitrum,-83663.0,-0.002728529621265352,253453701.0,9.011069226010981
2024-11-26,3006958095,Arbitrum,-59188469.0,-1.930386162714437,130912514.0,4.551823339130867
2024-11-27,2935702375,Arbitrum,-71255720.0,-2.3696944802285347,78920098.0,2.7625520724973374
2024-11-28,3131365619,Arbitrum,195663244.0,6.664955060371192,271798829.0,9.504895285205063
2024-11-29,3107028139,Arbitrum,-24337480.0,-0.7772161721495863,92431441.0,3.066129577509402
2024-11-30,3112505105,Arbitrum,5476966.0,0.1762766783876879,83707449.0,2.763718759296352
2024-12-01,3162359008,Arbitrum,49853903.0,1.6017291961999858,96128781.0,3.135080339158103
2024-12-02,3156760343,Arbitrum,-5598665.0,-0.17704077828724074,90613779.0,2.955298356050795
2024-12-03,3141608491,Arbitrum,-15151852.0,-0.4799810677297289,134650396.0,4.477960508458634
2024-12-04,3143887837,Arbitrum,2279346.0,0.07255347082648633,208185462.0,7.091504362733647
2024-12-05,3301312168,Arbitrum,157424331.0,5.007313847119277,169946549.0,5.427234302146822
2024-12-06,3244358970,Arbitrum,-56953198.0,-1.7251685118436777,137330831.0,4.420006026858836
2024-12-07,3426669969,Arbitrum,182310999.0,5.619322666998228,314164864.0,10.093633693815264
2024-12-08,3425835718,Arbitrum,-834251.0,-0.02434582284104314,263476710.0,8.33165081299967
2024-12-09,3443457078,Arbitrum,17621360.0,0.5143667545823627,286696735.0,9.081992417819729
2024-12-10,3256930386,Arbitrum,-186526692.0,-5.416843822207218,115321895.0,3.670791421985631
2024-12-11,3175650855,Arbitrum,-81279531.0,-2.495586990418408,31763018.0,1.0103101524865155
2024-12-12,3333345428,Arbitrum,157694573.0,4.9657402592515165,32033260.0,0.970319023765831
2024-12-13,3381924790,Arbitrum,48579362.0,1.4573755720584725,137565820.0,4.240154103539284
2024-12-14,3461839747,Arbitrum,79914957.0,2.363002194380548,35169778.0,1.0263543999909475
2024-12-15,3406312611,Arbitrum,-55527136.0,-1.6039776551794227,-19523107.0,-0.5698786692374558
2024-12-16,3427637623,Arbitrum,21325012.0,0.6260438907202737,-15819455.0,-0.4594061909779401
2024-12-17,3482326492,Arbitrum,54688869.0,1.595526570050132,225396106.0,6.920507327048542
2024-12-18,3426967801,Arbitrum,-55358691.0,-1.5897042143284468,251316946.0,7.913872068281891
2024-12-19,3250415739,Arbitrum,-176552062.0,-5.151844786766935,-82929689.0,-2.4878816429702466
2024-12-20,3059569428,Arbitrum,-190846311.0,-5.871443111419172,-322355362.0,-9.531712915472612
2024-12-21,3027337251,Arbitrum,-32232177.0,-1.053487353646021,-434502496.0,-12.55120189709925
2024-12-22,2981004208,Arbitrum,-46333043.0,-1.5304883188912988,-425308403.0,-12.48588874745531
2024-12-23,2938733288,Arbitrum,-42270920.0,-1.418009403896825,-488904335.0,-14.263594602865048
2024-12-24,3042263244,Arbitrum,103529956.0,3.5229449512398148,-440063248.0,-12.637047359314636
2024-12-25,3099005334,Arbitrum,56742090.0,1.865127553044843,-327962467.0,-9.570048102123973
2024-12-26,3089068955,Arbitrum,-9936379.0,-0.32063123257599635,-161346784.0,-4.963881452581164
2024-12-27,2976364485,Arbitrum,-112704470.0,-3.6484931751871508,-83204943.0,-2.7194984444065984
2024-12-28,2970089031,Arbitrum,-6275454.0,-0.2108429270550216,-57248220.0,-1.8910420363997926
2024-12-29,3023388391,Arbitrum,53299360.0,1.7945374513589796,42384183.0,1.4218088953465768
2024-12-30,2967778038,Arbitrum,-55610353.0,-1.8393387090305913,29044750.0,0.988342498402317
2024-12-31,2962782502,Arbitrum,-4995536.0,-0.1683257957986184,-79480742.0,-2.6125530772773575
2025-01-01,2941745762,Arbitrum,-21036740.0,-0.7100332199815318,-157259572.0,-5.07451762908131
2025-01-02,2999994774,Arbitrum,58249012.0,1.9800831449281464,-89074181.0,-2.8835284125277805
2025-01-03,3053396009,Arbitrum,53401235.0,1.7800442675037775,77031524.0,2.5881078875996666
2025-01-04,3137188942,Arbitrum,83792933.0,2.7442537015512247,167099911.0,5.6260909776074675
2025-01-05,3171397246,Arbitrum,34208304.0,1.0904126156390026,148008855.0,4.895462833706432
2025-01-06,3176876101,Arbitrum,5478855.0,0.17275839559078854,209098063.0,7.045609891395799
2025-01-07,3229514395,Arbitrum,52638294.0,1.6569199530139356,266731893.0,9.00274970639745
2025-01-08,3009913231,Arbitrum,-219601164.0,-6.799819946304964,68167469.0,2.317245422107961
2025-01-09,2940892196,Arbitrum,-69021035.0,-2.2931237448685082,-59102578.0,-1.9700893652290108
2025-01-10,2867890986,Arbitrum,-73001210.0,-2.4822810608049917,-185505023.0,-6.075367310798107
2025-01-11,2942174424,Arbitrum,74283438.0,2.5901764872732214,-195014518.0,-6.2162184556112665
2025-01-12,2953204410,Arbitrum,11029986.0,0.37489232147576157,-218192836.0,-6.880022244933237
2025-01-13,2938342187,Arbitrum,-14862223.0,-0.5032575107118964,-238533914.0,-7.508442457825648
2025-01-14,2863174885,Arbitrum,-75167302.0,-2.5581534489944713,-366339510.0,-11.343485898907101
2025-01-15,2897146308,Arbitrum,33971423.0,1.1864948654716878,-112766923.0,-3.7465174025144488
2025-01-16,3019648873,Arbitrum,122502565.0,4.228387246502852,78756677.0,2.6779858543308555
2025-01-17,2961944077,Arbitrum,-57704796.0,-1.9109770184197128,94053091.0,3.2795211344898823
2025-01-18,3089878925,Arbitrum,127934848.0,4.319286410349066,147704501.0,5.0202496424121
2025-01-19,2992315906,Arbitrum,-97563019.0,-3.1575029756222617,39111496.0,1.324374833911346
2025-01-20,2913065997,Arbitrum,-79249909.0,-2.6484472725988972,-25276190.0,-0.860219415962804
2025-01-21,2952752798,Arbitrum,39686801.0,1.3623721893314844,89577913.0,3.1286217781978154
2025-01-22,3048430806,Arbitrum,95678008.0,3.2402986143915014,151284498.0,5.2218452890091305
2025-01-23,3012139496,Arbitrum,-36291310.0,-1.1904915121763837,-7509377.0,-0.24868378132122393
2025-01-24,3064504056,Arbitrum,52364560.0,1.7384506949142953,102559979.0,3.4625899859621168
2025-01-25,3063306541,Arbitrum,-1197515.0,-0.039076959211570284,-26572384.0,-0.8599813987857141
2025-01-26,3049299511,Arbitrum,-14007030.0,-0.457251986130891,56983605.0,1.904331186615038
2025-01-27,3018433281,Arbitrum,-30866230.0,-1.0122400206556859,105367284.0,3.6170579076653775
2025-01-28,2950068615,Arbitrum,-68364666.0,-2.264905652555982,-2684183.0,-0.09090442660212306
2025-01-29,2921799441,Arbitrum,-28269174.0,-0.9582547963888577,-126631365.0,-4.153985215959666
2025-01-30,2951791928,Arbitrum,29992487.0,1.0265073837420813,-60347568.0,-2.003478526812563
2025-01-31,3011498096,Arbitrum,59706168.0,2.022709237519127,-53005960.0,-1.7296749826850255
2025-02-01,3032547938,Arbitrum,21049842.0,0.698982411045157,-30758603.0,-1.0040981073333621
2025-02-02,2938702641,Arbitrum,-93845297.0,-3.09460225917787,-110596870.0,-3.6269598837711525
2025-02-03,2723562942,Arbitrum,-215139699.0,-7.320907396292087,-294870339.0,-9.768986475735852
2025-02-04,2744766613,Arbitrum,21203671.0,0.7785269315064625,-205302002.0,-6.959228031379194
2025-02-05,2648892933,Arbitrum,-95873680.0,-3.4929629188111933,-272906508.0,-9.340357321260784
2025-02-06,2706299344,Arbitrum,57406411.0,2.167185026047247,-245492584.0,-8.316730649993154
2025-02-07,2703623351,Arbitrum,-2675993.0,-0.0988801555132035,-307874745.0,-10.223308638611872
2025-02-08,2686797550,Arbitrum,-16825801.0,-0.6223426422832357,-345750388.0,-11.401316485965474
2025-02-09,2696538737,Arbitrum,9741187.0,0.3625575362014244,-242163904.0,-8.240503840755897
2025-02-10,2709366105,Arbitrum,12827368.0,0.4756975237919514,-14196837.0,-0.5212597359536275
2025-02-11,2733015020,Arbitrum,23648915.0,0.8728578598645953,-11751593.0,-0.4281454366408144
2025-02-12,2714596216,Arbitrum,-18418804.0,-0.6739371670193006,65703283.0,2.4804053867736986
2025-02-13,2776883880,Arbitrum,62287664.0,2.294546188227642,70584536.0,2.60815700807413
2025-02-14,2739584380,Arbitrum,-37299500.0,-1.3432142506441425,35961029.0,1.3301049862104009
2025-02-15,2762121796,Arbitrum,22537416.0,0.8226582164992502,75324246.0,2.803495410363177
2025-02-16,2768004450,Arbitrum,5882654.0,0.21297590890159146,71465713.0,2.6502757783301245
2025-02-17,2751895270,Arbitrum,-16109180.0,-0.5819781106204513,42529165.0,1.5697090519259937
2025-02-18,2776141664,Arbitrum,24246394.0,0.8810798239425655,43126644.0,1.577987815083426
2025-02-19,2735327280,Arbitrum,-40814384.0,-1.4701837636481696,20731064.0,0.7636886796573927
2025-02-20,2772336150,Arbitrum,37008870.0,1.352996048063404,-4547730.0,-0.1637709820260791
2025-02-21,2825783638,Arbitrum,53447488.0,1.9278862702129418,86199258.0,3.1464355918104703
2025-02-22,2775019277,Arbitrum,-50764361.0,-1.7964702009503286,12897481.0,0.46694106750388986
2025-02-23,2836230747,Arbitrum,61211470.0,2.205803415757668,68226297.0,2.4648189059089054
2025-02-24,2873256688,Arbitrum,37025941.0,1.305462929599921,121361418.0,4.410103077796279
2025-02-25,2659571910,Arbitrum,-213684778.0,-7.4370236008652775,-116569754.0,-4.1989843498130615
2025-02-26,2625765016,Arbitrum,-33806894.0,-1.2711404370337132,-109562264.0,-4.005453563129013
2025-02-27,2509190091,Arbitrum,-116574925.0,-4.439655654243813,-263146059.0,-9.491852530220768
2025-02-28,2501206253,Arbitrum,-7983838.0,-0.31818386453208447,-324577385.0,-11.486278731153154
2025-03-01,2466576332,Arbitrum,-34629921.0,-1.3845288031910208,-308442945.0,-11.114983868993134
2025-03-02,2478600442,Arbitrum,12024110.0,0.48748177155539807,-357630305.0,-12.60935152678535
2025-03-03,2665368821,Arbitrum,186768379.0,7.535235443163857,-207887867.0,-7.23526957644377
2025-03-04,2438426511,Arbitrum,-226942310.0,-8.514480555634895,-221145399.0,-8.315075000171735
2025-03-05,2457347606,Arbitrum,18921095.0,0.7759551052551661,-168417410.0,-6.414032062037345
2025-03-06,2517917677,Arbitrum,60570071.0,2.464855637521879,8727586.0,0.34782482328876707
2025-03-07,2480832797,Arbitrum,-37084880.0,-1.472839256769709,-20373456.0,-0.8145452209534332
2025-03-08,2457745646,Arbitrum,-23087151.0,-0.9306210006542415,-8830686.0,-0.35801389502669867
2025-03-09,2495462265,Arbitrum,37716619.0,1.5346022100124257,16861823.0,0.680296134636138
2025-03-10,2350397084,Arbitrum,-145065181.0,-5.813158669421914,-314971737.0,-11.81719147152881
2025-03-11,2266983666,Arbitrum,-83413418.0,-3.548907483242947,-171442845.0,-7.030880128090933
2025-03-12,2332860829,Arbitrum,65877163.0,2.9059390232059945,-124486777.0,-5.065900188318739
2025-03-13,2363162647,Arbitrum,30301818.0,1.2989123750253517,-154755030.0,-6.146151298496161
2025-03-14,2344809020,Arbitrum,-18353627.0,-0.7766552599881238,-136023777.0,-5.482988501461672
2025-03-15,2382384414,Arbitrum,37575394.0,1.6024927266784506,-75361232.0,-3.0662746620119585
2025-03-16,2400599394,Arbitrum,18214980.0,0.7645693068238923,-94862871.0,-3.8014147651317054
2025-03-17,2360853173,Arbitrum,-39746221.0,-1.6556790399656296,10456089.0,0.4448647877917544
2025-03-18,2380675943,Arbitrum,19822770.0,0.8396443381868846,113692277.0,5.015134370182972
2025-03-19,2413479041,Arbitrum,32803098.0,1.3778900944688477,80618212.0,3.4557660276098634
2025-03-20,2488604381,Arbitrum,75125340.0,3.112740517890411,125441734.0,5.308214149341195
2025-03-21,2422421307,Arbitrum,-66183074.0,-2.659445370477309,77612287.0,3.3099619772018807
2025-03-22,2416389951,Arbitrum,-6031356.0,-0.24898047183499195,34005537.0,1.4273740543368163
2025-03-23,2392306046,Arbitrum,-24083905.0,-0.9966895032829104,-8293348.0,-0.34546988642620846
2025-03-24,2420144954,Arbitrum,27838908.0,1.1636850580446279,59291781.0,2.5114556753504713
2025-03-25,2465218846,Arbitrum,45073892.0,1.862445963226378,84542903.0,3.5512142359645837
2025-03-26,2467402481,Arbitrum,2183635.0,0.08857773432744409,53923440.0,2.234261789058567
2025-03-27,2430905648,Arbitrum,-36496833.0,-1.4791600997826837,-57698733.0,-2.318517697731237
2025-03-28,2423262540,Arbitrum,-7643108.0,-0.3144140129950457,841233.0,0.0347269485109436
2025-03-29,2358920050,Arbitrum,-64342490.0,-2.6552009506984775,-57469901.0,-2.378337195791458
2025-03-30,2324627827,Arbitrum,-34292223.0,-1.4537255300365093,-67678219.0,-2.828995023992009
2025-03-31,2303089618,Arbitrum,-21538209.0,-0.9265228932493597,-117055336.0,-4.836707644578553
2025-04-01,2319351832,Arbitrum,16262214.0,0.7061042641546056,-145867014.0,-5.917000603685962
2025-04-02,2350475777,Arbitrum,31123945.0,1.3419242639509887,-116926704.0,-4.7388581676634844
2025-04-03,2225359953,Arbitrum,-125115824.0,-5.322999931515571,-205545695.0,-8.455519249342746
2025-04-04,2174993567,Arbitrum,-50366386.0,-2.263291650058741,-248268973.0,-10.245236283807701
2025-04-05,2145995111,Arbitrum,-28998456.0,-1.3332662882308166,-212924939.0,-9.026373700117563
2025-04-06,2137229431,Arbitrum,-8765680.0,-0.4084669137906505,-187398396.0,-8.061436494195418
2025-04-07,1976234520,Arbitrum,-160994911.0,-7.532879187643937,-326855098.0,-14.192026894890898
2025-04-08,1961478036,Arbitrum,-14756484.0,-0.7466970063856548,-357873796.0,-15.429905504737585
2025-04-09,1899916227,Arbitrum,-61561809.0,-3.1385418480413763,-450559550.0,-19.16886591254584
2025-04-10,2019720713,Arbitrum,119804486.0,6.305777291516335,-205639240.0,-9.240718101481892
2025-04-11,1940763092,Arbitrum,-78957621.0,-3.909333626762679,-234230475.0,-10.769249093599731
2025-04-12,1984368772,Arbitrum,43605680.0,2.2468316807830124,-161626339.0,-7.5315334210936165
2025-04-13,2038781418,Arbitrum,54412646.0,2.7420632075941587,-98448013.0,-4.6063380735842046
2025-04-14,2014673792,Arbitrum,-24107626.0,-1.1824527037159749,38439272.0,1.9450764375879892
2025-04-15,2024247231,Arbitrum,9573439.0,0.4751855629439694,62769195.0,3.200096756015891
2025-04-16,2009090936,Arbitrum,-15156295.0,-0.7487373463029301,109174709.0,5.746290675794086
2025-04-17,2016954020,Arbitrum,7863084.0,0.3913752164775186,-2766693.0,-0.13698393952153998
2025-04-18,2038019780,Arbitrum,21065760.0,1.0444343198264816,97256688.0,5.0112601790966105
2025-04-19,2021266493,Arbitrum,-16753287.0,-0.8220375074082908,36897721.0,1.8594185476327407
2025-04-20,2042183801,Arbitrum,20917308.0,1.0348614629708708,3402383.0,0.1668831670703419
2025-04-21,2036284892,Arbitrum,-5898909.0,-0.28885299144530974,21611100.0,1.0726848230127706
2025-04-22,2028137036,Arbitrum,-8147856.0,-0.4001334013727931,3889805.0,0.19216056914541646
2025-04-23,2140349937,Arbitrum,112212901.0,5.532806659914469,131259001.0,6.5332533559347095
2025-04-24,2164569235,Arbitrum,24219298.0,1.1315578626337475,147615215.0,7.318719888319514
2025-04-25,2151860446,Arbitrum,-12708789.0,-0.5871278587215034,113840666.0,5.58584696366391
2025-04-26,2181065541,Arbitrum,29205095.0,1.3572020924631945,159799048.0,7.9058871530999
2025-04-27,2197732315,Arbitrum,16666774.0,0.7641574123608663,155548514.0,7.616773471801719
2025-04-28,2165477692,Arbitrum,-32254623.0,-1.4676320123181208,129192800.0,6.344534623203413
2025-04-29,2164831324,Arbitrum,-646368.0,-0.029848748956773363,136694288.0,6.739894078833841
2025-04-30,2157346708,Arbitrum,-7484616.0,-0.3457366824391017,16996771.0,0.794111780797091
2025-05-01,2156125209,Arbitrum,-1221499.0,-0.05662043080374435,-8444026.0,-0.3901019132797612
2025-05-02,2180041845,Arbitrum,23916636.0,1.109241518079207,28181399.0,1.3096294907220862
2025-05-03,2184182255,Arbitrum,4140410.0,0.18992341864887408,3116714.0,0.1428986860509962
2025-05-04,2159571483,Arbitrum,-24610772.0,-1.126772820521793,-38160832.0,-1.7363730668900845
2025-05-05,2148640807,Arbitrum,-10930676.0,-0.5061502286933139,-16836885.0,-0.7775136664857407
2025-05-06,2142800314,Arbitrum,-5840493.0,-0.27182267882898126,-22031010.0,-1.0176779020035998
2025-05-07,2155801959,Arbitrum,13001645.0,0.6067595246768365,-1544749.0,-0.07160411417745927
2025-05-08,2109721114,Arbitrum,-46080845.0,-2.137526817230251,-46404095.0,-2.1521985275392286
2025-05-09,2287703027,Arbitrum,177981913.0,8.436276805447008,107661182.0,4.9384915361567305
2025-05-10,2341825383,Arbitrum,54122356.0,2.3657946578395705,157643128.0,7.217489641220443
2025-05-11,2459422392,Arbitrum,117597009.0,5.021595967558956,299850909.0,13.884741086850138
2025-05-12,2447260094,Arbitrum,-12162298.0,-0.4945184706604877,298619287.0,13.898055274159194
2025-05-13,2407854802,Arbitrum,-39405292.0,-1.6101799762359037,265054488.0,12.369537481783288
2025-05-14,2494365181,Arbitrum,86510379.0,3.59284035433296,338563222.0,15.704746003526559
2025-05-15,2444434307,Arbitrum,-49930874.0,-2.0017467522531085,334713193.0,15.865281471511118
2025-05-16,2402704083,Arbitrum,-41730224.0,-1.707152607067386,115001056.0,5.0269224039454
2025-05-17,2403325205,Arbitrum,621122.0,0.025850957027739874,61499822.0,2.62614891983175
2025-05-18,2370738117,Arbitrum,-32587088.0,-1.355916707909699,-88684275.0,-3.6058984942347383
2025-05-19,2385080997,Arbitrum,14342880.0,0.6049963889790622,-62179097.0,-2.5407637362471536
2025-05-20,2434319534,Arbitrum,49238537.0,2.0644387784705565,26464732.0,1.0990999946515867
2025-05-21,2448059798,Arbitrum,13740264.0,0.5644396229866455,-46305383.0,-1.8563995100924213
2025-05-22,2476507267,Arbitrum,28447469.0,1.1620414265713919,32072960.0,1.3120810777427883
2025-05-23,2530318918,Arbitrum,53811651.0,2.1728848413671953,127614835.0,5.311300542706077
2025-05-24,2444108044,Arbitrum,-86210874.0,-3.4071149445518256,40782839.0,1.6969338529448041
2025-05-25,2475197194,Arbitrum,31089150.0,1.2720039147336548,104459077.0,4.406183721894408
2025-05-26,2463913073,Arbitrum,-11284121.0,-0.45588775825026184,78832076.0,3.3052158857144187
2025-05-27,2507256388,Arbitrum,43343315.0,1.7591251686175147,72936854.0,2.9961906389565973
2025-05-28,2535622095,Arbitrum,28365707.0,1.1313444901670744,87562297.0,3.5768038457040907
2025-05-29,2512127810,Arbitrum,-23494285.0,-0.9265688702716601,35620543.0,1.4383379154445208
2025-05-30,2462585558,Arbitrum,-49542252.0,-1.9721230664613398,-67733360.0,-2.676870473447568
2025-05-31,2402239091,Arbitrum,-60346467.0,-2.4505328070311028,-41868953.0,-1.713056552585035
2025-06-01,2422670185,Arbitrum,20431094.0,0.85050210349773,-52527009.0,-2.122134314281221
2025-06-02,2445690381,Arbitrum,23020196.0,0.9501993355319316,-18222692.0,-0.7395833968205867
2025-06-03,2453978611,Arbitrum,8288230.0,0.3388912212432649,-53277777.0,-2.1249433147321195
2025-06-04,2448803733,Arbitrum,-5174878.0,-0.2108770621228495,-86818362.0,-3.423947210871736
2025-06-05,2436438408,Arbitrum,-12365325.0,-0.5049536977327018,-75689402.0,-3.012959838217788
2025-06-06,2324101522,Arbitrum,-112336886.0,-4.610700834100456,-138484036.0,-5.623521812272402
2025-06-07,2380199015,Arbitrum,56097493.0,2.4137281641520403,-22040076.0,-0.9174805323322377
2025-06-08,2409176645,Arbitrum,28977630.0,1.2174456764910468,-13493540.0,-0.5569697469983925
2025-06-09,2400843330,Arbitrum,-8333315.0,-0.3458988786602668,-44847051.0,-1.8337174381682253
2025-06-10,2512518366,Arbitrum,111675036.0,4.651492023846471,58539755.0,2.385503880824169
2025-06-11,2555383264,Arbitrum,42864898.0,1.706053121046125,106579531.0,4.352310050974584
2025-06-12,2542592554,Arbitrum,-12790710.0,-0.5005397890873842,106154146.0,4.3569394428952135
2025-06-13,2408002684,Arbitrum,-134589870.0,-5.293410845094448,83901162.0,3.6100472034370945
2025-06-14,2432357931,Arbitrum,24355247.0,1.0114293958984666,52158916.0,2.1913678508097334
2025-06-15,2421361241,Arbitrum,-10996690.0,-0.4520999915287538,12184596.0,0.5057576838663147
2025-06-16,2400663405,Arbitrum,-20697836.0,-0.8548016565860239,-179925.0,-0.007494241617178599
2025-06-17,2418275938,Arbitrum,17612533.0,0.733652746291602,-94242428.0,-3.7509149893314664
2025-06-18,2381127631,Arbitrum,-37148307.0,-1.5361483946585097,-174255633.0,-6.819158419595883
2025-06-19,2403332775,Arbitrum,22205144.0,0.9325474078293983,-139259779.0,-5.477078062740204
2025-06-20,2410804361,Arbitrum,7471586.0,0.31088437180739614,2801677.0,0.1163485829403621
2025-06-21,2348511998,Arbitrum,-62292363.0,-2.583882956564798,-83845933.0,-3.4471050469750963
2025-06-22,2284217266,Arbitrum,-64294732.0,-2.7376795202559534,-137143975.0,-5.663920470758043
2025-06-23,2257817287,Arbitrum,-26399979.0,-1.1557560391893151,-142846118.0,-5.950276815253908
2025-06-24,2369065418,Arbitrum,111248131.0,4.92724241419098,-49210520.0,-2.0349423002860023
2025-06-25,2404796529,Arbitrum,35731111.0,1.508236569936705,23668898.0,0.994020551097452
2025-06-26,2413193077,Arbitrum,8396548.0,0.3491583549270816,9860302.0,0.4102761840794278
2025-06-27,2422216270,Arbitrum,9023193.0,0.3739109433886334,11411909.0,0.4733652047678616
2025-06-28,2432776589,Arbitrum,10560319.0,0.4359775438218749,84264591.0,3.58799917018775
2025-06-29,2461567500,Arbitrum,28790911.0,1.183458897548606,177350234.0,7.7641578425929
2025-06-30,2500339909,Arbitrum,38772409.0,1.5751105342429073,242522622.0,10.741463598334121
2025-07-01,2485810429,Arbitrum,-14529480.0,-0.5811001915259961,116745011.0,4.927893088682955
2025-07-02,2431083526,Arbitrum,-54726903.0,-2.2015718641109627,26286997.0,1.093106908755015
2025-07-03,2493934139,Arbitrum,62850613.0,2.585292209330703,80741062.0,3.3458185658469697
2025-07-04,2558240314,Arbitrum,64306175.0,2.5785033371324317,136024044.0,5.615685340929533
2025-07-05,2514649473,Arbitrum,-43590841.0,-1.7039384752655429,81872884.0,3.3654090708614692
2025-07-06,2522670971,Arbitrum,8021498.0,0.31899070173109223,61103471.0,2.4822992260013166
2025-07-07,2538410312,Arbitrum,15739341.0,0.6239157298330023,38070403.0,1.5226091005852815
2025-07-08,2522484231,Arbitrum,-15926081.0,-0.6274037307803071,36673802.0,1.4753257759383187
2025-07-09,2553204397,Arbitrum,30720166.0,1.2178536389827688,122120871.0,5.023310375556389
2025-07-10,2535687562,Arbitrum,-17516835.0,-0.6860725690658431,41753423.0,1.6741991036195447
2025-07-11,2590579502,Arbitrum,54891940.0,2.164775377795536,32339188.0,1.2641184576375863
2025-07-12,2604453891,Arbitrum,13874389.0,0.5355708631712863,89804418.0,3.5712499481234783
2025-07-13,2580960086,Arbitrum,-23493805.0,-0.9020626197755122,58289115.0,2.3106110812736613
2025-07-14,2604859712,Arbitrum,23899626.0,0.9259975049455305,66449400.0,2.617756463006371
2025-07-15,2640204724,Arbitrum,35345012.0,1.3568873531719872,117720493.0,4.666847528847851
2025-07-16,2680157746,Arbitrum,39953022.0,1.5132546971384109,126953349.0,4.9723143650061585
2025-07-17,2750324263,Arbitrum,70166517.0,2.6179995227788355,214636701.0,8.464635163123457
2025-07-18,2778686426,Arbitrum,28362163.0,1.0312297855767483,188106924.0,7.261190936420836
2025-07-19,2813348469,Arbitrum,34662043.0,1.2474254984538469,208894578.0,8.020667162580985
2025-07-20,2852822310,Arbitrum,39473841.0,1.4030910651473993,271862224.0,10.533375757132891
2025-07-21,2927317844,Arbitrum,74495534.0,2.6112924642684776,322458132.0,12.37909782682378
2025-07-22,2929630336,Arbitrum,2312492.0,0.07899695636877091,289425612.0,10.962241275044393
2025-07-23,2913436340,Arbitrum,-16193996.0,-0.5527658490221188,233278594.0,8.7039128330471
2025-07-24,2862939113,Arbitrum,-50497227.0,-1.7332531453218558,112614850.0,4.094602644313716
2025-07-25,2906990009,Arbitrum,44050896.0,1.5386598967464638,128303583.0,4.617418568697462
2025-07-26,2942660598,Arbitrum,35670589.0,1.227062662395273,129312129.0,4.59637796116894
2025-07-27,2928973055,Arbitrum,-13687543.0,-0.46514174992871027,76150745.0,2.6693125868046064
2025-07-28,2994498749,Arbitrum,65525694.0,2.237155916751843,67180905.0,2.29496448900135
2025-07-29,2954351559,Arbitrum,-40147190.0,-1.340698172387178,24721223.0,0.8438342099417628
2025-07-30,2935948009,Arbitrum,-18403550.0,-0.6229302651519664,22511669.0,0.7726844307845759
2025-07-31,2934443280,Arbitrum,-1504729.0,-0.051251895312431905,71504167.0,2.4975790325164393
2025-08-01,2870232801,Arbitrum,-64210479.0,-2.1881656202944244,-36757208.0,-1.2644421854289267
2025-08-02,2777740765,Arbitrum,-92492036.0,-3.2224576336726263,-164919833.0,-5.604446299790366
2025-08-03,2749882765,Arbitrum,-27858000.0,-1.0029013632595007,-179090290.0,-6.114439656393489
2025-08-04,2820291584,Arbitrum,70408819.0,2.560429844361023,-174207165.0,-5.8175734773031955
2025-08-05,2927662649,Arbitrum,107371065.0,3.807090926666401,-26688910.0,-0.9033762389819899
2025-08-06,2885381467,Arbitrum,-42281182.0,-1.4441958336436689,-50566542.0,-1.7223241639494624
2025-08-07,2956073781,Arbitrum,70692314.0,2.4500162217199195,21630501.0,0.7371245219638389
2025-08-08,3101621708,Arbitrum,145547927.0,4.923690603918662,231388907.0,8.061677328730376
2025-08-09,3078650845,Arbitrum,-22970863.0,-0.7406081451116764,300910080.0,10.832907224155598
2025-08-10,3190064075,Arbitrum,111413230.0,3.6188978747279776,440181310.0,16.007275495615538
2025-08-11,3148036706,Arbitrum,-42027369.0,-1.317445919953819,327745122.0,11.620965855422693
2025-08-12,3160376347,Arbitrum,12339641.0,0.3919789428274756,232713698.0,7.948788023083453
2025-08-13,3270309314,Arbitrum,109932967.0,3.478477084045828,384927847.0,13.340622423842575
2025-08-14,3387977331,Arbitrum,117668017.0,3.598069959201422,431903550.0,14.610716172784176
2025-08-15,3256931173,Arbitrum,-131046158.0,-3.867976234696946,155309465.0,5.007363231931561
2025-08-16,3221614391,Arbitrum,-35316782.0,-1.0843576398781973,142963546.0,4.64370768878144
2025-08-17,3237529578,Arbitrum,15915187.0,0.49401278577787533,47465503.0,1.487916915900822
2025-08-18,3224866615,Arbitrum,-12662963.0,-0.3911304188863207,76829909.0,2.440565856604082
2025-08-19,3184289344,Arbitrum,-40577271.0,-1.2582619948143137,23912997.0,0.7566502964971189
2025-08-20,3083296444,Arbitrum,-100992900.0,-3.1715993457157365,-187012870.0,-5.7185070904274715
2025-08-21,3185642600,Arbitrum,102346156.0,3.319374502544581,-202334731.0,-5.972139457623782
2025-08-22,3160520000,Arbitrum,-25122600.0,-0.7886195394298134,-96411173.0,-2.9601845381090564
2025-08-23,3385075207,Arbitrum,224555207.0,7.105008258134737,163460816.0,5.07387899857441
2025-08-24,3389230457,Arbitrum,4155250.0,0.12275207331899907,151700879.0,4.68569862746131
2025-08-25,3307525563,Arbitrum,-81704894.0,-2.410721107242786,82658948.0,2.5631741671275243
2025-08-26,3186965007,Arbitrum,-120560556.0,-3.6450377692817892,2675663.0,0.08402700605840696
2025-08-27,3227584409,Arbitrum,40619402.0,1.274548101745121,144287965.0,4.679665663701593
2025-08-28,3184925045,Arbitrum,-42659364.0,-1.3217118003497008,-717555.0,-0.022524654837297042
2025-08-29,3200268784,Arbitrum,15343739.0,0.48176138474869123,39748784.0,1.2576659537038237
2025-08-30,3120720777,Arbitrum,-79548007.0,-2.4856664351977753,-264354430.0,-7.8094108353439555
2025-08-31,3178521359,Arbitrum,57800582.0,1.8521548747967298,-210709098.0,-6.217018897750338
2025-09-01,3137559979,Arbitrum,-40961380.0,-1.2886929289940952,-169965584.0,-5.138753450656253
2025-09-02,3084785038,Arbitrum,-52774941.0,-1.6820376774700052,-102179969.0,-3.2061842152507847
2025-09-03,3166190274,Arbitrum,81405236.0,2.6389273481687514,-61394135.0,-1.90216977219263
2025-09-04,3248397365,Arbitrum,82207091.0,2.5964040024715196,63472320.0,1.992898391742215
2025-09-05,3225600648,Arbitrum,-22796717.0,-0.7017835085579183,25331864.0,0.791554263399652
2025-09-06,3283558006,Arbitrum,57957358.0,1.796792731795116,162837229.0,5.217936516465205
2025-09-07,3260974377,Arbitrum,-22583629.0,-0.6877792004506444,82453018.0,2.5940683949325694
2025-09-08,3282981529,Arbitrum,22007152.0,0.6748643029892865,145421550.0,4.634861197023188
2025-09-09,3301792364,Arbitrum,18810835.0,0.572980226475095,217007326.0,7.034763308521996
2025-09-10,3311006700,Arbitrum,9214336.0,0.2790707283857552,144816426.0,4.573838382020123
2025-09-11,3358887381,Arbitrum,47880681.0,1.4461064364502896,110490016.0,3.4013700783801726
2025-09-12,3434369455,Arbitrum,75482074.0,2.247234439206691,208768807.0,6.472245940595434
2025-09-13,3521487726,Arbitrum,87118271.0,2.536659848088485,237929720.0,7.2460946194717435
2025-09-14,3527124461,Arbitrum,5636735.0,0.1600668648759518,266150084.0,8.161673574536032
2025-09-15,3519775047,Arbitrum,-7349414.0,-0.20836843386911053,236793518.0,7.212758156215626
2025-09-16,3472961031,Arbitrum,-46814016.0,-1.3300286346396129,171168667.0,5.184113600427476
2025-09-17,3521970912,Arbitrum,49009881.0,1.4111843053386641,210964212.0,6.371603295154915
2025-09-18,3561369668,Arbitrum,39398756.0,1.1186564848040481,202482287.0,6.028254717480808
2025-09-19,3551105004,Arbitrum,-10264664.0,-0.28822236827115155,116735549.0,3.3990387618329176
2025-09-20,3497973165,Arbitrum,-53131839.0,-1.4962057990442923,-23514561.0,-0.6677450790581019
2025-09-21,3504548484,Arbitrum,6575319.0,0.1879751127250362,-22575977.0,-0.6400674898100811
2025-09-22,3474684266,Arbitrum,-29864218.0,-0.8521559378146693,-45090781.0,-1.2810699660602443
2025-09-23,3356367321,Arbitrum,-118316945.0,-3.405113556870143,-116593710.0,-3.357184516591827
2025-09-24,3346282381,Arbitrum,-10084940.0,-0.3004718803243267,-175688531.0,-4.98835837631132
2025-09-25,3360287986,Arbitrum,14005605.0,0.41854223300230586,-201081682.0,-5.64618954911591
2025-09-26,3182251232,Arbitrum,-178036754.0,-5.298258802273981,-368853772.0,-10.387013945927237
2025-09-27,3288084614,Arbitrum,105833382.0,3.325739367645242,-209888551.0,-6.000290485361681
2025-09-28,3240894270,Arbitrum,-47190344.0,-1.4351925068799343,-263654214.0,-7.523200640644923
2025-09-29,3364082620,Arbitrum,123188350.0,3.8010604400247727,-110601646.0,-3.1830703895097456
2025-09-30,3466823963,Arbitrum,102741343.0,3.0540671738912284,110456642.0,3.290958093558438
2025-10-01,3446090854,Arbitrum,-20733109.0,-0.5980433163401466,99808473.0,2.982667379379178
2025-10-02,3628981882,Arbitrum,182891028.0,5.3072027334308824,268693896.0,7.99615679130663
2025-10-03,3685891457,Arbitrum,56909575.0,1.56819672432853,503640225.0,15.826538770273935
2025-10-04,3745492953,Arbitrum,59601496.0,1.6170171231387975,457408339.0,13.911087842826419
2025-10-05,3736306837,Arbitrum,-9186116.0,-0.24525786365829916,495412567.0,15.286292168982119
2025-10-06,4108070022,Arbitrum,371763185.0,9.950017523145949,743987402.0,22.11561028783533
2025-10-07,4191014477,Arbitrum,82944455.0,2.019061373243547,724190514.0,20.88916315708529
2025-10-08,4070960535,Arbitrum,-120053942.0,-2.8645556501617375,624869681.0,18.13271058349177
2025-10-09,4130193703,Arbitrum,59233168.0,1.4550170037450405,501211821.0,13.811361899767128
2025-10-10,4089503031,Arbitrum,-40690672.0,-0.9852000880841039,403611574.0,10.950175248201832
2025-10-11,3735284052,Arbitrum,-354218979.0,-8.661663197578884,-10208901.0,-0.2725649501442273
2025-10-12,3713871229,Arbitrum,-21412823.0,-0.5732582235221106,-22435608.0,-0.6004755224550684
2025-10-13,3902013630,Arbitrum,188142401.0,5.065937653704267,-206056392.0,-5.015892886355477
2025-10-14,3963125489,Arbitrum,61111859.0,1.5661621099975598,-227888988.0,-5.437561460372875
2025-10-15,3914139439,Arbitrum,-48986050.0,-1.2360458970064214,-156821096.0,-3.852189051004884
2025-10-16,3862882046,Arbitrum,-51257393.0,-1.3095443787535466,-267311657.0,-6.472133663024959
2025-10-17,3808056526,Arbitrum,-54825520.0,-1.4192905542319556,-281446505.0,-6.882168881317064
2025-10-18,3790689416,Arbitrum,-17367110.0,-0.45606229533159404,55405364.0,1.483297206549361
2025-10-19,3843305375,Arbitrum,52615959.0,1.3880313902245645,129434146.0,3.485154385249145
2025-10-20,3904940404,Arbitrum,61635029.0,1.6036984570865664,2926774.0,0.07500676003533435
2025-10-21,3907918372,Arbitrum,2977968.0,0.0762615479854567,-55207117.0,-1.3930196546446005
2025-10-22,3846414744,Arbitrum,-61503628.0,-1.5738206928954779,-67724695.0,-1.7302575969879719
2025-10-23,3820888583,Arbitrum,-25526161.0,-0.6636351693435572,-41993463.0,-1.087101871088303
2025-10-24,3853206520,Arbitrum,32317937.0,0.8458225435776789,45149994.0,1.185644007428266
2025-10-25,3894883405,Arbitrum,41676885.0,1.081615656562307,104193989.0,2.748681771717054
2025-10-26,3538390869,Arbitrum,-356492536.0,-9.152842304402686,-304914506.0,-7.933652839126792
2025-10-27,3634659392,Arbitrum,96268523.0,2.720686508757786,-270281012.0,-6.921514390415262
2025-10-28,3627910029,Arbitrum,-6749363.0,-0.1856945114267261,-280008343.0,-7.165153320658968
2025-10-29,3551272427,Arbitrum,-76637602.0,-2.112444944538061,-295142317.0,-7.673179743822233
2025-10-30,3495014733,Arbitrum,-56257694.0,-1.5841559654020898,-325873850.0,-8.528745157602524
2025-10-31,3424194718,Arbitrum,-70820015.0,-2.0263152063799916,-429011802.0,-11.13389069008427
2025-11-01,3434347659,Arbitrum,10152941.0,0.2965059477087806,-460535746.0,-11.824121497675488
2025-11-02,3457864883,Arbitrum,23517224.0,0.6847653858912839,-80525986.0,-2.275779838386194
2025-11-03,3488371636,Arbitrum,30506753.0,0.8822424829258324,-146287756.0,-4.024799581550442
2025-11-04,3281017284,Arbitrum,-207354352.0,-5.944158869430738,-346892745.0,-9.561779157340844
2025-11-05,2997344528,Arbitrum,-283672756.0,-8.645878136129925,-553927899.0,-15.598011991097527
2025-11-06,3062490722,Arbitrum,65146194.0,2.173463657294983,-432524011.0,-12.375456014994713
2025-11-07,2952837083,Arbitrum,-109653639.0,-3.5805378351771555,-471357635.0,-13.765503244374788
2025-11-08,2976659334,Arbitrum,23822251.0,0.8067580543860364,-457688325.0,-13.326790716734482
2025-11-09,2963421123,Arbitrum,-13238211.0,-0.4447338279120694,-494443760.0,-14.29910585664721
2025-11-10,3059425668,Arbitrum,96004545.0,3.239652449490893,-428945968.0,-12.296452693665927
2025-11-11,3068279257,Arbitrum,8853589.0,0.28938728901322097,-212738027.0,-6.483904490153858
2025-11-12,3010120519,Arbitrum,-58158738.0,-1.8954838568658983,12775991.0,0.42624365936754227
2025-11-13,2994508477,Arbitrum,-15612042.0,-0.5186517251205114,-67982245.0,-2.2198351332670563
2025-11-14,2911104537,Arbitrum,-83403940.0,-2.7852297176849783,-41732546.0,-1.4133033698425668
2025-11-15,2845585390,Arbitrum,-65519147.0,-2.2506628040063426,-131073944.0,-4.403390824836661
2025-11-16,2866952061,Arbitrum,21366671.0,0.7508708427828914,-96469062.0,-3.255327474427261
2025-11-17,2828418511,Arbitrum,-38533550.0,-1.344059795215391,-231007157.0,-7.550670683593152
2025-11-18,2772522768,Arbitrum,-55895743.0,-1.9762189641531425,-295756489.0,-9.639164633572983
2025-11-19,2827334924,Arbitrum,54812156.0,1.976977669313773,-182785595.0,-6.07236799477795
2025-11-20,2781309786,Arbitrum,-46025138.0,-1.6278629606033879,-213198691.0,-7.119655617525245
2025-11-21,2697189833,Arbitrum,-84119953.0,-3.0244726216197226,-213914704.0,-7.348231617283208
2025-11-22,2667573107,Arbitrum,-29616726.0,-1.0980586400571646,-178012283.0,-6.255735063357215
2025-11-23,2640302901,Arbitrum,-27270206.0,-1.0222852347866351,-226649160.0,-7.905578997402007
2025-11-24,2660219416,Arbitrum,19916515.0,0.7543268991014873,-168199095.0,-5.946754143556088
2025-11-25,2730891373,Arbitrum,70671957.0,2.656621351417132,-41631395.0,-1.5015708971086839
2025-11-26,2696341355,Arbitrum,-34550018.0,-1.2651553387143855,-130993569.0,-4.633111128365208
2025-11-27,2773901177,Arbitrum,77559822.0,2.8764837900133067,-7408609.0,-0.2663712268691554
2025-11-28,2813041151,Arbitrum,39139974.0,1.4110082336217245,115851318.0,4.295260073375795
2025-11-29,2846354502,Arbitrum,33313351.0,1.1842468421820795,178781395.0,6.7020241931086355
2025-11-30,2821533469,Arbitrum,-24821033.0,-0.8720288700005407,181230568.0,6.864006699055625
2025-12-01,2804941890,Arbitrum,-16591579.0,-0.5880341021040736,144722474.0,5.440245760539919
2025-12-02,2698875232,Arbitrum,-106066658.0,-3.7814208692929507,-32016141.0,-1.1723696268749362
2025-12-03,2916190867,Arbitrum,217315635.0,8.052081564324798,219849512.0,8.153623115720077
2025-12-04,3033162801,Arbitrum,116971934.0,4.01112064795448,259261624.0,9.34646216489925
2025-12-05,3003821964,Arbitrum,-29340837.0,-0.9673347236860086,190780813.0,6.782012873582732
2025-12-06,2933901735,Arbitrum,-69920229.0,-2.327708826887054,87547233.0,3.0757670184260233
2025-12-07,2946922781,Arbitrum,13021046.0,0.44381329628955246,125389312.0,4.444012923385254
2025-12-08,2953780533,Arbitrum,6857752.0,0.23270891399715943,148838643.0,5.306300409667308
2025-12-09,3002712362,Arbitrum,48931829.0,1.6565830959114125,303837130.0,11.257916868385266
2025-12-10,3052726744,Arbitrum,50014382.0,1.6656401270046084,136535877.0,4.681993848381394
2025-12-11,3028460425,Arbitrum,-24266319.0,-0.7949063586413119,-4702376.0,-0.15503210043489313
2025-12-12,3005937727,Arbitrum,-22522698.0,-0.7437012487954142,2115763.0,0.07043569909790381
2025-12-13,2937769161,Arbitrum,-68168566.0,-2.2677970134808434,3867426.0,0.1318185252717763
2025-12-14,2950448344,Arbitrum,12679183.0,0.4315922152196672,3525563.0,0.11963540486132906
2025-12-15,2911279820,Arbitrum,-39168524.0,-1.3275448146602087,-42500713.0,-1.4388581861508265
2025-12-16,2847863920,Arbitrum,-63415900.0,-2.178282539670129,-154848442.0,-5.156952226248568
2025-12-17,2850912085,Arbitrum,3048165.0,0.10703337960051851,-201814659.0,-6.61096376859337
2025-12-18,2756193853,Arbitrum,-94718232.0,-3.322383475041457,-272266572.0,-8.990263493372218
2025-12-19,2755857202,Arbitrum,-336651.0,-0.01221434405397348,-250080525.0,-8.319551092283827
2025-12-20,2845779753,Arbitrum,89922551.0,3.2629611917025514,-91989408.0,-3.1312673991270024
2025-12-21,2834250411,Arbitrum,-11529342.0,-0.40513823980390384,-116197933.0,-3.9383144340180976
2025-12-22,2850100833,Arbitrum,15850422.0,0.5592456452853556,-61178987.0,-2.1014464696835655
2025-12-23,2873320720,Arbitrum,23219887.0,0.8147040529635996,25456800.0,0.8938910255234411
2025-12-24,2845858816,Arbitrum,-27461904.0,-0.9557549148220379,-5053269.0,-0.17725095861733653
2025-12-25,2844542675,Arbitrum,-1316141.0,-0.04624758588164246,88348822.0,3.2054647355024057
2025-12-26,2822991760,Arbitrum,-21550915.0,-0.75762319157332,67134558.0,2.436068093487531
2025-12-27,2820775029,Arbitrum,-2216731.0,-0.07852417535926248,-25004724.0,-0.8786598461683504
2025-12-28,2833010138,Arbitrum,12235109.0,0.43374990469684516,-1240273.0,-0.04376017712430791
2025-12-29,2835718486,Arbitrum,2708348.0,0.09559965789291969,-14382347.0,-0.5046259007216003
2025-12-30,2818974435,Arbitrum,-16744051.0,-0.590469437733887,-54346285.0,-1.8914103330588183
2025-12-31,2896183360,Arbitrum,77208925.0,2.7389012131995516,50324544.0,1.7683429591469846
2026-01-01,2898671494,Arbitrum,2488134.0,0.08591078984723222,54128819.0,1.9029005778582686
2026-01-02,2940258122,Arbitrum,41586628.0,1.434678889487162,117266362.0,4.153974647095682
2026-01-03,3022701176,Arbitrum,82443054.0,2.8039393338677776,201926147.0,7.15853426537123
2026-01-04,3042588331,Arbitrum,19887155.0,0.6579265975049875,209578193.0,7.397721250230127
2026-01-05,3053357616,Arbitrum,10769285.0,0.3539514330701543,217639130.0,7.674920168362576
2026-01-06,3116090101,Arbitrum,62732485.0,2.054541029562773,297115666.0,10.539849610235997
2026-01-07,3087292620,Arbitrum,-28797481.0,-0.9241543109025807,191109260.0,6.598658863919438
2026-01-08,3037718596,Arbitrum,-49574024.0,-1.6057442588645832,139047102.0,4.796925153050813
2026-01-09,3009683754,Arbitrum,-28034842.0,-0.9228913447386411,69425632.0,2.3612087483249944
2026-01-10,3018451657,Arbitrum,8767903.0,0.2913230663636135,-4249519.0,-0.1405868047341552
2026-01-11,3030124894,Arbitrum,11673237.0,0.3867293011941664,-12463437.0,-0.4096327088687568
2026-01-12,3038195744,Arbitrum,8070850.0,0.26635370759737764,-15161872.0,-0.4965639111694564
2026-01-13,3043451156,Arbitrum,5255412.0,0.17297805812475087,-72638945.0,-2.3310925758112444
2026-01-14,3167909071,Arbitrum,124457915.0,4.089367912300412,80616451.0,2.6112345320865593
2026-01-15,3186655408,Arbitrum,18746337.0,0.5917574204262976,148936812.0,4.9029166887320175
2026-01-16,3149827713,Arbitrum,-36827695.0,-1.1556848885369009,140143959.0,4.65643471058188
2026-01-17,3145951537,Arbitrum,-3876176.0,-0.12305993702456108,127499880.0,4.224015968727501
2026-01-18,3168858104,Arbitrum,22906567.0,0.728128412996587,138733210.0,4.5784650749778555
2026-01-19,3109270861,Arbitrum,-59587243.0,-1.8804011112010355,71075117.0,2.33938570746679
2026-01-20,3058844829,Arbitrum,-50426032.0,-1.6217960497588169,15393673.0,0.5057966174240036
2026-01-21,2895376278,Arbitrum,-163468551.0,-5.344126954404594,-272532793.0,-8.602923470715995
2026-01-22,2889284159,Arbitrum,-6092119.0,-0.21040854158714817,-297371249.0,-9.33176672486955
2026-01-23,2888675118,Arbitrum,-609041.0,-0.021079304301130364,-261152595.0,-8.291012042410085
2026-01-24,2847618024,Arbitrum,-41057094.0,-1.4213122737189776,-298333513.0,-9.483093095721774
2026-01-25,2847639888,Arbitrum,21864.0,0.000767799607093167,-321218216.0,-10.136718194940041
2026-01-26,2769872221,Arbitrum,-77767667.0,-2.7309515970651455,-339398640.0,-10.915698733652402
2026-01-27,2842512582,Arbitrum,72640361.0,2.6225166796241206,-216332247.0,-7.072351135599231
2026-01-28,2889557284,Arbitrum,47044702.0,1.6550393584150447,-5818994.0,-0.2009753980584339
2026-01-29,2885048802,Arbitrum,-4508482.0,-0.15602673893901908,-4235357.0,-0.14658845468027426
2026-01-30,2779530918,Arbitrum,-105517884.0,-3.657403782107671,-109144200.0,-3.778348050284275
2026-01-31,2718610383,Arbitrum,-60920535.0,-2.1917559759988214,-129007641.0,-4.53037029238863
2026-02-01,2549389186,Arbitrum,-169221197.0,-6.224547587185469,-298250702.0,-10.473610208117723
2026-02-02,2445609965,Arbitrum,-103779221.0,-4.070748458882023,-324262256.0,-11.706758656286764
2026-02-03,2465928855,Arbitrum,20318890.0,0.8308311746677122,-376583727.0,-13.248269484704778
2026-02-04,2404071330,Arbitrum,-61857525.0,-2.5084878209107986,-485485954.0,-16.8013957255052
2026-02-05,2341237111,Arbitrum,-62834219.0,-2.613658680418607,-543811691.0,-18.849306487398543
2026-02-06,2038625233,Arbitrum,-302611878.0,-12.925298192917634,-740905685.0,-26.6557813839004
2026-02-07,2179353885,Arbitrum,140728652.0,6.903115380010605,-539256498.0,-19.83574039781779
2026-02-08,2174206449,Arbitrum,-5147436.0,-0.2361909204112611,-375182737.0,-14.716573642828656
2026-02-09,2189225427,Arbitrum,15018978.0,0.6907797558464601,-256384538.0,-10.483459818581498
2026-02-10,2189687411,Arbitrum,461984.0,0.021102623526214614,-276241444.0,-11.202328219643631
2026-02-11,2159212435,Arbitrum,-30474976.0,-1.3917500665577842,-244858895.0,-10.185175953161085
2026-02-12,2105099032,Arbitrum,-54113403.0,-2.5061639199016605,-236138079.0,-10.086038611404879
2026-02-13,2079373343,Arbitrum,-25725689.0,-1.222065499481928,40748110.0,1.9988033769225977
2026-02-14,2116185358,Arbitrum,36812015.0,1.7703417774361574,-63168527.0,-2.8984979187994475
2026-02-15,2139876293,Arbitrum,23690935.0,1.119511337248369,-34330156.0,-1.578974067333383
2026-02-16,2087999403,Arbitrum,-51876890.0,-2.4242938794967084,-101226024.0,-4.623828261428287
2026-02-17,2099393532,Arbitrum,11394129.0,0.5456959893584745,-90293879.0,-4.1235967538747476
2026-02-18,2081381328,Arbitrum,-18012204.0,-0.8579717773466,-77831107.0,-3.6046062785850874
2026-02-19,2052865556,Arbitrum,-28515772.0,-1.3700407328723796,-52233476.0,-2.4812835503693287
2026-02-20,2029058629,Arbitrum,-23806927.0,-1.1596924567426448,-50314714.0,-2.4197056372478487
2026-02-21,2036078949,Arbitrum,7020320.0,0.3459890167619273,-80106409.0,-3.7854155212428187
2026-02-22,2038477516,Arbitrum,2398567.0,0.11780324143020326,-101398777.0,-4.738534527986382
2026-02-23,2027765213,Arbitrum,-10712303.0,-0.5255050848449017,-60234190.0,-2.8847800393743683
2026-02-24,1943215831,Arbitrum,-84549382.0,-4.1695844004993265,-156177701.0,-7.439181774139147
2026-02-25,1937967580,Arbitrum,-5248251.0,-0.2700807041747466,-143413748.0,-6.890315871998631
2026-02-26,2046172926,Arbitrum,108205346.0,5.583444589924458,-6692630.0,-0.3260140431719516
2026-02-27,2017295809,Arbitrum,-28877117.0,-1.4112745131688809,-11762820.0,-0.5797180934982271
2026-02-28,1981120042,Arbitrum,-36175767.0,-1.7932802337963905,-54958907.0,-2.699252257727658
2026-03-01,1991718775,Arbitrum,10598733.0,0.5349869152451836,-46758741.0,-2.293807051242458
2026-03-02,1971874288,Arbitrum,-19844487.0,-0.9963498486376454,-55890925.0,-2.756281873349209
2026-03-03,2029516465,Arbitrum,57642177.0,2.9232176387098407,86300634.0,4.441124481555336
2026-03-04,2004381695,Arbitrum,-25134770.0,-1.2384610045526268,66414115.0,3.426998247308144
2026-03-05,2092240712,Arbitrum,87859017.0,4.383347603860455,46067786.0,2.251412156550048
2026-03-06,2095175906,Arbitrum,2935194.0,0.14028949839113292,77880097.0,3.8606185891302713
2026-03-07,2034445365,Arbitrum,-60730541.0,-2.8985891268644592,53325323.0,2.6916755102919687
2026-03-08,1975291029,Arbitrum,-59154336.0,-2.9076394489463198,-16427746.0,-0.8248024874897286
2026-03-09,1956618840,Arbitrum,-18672189.0,-0.945287996850408,-15255448.0,-0.7736521589047696
2026-03-10,1984859878,Arbitrum,28241038.0,1.4433591981563465,-44656587.0,-2.200355984793645
2026-03-11,2019002962,Arbitrum,34143084.0,1.7201760375348707,14621267.0,0.7294652029837145
2026-03-12,2024481799,Arbitrum,5478837.0,0.2713634949090382,-67758913.0,-3.2385811351136717
2026-03-13,2039663936,Arbitrum,15182137.0,0.7499270681267323,-55511970.0,-2.649513572632689
2026-03-14,2018784338,Arbitrum,-20879598.0,-1.0236783438426156,-15661027.0,-0.7697934419585661
2026-03-15,2022730205,Arbitrum,3945867.0,0.19545757938210784,47439176.0,2.401629699296315
2026-03-16,2065281200,Arbitrum,42550995.0,2.103641647057919,108662360.0,5.553578335165166
2026-03-17,2139446446,Arbitrum,74165246.0,3.591048327946811,154586568.0,7.788286201631811
2026-03-18,2102283810,Arbitrum,-37162636.0,-1.7370210911089146,83280848.0,4.124850214063236
2026-03-19,2060310513,Arbitrum,-41973297.0,-1.9965571156636552,35828714.0,1.7697720976151965
2026-03-20,2052561683,Arbitrum,-7748830.0,-0.3761001048680268,12897747.0,0.6323466710547399
2026-03-21,2072756931,Arbitrum,20195248.0,0.983904560202209,53972593.0,2.673519503003008
2026-03-22,2049477933,Arbitrum,-23278998.0,-1.12309348249382,26747728.0,1.322357669543961
2026-03-23,1973270390,Arbitrum,-76207543.0,-3.718388072051515,-92010810.0,-4.455122624463925
2026-03-24,2015321183,Arbitrum,42050793.0,2.1310203210417544,-124125263.0,-5.80174667293355
2026-03-25,2001315140,Arbitrum,-14006043.0,-0.6949782058634724,-100968670.0,-4.802808713063344
2026-03-26,2008899584,Arbitrum,7584444.0,0.3789729987252244,-51410929.0,-2.4953000373298617
2026-03-27,1953879165,Arbitrum,-55020419.0,-2.738833709669386,-98682518.0,-4.807773564971107
2026-03-28,1904119498,Arbitrum,-49759667.0,-2.546711582340866,-168637433.0,-8.135900089290304
2023-06-15,0,Base,,,,
2023-06-16,0,Base,0.0,,,
2023-06-17,0,Base,0.0,,,
2023-06-18,0,Base,0.0,,,
2023-06-19,0,Base,0.0,,,
2023-06-20,0,Base,0.0,,,
2023-06-21,0,Base,0.0,,,
2023-06-22,0,Base,0.0,,0.0,
2023-06-23,0,Base,0.0,,0.0,
2023-06-24,0,Base,0.0,,0.0,
2023-06-25,0,Base,0.0,,0.0,
2023-06-26,0,Base,0.0,,0.0,
2023-06-27,0,Base,0.0,,0.0,
2023-06-28,0,Base,0.0,,0.0,
2023-06-29,0,Base,0.0,,0.0,
2023-06-30,0,Base,0.0,,0.0,
2023-07-01,0,Base,0.0,,0.0,
2023-07-02,0,Base,0.0,,0.0,
2023-07-03,0,Base,0.0,,0.0,
2023-07-04,0,Base,0.0,,0.0,
2023-07-05,0,Base,0.0,,0.0,
2023-07-06,0,Base,0.0,,0.0,
2023-07-07,0,Base,0.0,,0.0,
2023-07-08,0,Base,0.0,,0.0,
2023-07-09,0,Base,0.0,,0.0,
2023-07-10,0,Base,0.0,,0.0,
2023-07-11,0,Base,0.0,,0.0,
2023-07-12,0,Base,0.0,,0.0,
2023-07-13,0,Base,0.0,,0.0,
2023-07-14,0,Base,0.0,,0.0,
2023-07-15,0,Base,0.0,,0.0,
2023-07-16,0,Base,0.0,,0.0,
2023-07-17,0,Base,0.0,,0.0,
2023-07-18,0,Base,0.0,,0.0,
2023-07-19,0,Base,0.0,,0.0,
2023-07-20,0,Base,0.0,,0.0,
2023-07-21,0,Base,0.0,,0.0,
2023-07-22,0,Base,0.0,,0.0,
2023-07-23,0,Base,0.0,,0.0,
2023-07-24,0,Base,0.0,,0.0,
2023-07-25,0,Base,0.0,,0.0,
2023-07-26,0,Base,0.0,,0.0,
2023-07-27,22037,Base,22037.0,inf,22037.0,inf
2023-07-28,63456,Base,41419.0,187.95208059173208,63456.0,inf
2023-07-29,95011,Base,31555.0,49.72737014624307,95011.0,inf
2023-07-30,396143,Base,301132.0,316.944353811664,396143.0,inf
2023-07-31,41200924,Base,40804781.0,10300.517994764517,41200924.0,inf
2023-08-01,13430390,Base,-27770534.0,-67.40269708514303,13430390.0,inf
2023-08-02,8497228,Base,-4933162.0,-36.731338404916016,8497228.0,inf
2023-08-03,10965190,Base,2467962.0,29.04431892377137,10943153.0,49658.08866905659
2023-08-04,16640247,Base,5675057.0,51.75520898406685,16576791.0,26123.283850226933
2023-08-05,19765270,Base,3125023.0,18.779907533824456,19670259.0,20703.138583953438
2023-08-06,25897905,Base,6132635.0,31.0273272259878,25501762.0,6437.514230972149
2023-08-07,31361170,Base,5463265.0,21.09539362353827,-9839754.0,-23.88236244410441
2023-08-08,46025548,Base,14664378.0,46.75966489770631,32595158.0,242.69703262526258
2023-08-09,50322859,Base,4297311.0,9.336794860106835,41825631.0,492.2267708951672
2023-08-10,61017275,Base,10694416.0,21.251606551209655,50052085.0,456.4634538936398
2023-08-11,88295356,Base,27278081.0,44.705505121295566,71655109.0,430.6132535172104
2023-08-12,96220098,Base,7924742.0,8.975264791955762,76454828.0,386.8139823033027
2023-08-13,110648053,Base,14427955.0,14.99474153518323,84750148.0,327.24711902372024
2023-08-14,118708442,Base,8060389.0,7.28470929352909,87347272.0,278.5204506081884
2023-08-15,137457532,Base,18749090.0,15.794234752065917,91431984.0,198.654851431644
2023-08-16,159927443,Base,22469911.0,16.346802298181817,109604584.0,217.8027762691305
2023-08-17,162937927,Base,3010484.0,1.8824061358875044,101920652.0,167.03573209390294
2023-08-18,160169274,Base,-2768653.0,-1.6992072079080711,71873918.0,81.40169682310359
2023-08-19,157836179,Base,-2333095.0,-1.4566433010116508,61616081.0,64.03660179186265
2023-08-20,169063397,Base,11227218.0,7.113209449906921,58415344.0,52.79382909701991
2023-08-21,173371360,Base,4307963.0,2.548134650340672,54662918.0,46.0480460184963
2023-08-22,182044814,Base,8673454.0,5.002818227878003,44587282.0,32.43713265563359
2023-08-23,177346110,Base,-4698704.0,-2.581069955664872,17418667.0,10.89160601410979
2023-08-24,185871504,Base,8525394.0,4.807206653701068,22933577.0,14.075039140518841
2023-08-25,187555270,Base,1683766.0,0.9058763520846114,27385996.0,17.09815828971042
2023-08-26,178442338,Base,-9112932.0,-4.858798155871602,20606159.0,13.055409178398826
2023-08-27,177792476,Base,-649862.0,-0.36418599267624696,8729079.0,5.163198631339472
2023-08-28,184123934,Base,6331458.0,3.561150697963167,10752574.0,6.202047443130176
2023-08-29,185034372,Base,910438.0,0.49447020831088206,2989558.0,1.6422099231016896
2023-08-30,191904511,Base,6870139.0,3.71289881211907,14558401.0,8.209033172478385
2023-08-31,191393820,Base,-510691.0,-0.26611724619647337,5522316.0,2.971039605941961
2023-09-01,324742635,Base,133348815.0,69.6724768856173,137187365.0,73.1450334613365
2023-09-02,365353103,Base,40610468.0,12.505431570449632,186910765.0,104.74574985674083
2023-09-03,360593950,Base,-4759153.0,-1.302617375060311,182801474.0,102.81732844532745
2023-09-04,380800739,Base,20206789.0,5.603751532714285,196676805.0,106.8176204620959
2023-09-05,376963343,Base,-3837396.0,-1.007717582186729,191928971.0,103.7261179776912
2023-09-06,383496313,Base,6532970.0,1.7330517996812178,191591802.0,99.83704968769598
2023-09-07,369541267,Base,-13955046.0,-3.638899652211258,178147447.0,93.0789964900643
2023-09-08,364004595,Base,-5536672.0,-1.4982554032321405,39261960.0,12.090177195242635
2023-09-09,368210823,Base,4206228.0,1.1555425557196575,2857720.0,0.7821803007924677
2023-09-10,370105042,Base,1894219.0,0.514438707848619,9511092.0,2.637618296147237
2023-09-11,365580703,Base,-4524339.0,-1.222447274846905,-15220036.0,-3.9968504367844715
2023-09-12,346689498,Base,-18891205.0,-5.167451357518726,-30273845.0,-8.030978492250906
2023-09-13,350736749,Base,4047251.0,1.167399365526789,-32759564.0,-8.542341318415748
2023-09-14,353554855,Base,2818106.0,0.8034818159302626,-15986412.0,-4.326015367588165
2023-09-15,356463756,Base,2908901.0,0.8227580413229019,-7540839.0,-2.0716329144141676
2023-09-16,356012016,Base,-451740.0,-0.12672817148905446,-12198807.0,-3.312995229366189
2023-09-17,353005039,Base,-3006977.0,-0.8446279521082234,-17100003.0,-4.620310738701039
2023-09-18,355058754,Base,2053715.0,0.5817806470462372,-10521949.0,-2.8781467166225094
2023-09-19,349933163,Base,-5125591.0,-1.4435895305372481,3243665.0,0.935610977174739
2023-09-20,348823224,Base,-1109939.0,-0.31718599931610525,-1913525.0,-0.5455729989673808
2023-09-21,338766260,Base,-10056964.0,-2.8831119340838374,-14788595.0,-4.182828998345956
2023-09-22,327494194,Base,-11272066.0,-3.32738744407427,-28969562.0,-8.126930581969184
2023-09-23,317825926,Base,-9668268.0,-2.952195238001687,-38186090.0,-10.726067740365252
2023-09-24,321712533,Base,3886607.0,1.2228728628010055,-31292506.0,-8.864606037535916
2023-09-25,320466162,Base,-1246371.0,-0.38741760800472536,-34592592.0,-9.742779641478716
2023-09-26,320692397,Base,226235.0,0.07059559692295103,-29240766.0,-8.356100276211887
2023-09-27,316536402,Base,-4155995.0,-1.2959443500620282,-32286822.0,-9.255926721209363
2023-09-28,319336919,Base,2800517.0,0.8847377370517995,-19429341.0,-5.735323523659053
2023-09-29,333413362,Base,14076443.0,4.408022424741942,5919168.0,1.8074115842187988
2023-09-30,335291085,Base,1877723.0,0.5631816879612561,17465159.0,5.495196449140538
2023-10-01,336349135,Base,1058050.0,0.31556162610169025,14636602.0,4.549590239308454
2023-10-02,343288053,Base,6938918.0,2.063010508411156,22821891.0,7.121466696380874
2023-10-03,335623716,Base,-7664337.0,-2.232625613685424,14931319.0,4.655962891443299
2023-10-04,333221446,Base,-2402270.0,-0.7157628872686672,16685044.0,5.271129606129787
2023-10-05,330595064,Base,-2626382.0,-0.7881791617938005,11258145.0,3.5254755495401913
2023-10-06,333590313,Base,2995249.0,0.9060174594742287,176951.0,0.0530725580218272
2023-10-07,334466298,Base,875985.0,0.26259305677140965,-824787.0,-0.24599133019000963
2023-10-08,330516323,Base,-3949975.0,-1.180978479332473,-5832812.0,-1.7341540063719796
2023-10-09,328542252,Base,-1974071.0,-0.5972688374607182,-14745801.0,-4.295459999593987
2023-10-10,323154656,Base,-5387596.0,-1.6398487461515288,-12469060.0,-3.715190377070965
2023-10-11,321881309,Base,-1273347.0,-0.39403640837530896,-11340137.0,-3.4031834193529065
2023-10-12,307479610,Base,-14401699.0,-4.474226554111594,-23115454.0,-6.992074751606092
2023-10-13,299665170,Base,-7814440.0,-2.5414498216645987,-33925143.0,-10.169702679585901
2023-10-14,300077418,Base,412248.0,0.13756954136512345,-34388880.0,-10.281717531970891
2023-10-15,296054304,Base,-4023114.0,-1.3406920210170536,-34462019.0,-10.426722252988396
2023-10-16,295619447,Base,-434857.0,-0.1468842013524707,-32922805.0,-10.020873966615406
2023-10-17,299364625,Base,3745178.0,1.266891619616617,-23790031.0,-7.361809758359172
2023-10-18,294295205,Base,-5069420.0,-1.6933931322045792,-27586104.0,-8.570272093680343
2023-10-19,292759211,Base,-1535994.0,-0.5219228767250894,-14720399.0,-4.787439076041499
2023-10-20,292328098,Base,-431113.0,-0.14725856055132214,-7337072.0,-2.4484233519697973
2023-10-21,292077285,Base,-250813.0,-0.08579845786839124,-8000133.0,-2.6660230061030465
2023-10-22,294148169,Base,2070884.0,0.7090191899038034,-1906135.0,-0.6438464073131644
2023-10-23,294164614,Base,16445.0,0.005590719825288026,-1454833.0,-0.4921303435088342
2023-10-24,303027404,Base,8862790.0,3.012867482422621,3662779.0,1.2235176417387361
2023-10-25,296216217,Base,-6811187.0,-2.247713213422775,1921012.0,0.6527500167731182
2023-10-26,295158522,Base,-1057695.0,-0.35706856657344854,2399311.0,0.8195509858782923
2023-10-27,293180080,Base,-1978442.0,-0.6702981118735907,851982.0,0.2914471806948926
2023-10-28,293210490,Base,30410.0,0.01037246459583141,1133205.0,0.3879812153142925
2023-10-29,292536827,Base,-673663.0,-0.22975405825350625,-1611342.0,-0.5477994323330293
2023-10-30,293478118,Base,941291.0,0.32176837687516446,-686496.0,-0.2333713734854581
2023-10-31,288083409,Base,-5394709.0,-1.8381980356027783,-14943995.0,-4.931565529301107
2023-11-01,291392026,Base,3308617.0,1.148492726979633,-4824191.0,-1.628604621603147
2023-11-02,291118861,Base,-273165.0,-0.0937448439306321,-4039661.0,-1.3686411534477028
2023-11-03,282675864,Base,-8442997.0,-2.9001889369167366,-10504216.0,-3.5828546059473054
2023-11-04,287014945,Base,4339081.0,1.535002295066823,-6195545.0,-2.1130025054697077
2023-11-05,289882777,Base,2867832.0,0.9991925681779312,-2654050.0,-0.907253294300614
2023-11-06,286278581,Base,-3604196.0,-1.243328781826869,-7199537.0,-2.453176764613163
2023-11-07,285861275,Base,-417306.0,-0.14576920094486745,-2222134.0,-0.7713509110828354
2023-11-08,282000666,Base,-3860609.0,-1.3505183589487602,-9391360.0,-3.2229296487337633
2023-11-09,282897068,Base,896402.0,0.31787229892570323,-8221793.0,-2.824204852876233
2023-11-10,296109874,Base,13212806.0,4.670534796776327,13434010.0,4.7524432436155895
2023-11-11,291503661,Base,-4606213.0,-1.555575617177829,4488716.0,1.5639311047025872
2023-11-12,290524627,Base,-979034.0,-0.33585650233051156,641850.0,0.22141708681091554
2023-11-13,289877552,Base,-647075.0,-0.2227263852575212,3598971.0,1.2571569229623991
2023-11-14,289354520,Base,-523032.0,-0.18043204670087354,3493245.0,1.2220070731861155
2023-11-15,281226076,Base,-8128444.0,-2.8091643427584967,-774590.0,-0.27467665626009774
2023-11-16,286526269,Base,5300193.0,1.8846733828480344,3629201.0,1.2828697821640311
2023-11-17,277542020,Base,-8984249.0,-3.135576026364273,-18567854.0,-6.270596028824082
2023-11-18,278312088,Base,770068.0,0.2774599680437584,-13191573.0,-4.525354142979355
2023-11-19,276496424,Base,-1815664.0,-0.6523841680926235,-14028203.0,-4.828576201906632
2023-11-20,273578227,Base,-2918197.0,-1.0554194364553515,-16299325.0,-5.622831049711641
2023-11-21,273822814,Base,244587.0,0.08940294799117954,-15531706.0,-5.367708097319513
2023-11-22,269502619,Base,-4320195.0,-1.5777337676472825,-11723457.0,-4.168694868821476
2023-11-23,275540382,Base,6037763.0,2.2403355568132666,-10985887.0,-3.8341639802666805
2023-11-24,278682728,Base,3142346.0,1.1404302981622427,1140708.0,0.41100371035709404
2023-11-25,282065787,Base,3383059.0,1.2139464201025074,3753699.0,1.3487373211040765
2023-11-26,282287609,Base,221822.0,0.07864193752786797,5791185.0,2.0944882093665074
2023-11-27,281325721,Base,-961888.0,-0.3407475104583835,7747494.0,2.8319117661362636
2023-11-28,283170866,Base,1845145.0,0.6558749741905068,9348052.0,3.4139054607772668
2023-11-29,285877996,Base,2707130.0,0.9560058343007549,16375377.0,6.076147631055129
2023-11-30,283636554,Base,-2241442.0,-0.7840554472055228,8096172.0,2.938288733300798
2023-12-01,287234797,Base,3598243.0,1.2686104626697725,8552069.0,3.068747410854966
2023-12-02,295897813,Base,8663016.0,3.016005055961246,13832026.0,4.903829757984801
2023-12-03,303879299,Base,7981486.0,2.6973791793452717,21591690.0,7.648826697171818
2023-12-04,303193625,Base,-685674.0,-0.22564024672176997,21867904.0,7.773161985426857
2023-12-05,305631871,Base,2438246.0,0.8041877529581853,22461005.0,7.931961828304757
2023-12-06,315538403,Base,9906532.0,3.241328192503845,29660407.0,10.375197607023946
2023-12-07,312294568,Base,-3243835.0,-1.028031760685566,28658014.0,10.103780205988544
2023-12-08,321695708,Base,9401140.0,3.010343746997224,34460911.0,11.997470835680124
2023-12-09,321446685,Base,-249023.0,-0.0774094878505549,25548872.0,8.63435648306059
2023-12-10,316625487,Base,-4821198.0,-1.4998437454721292,12746188.0,4.194490392055306
2023-12-11,311079825,Base,-5545662.0,-1.7514894497422384,7886200.0,2.6010441347505298
2023-12-12,317667924,Base,6588099.0,2.117816222893909,12036053.0,3.9380883154034763
2023-12-13,359669748,Base,42001824.0,13.221927940071154,44131345.0,13.986045622472144
2023-12-14,369633918,Base,9964170.0,2.770366441828176,57339350.0,18.360661976035388
2023-12-15,389156237,Base,19522319.0,5.281528033366256,67460529.0,20.970291900817028
2023-12-16,384072623,Base,-5083614.0,-1.3063169793164575,62625938.0,19.48252725020325
2023-12-17,392257764,Base,8185141.0,2.1311440883408084,75632277.0,23.886983235812597
2023-12-18,397288535,Base,5030771.0,1.2825166157832912,86208710.0,27.712729361346412
2023-12-19,403661696,Base,6373161.0,1.6041643386462079,85993772.0,27.070335247319456
2023-12-20,405160473,Base,1498777.0,0.37129532349782224,45490725.0,12.647915275876919
2023-12-21,426806042,Base,21645569.0,5.342468094117359,57172124.0,15.46722884884173
2023-12-22,435408071,Base,8602029.0,2.0154421806428013,46251834.0,11.885158093971393
2023-12-23,440426705,Base,5018634.0,1.1526276921035805,56354082.0,14.672767238606333
2023-12-24,443997193,Base,3570488.0,0.8106883527873254,51739429.0,13.190160590422373
2023-12-25,436516339,Base,-7480854.0,-1.6848876790083622,39227804.0,9.873882718513393
2023-12-26,447928021,Base,11411682.0,2.614262280798618,44266325.0,10.966194077527724
2023-12-27,439545951,Base,-8382070.0,-1.8712984245296882,34385478.0,8.486878728666113
2023-12-28,449262526,Base,9716575.0,2.2105936769282186,22456484.0,5.261519704540629
2023-12-29,439561109,Base,-9701417.0,-2.159409351671593,4153038.0,0.9538266000585827
2023-12-30,436240815,Base,-3320294.0,-0.755365734596869,-4185890.0,-0.9504169371382654
2023-12-31,433872574,Base,-2368241.0,-0.5428746963990538,-10124619.0,-2.2803340110305603
2024-01-01,425589126,Base,-8283448.0,-1.9091891251923232,-10927213.0,-2.5032769735567673
2024-01-02,431396464,Base,5807338.0,1.3645409727879088,-16531557.0,-3.6906726583198046
2024-01-03,428873044,Base,-2523420.0,-0.5849422075930644,-10672907.0,-2.4281663784453844
2024-01-04,407562347,Base,-21310697.0,-4.968998937597025,-41700179.0,-9.281917940335848
2024-01-05,413048896,Base,5486549.0,1.3461864277663604,-26512213.0,-6.031519271646935
2024-01-06,411763800,Base,-1285096.0,-0.3111244243587108,-24477015.0,-5.610895211627554
2024-01-07,407672203,Base,-4091597.0,-0.993675743229494,-26200371.0,-6.038724863028566
2024-01-08,405033884,Base,-2638319.0,-0.647166763047613,-20555242.0,-4.829832517854326
2024-01-09,407469987,Base,2436103.0,0.6014565931970361,-23926477.0,-5.546284913452604
2024-01-10,408731150,Base,1261163.0,0.309510648694733,-20141894.0,-4.696470035081058
2024-01-11,431763723,Base,23032573.0,5.635140115941728,24201376.0,5.9380794565892625
2024-01-12,427858050,Base,-3905673.0,-0.9045857240766897,14809154.0,3.5853270989011365
2024-01-13,419383919,Base,-8474131.0,-1.980594031127847,7620119.0,1.8506043999011013
2024-01-14,420034454,Base,650535.0,0.15511682029945018,12362251.0,3.032399783215056
2024-01-15,416844255,Base,-3190199.0,-0.7595088854306264,11810371.0,2.9158970314691057
2024-01-16,414725452,Base,-2118803.0,-0.5082960781119583,7255465.0,1.7806133534934432
2024-01-17,411205444,Base,-3520008.0,-0.8487562031760709,2474294.0,0.6053597823410417
2024-01-18,405738440,Base,-5467004.0,-1.329506717328377,-26025283.0,-6.027667822384419
2024-01-19,403748948,Base,-1989492.0,-0.49033855406946936,-24109102.0,-5.634836600596859
2024-01-20,394945261,Base,-8803687.0,-2.180485433735424,-24438658.0,-5.827275890375761
2024-01-21,390572917,Base,-4372344.0,-1.1070759499504423,-29461537.0,-7.0140762786092825
2024-01-22,388953759,Base,-1619158.0,-0.4145597222758757,-27890496.0,-6.690867312061188
2024-01-23,371692639,Base,-17261120.0,-4.437833444360672,-43032813.0,-10.37621703526409
2024-01-24,363729706,Base,-7962933.0,-2.1423434753573334,-47475738.0,-11.545503274027668
2024-01-25,363887231,Base,157525.0,0.043308258138252675,-41851209.0,-10.314824742757922
2024-01-26,371204540,Base,7317309.0,2.0108727035821783,-32544408.0,-8.060555491527865
2024-01-27,380714644,Base,9510104.0,2.561957889846922,-14230617.0,-3.603187176868039
2024-01-28,384681266,Base,3966622.0,1.0418884754010094,-5891651.0,-1.5084637832172065
2024-01-29,385079014,Base,397748.0,0.10339676900199546,-3874745.0,-0.9961968255460363
2024-01-30,400479705,Base,15400691.0,3.999358687461485,28787066.0,7.744857707553354
2024-01-31,378972649,Base,-21507056.0,-5.370323572326841,15242943.0,4.190733599306284
2024-02-01,369951149,Base,-9021500.0,-2.3805148006868393,6063918.0,1.6664278060364301
2024-02-02,375539772,Base,5588623.0,1.5106380977884193,4335232.0,1.1678822678192535
2024-02-03,379389865,Base,3850093.0,1.025215779275701,-1324779.0,-0.3479716425092372
2024-02-04,379922702,Base,532837.0,0.14044576546607956,-4758564.0,-1.237014749764287
2024-02-05,374870691,Base,-5052011.0,-1.3297470704975112,-10208323.0,-2.6509684061879257
2024-02-06,379389699,Base,4519008.0,1.2054844799803233,-21090006.0,-5.266185960659353
2024-02-07,388785924,Base,9396225.0,2.476668455882347,9813275.0,2.5894414876362237
2024-02-08,394178414,Base,5392490.0,1.3870075193360032,24227265.0,6.548774092332921
2024-02-09,388716061,Base,-5462353.0,-1.3857565016231477,13176289.0,3.5086267773523527
2024-02-10,389984843,Base,1268782.0,0.3264032869483069,10594978.0,2.792636013089078
2024-02-11,372627277,Base,-17357566.0,-4.450830926267557,-7295425.0,-1.9202392912019195
2024-02-12,373048323,Base,421046.0,0.1129938751102122,-1822368.0,-0.4861324301290826
2024-02-13,382806013,Base,9757690.0,2.6156638157571965,3416314.0,0.9004762145637502
2024-02-14,378382131,Base,-4423882.0,-1.1556459015182763,-10403793.0,-2.675969565194447
2024-02-15,392197471,Base,13815340.0,3.65116078909129,-1980943.0,-0.5025498428232078
2024-02-16,390017050,Base,-2180421.0,-0.5559497858159346,1300989.0,0.3346887691373368
2024-02-17,384327680,Base,-5689370.0,-1.4587490469967879,-5657163.0,-1.4506109920789934
2024-02-18,379805926,Base,-4521754.0,-1.176536126671912,7178649.0,1.9264958426540524
2024-02-19,394325047,Base,14519121.0,3.822773686790759,21276724.0,5.703476651200501
2024-02-20,397581775,Base,3256728.0,0.8258993499847378,14775762.0,3.8598562975028283
2024-02-21,398726475,Base,1144700.0,0.2879156118260173,20344344.0,5.376666161859522
2024-02-22,395598796,Base,-3127679.0,-0.7844171872459671,3401325.0,0.8672480705516739
2024-02-23,393266810,Base,-2331986.0,-0.5894825827528538,3249760.0,0.8332353675307269
2024-02-24,390335240,Base,-2931570.0,-0.7454404809803306,6007560.0,1.5631348749067353
2024-02-25,396801120,Base,6465880.0,1.6564940434278919,16995194.0,4.474704799629703
2024-02-26,401819075,Base,5017955.0,1.2646020253168633,7494028.0,1.900469690427764
2024-02-27,403987548,Base,2168473.0,0.5396640266517982,6405773.0,1.6111837621329617
2024-02-28,422113794,Base,18126246.0,4.48683284664011,23387319.0,5.865504416279355
2024-02-29,442699191,Base,20585397.0,4.8767411282465645,47100395.0,11.906101706133597
2024-03-01,451020368,Base,8321177.0,1.8796458564117824,57753558.0,14.68559169791115
2024-03-02,504806090,Base,53785722.0,11.925342138872086,114470850.0,29.326291420677265
2024-03-03,515889242,Base,11083152.0,2.195526603096254,119088122.0,30.012042808750138
2024-03-04,528344918,Base,12455676.0,2.414408944003532,126525843.0,31.488261974621288
2024-03-05,540243576,Base,11898658.0,2.252062543733979,136256028.0,33.727779154222844
2024-03-06,542249945,Base,2006369.0,0.3713822966402214,120136151.0,28.460607709967412
2024-03-07,579098687,Base,36848742.0,6.79552710696909,136399496.0,30.810875369320478
2024-03-08,588832025,Base,9733338.0,1.6807736260676442,137811657.0,30.555528481143888
2024-03-09,590190113,Base,1358088.0,0.2306409879795579,85384023.0,16.914222053065963
2024-03-10,605781529,Base,15591416.0,2.6417616385925546,89892287.0,17.42472602287759
2024-03-11,611145860,Base,5364331.0,0.8855223778208021,82800942.0,15.671758955009008
2024-03-12,650535365,Base,39389505.0,6.445188878478203,110291789.0,20.415196755620467
2024-03-13,660272661,Base,9737296.0,1.4968127059471925,118022716.0,21.76537168666748
2024-03-14,674800172,Base,14527511.0,2.200229065670789,95701485.0,16.525937141349445
2024-03-15,673124540,Base,-1675632.0,-0.248315289403922,84292515.0,14.31520559704611
2024-03-16,661281596,Base,-11842944.0,-1.7593986396633232,71091483.0,12.045522524705522
2024-03-17,639235561,Base,-22046035.0,-3.3338346527944207,33454032.0,5.522458245834039
2024-03-18,679186999,Base,39951438.0,6.249877265510895,68041139.0,11.133371499890377
2024-03-19,688999046,Base,9812047.0,1.444675327184819,38463681.0,5.91261952376716
2024-03-20,653695113,Base,-35303933.0,-5.123945120818063,-6577548.0,-0.9961866344788683
2024-03-21,725674097,Base,71978984.0,11.011094097012176,50873925.0,7.539109666972643
2024-03-22,787021534,Base,61347437.0,8.453855147044065,113896994.0,16.920642055331992
2024-03-23,788596583,Base,1575049.0,0.200127815054163,127314987.0,19.252764294380874
2024-03-24,812244309,Base,23647726.0,2.9987101782813497,173008748.0,27.06494421701924
2024-03-25,860203308,Base,47958999.0,5.904504158243351,181016309.0,26.651910190642504
2024-03-26,922203388,Base,62000080.0,7.207607715919173,233204342.0,33.846830899675886
2024-03-27,974051453,Base,51848065.0,5.622194157456284,320356340.0,49.006996324294086
2024-03-28,1024092249,Base,50040796.0,5.137387336765253,298418152.0,41.122888805551504
2024-03-29,1055116601,Base,31024352.0,3.0294489612917586,268095067.0,34.064514809070026
2024-03-30,1055259098,Base,142497.0,0.013505332004526416,266662515.0,33.814819991427726
2024-03-31,1093093362,Base,37834264.0,3.5853056440551923,280849053.0,34.57691853153999
2024-04-01,1120371113,Base,27277751.0,2.495463969343903,260167805.0,30.244920309002122
2024-04-02,1100289281,Base,-20081832.0,-1.7924267920677805,178085893.0,19.310912898099232
2024-04-03,1146120868,Base,45831587.0,4.165412477557351,172069415.0,17.66533117629876
2024-04-04,1175259713,Base,29138845.0,2.5423884874243408,151167464.0,14.761117872692742
2024-04-05,1199528989,Base,24269276.0,2.065013863025178,144412388.0,13.686865305989059
2024-04-06,1200094069,Base,565080.0,0.04710849051434707,144834971.0,13.725062524881459
2024-04-07,1223871445,Base,23777376.0,1.98129268481535,130778083.0,11.964035968594612
2024-04-08,1305331836,Base,81460391.0,6.655959768715736,184960723.0,16.508880035717244
2024-04-09,1433400694,Base,128068858.0,9.81121079467795,333111413.0,30.27489395309304
2024-04-10,1416088197,Base,-17312497.0,-1.2077918667451115,269967329.0,23.554874231641687
2024-04-11,1449022584,Base,32934387.0,2.3257299276818966,273762871.0,23.29381905733716
2024-04-12,1483047419,Base,34024835.0,2.348123167692462,283518430.0,23.635813106639315
2024-04-13,1402715806,Base,-80331613.0,-5.41665842715714,202621737.0,16.883821213185257
2024-04-14,1317802620,Base,-84913186.0,-6.0534846500474915,93931175.0,7.6749216908153395
2024-04-15,1453209140,Base,135406520.0,10.27517459329379,147877304.0,11.328713505766363
2024-04-16,1423270800,Base,-29938340.0,-2.0601535715636943,-10129894.0,-0.7067035785877751
2024-04-17,1413710636,Base,-9560164.0,-0.6717037966351924,-2377561.0,-0.16789639268492973
2024-04-18,1405988301,Base,-7722335.0,-0.546245801888412,-43034283.0,-2.969883525293626
2024-04-19,1457862151,Base,51873850.0,3.68949371506897,-25185268.0,-1.6982105681409787
2024-04-20,1490175267,Base,32313116.0,2.216472660178148,87459461.0,6.235009303089001
2024-04-21,1538955945,Base,48780678.0,3.2734859502939306,221153325.0,16.781976423753054
2024-04-22,1549492782,Base,10536837.0,0.6846743751329321,96283642.0,6.625587422330681
2024-04-23,1585882084,Base,36389302.0,2.3484654089856782,162611284.0,11.425182333537641
2024-04-24,1584629125,Base,-1252959.0,-0.07900707200372281,170918489.0,12.09006175999372
2024-04-25,1538763042,Base,-45866083.0,-2.8944364505480102,132774741.0,9.443516770770067
2024-04-26,1540719795,Base,1956753.0,0.12716402373798008,82857644.0,5.6835033369351695
2024-04-27,1516711014,Base,-24008781.0,-1.5582834125915768,26535747.0,1.7807131541930143
2024-04-28,1501799292,Base,-14911722.0,-0.9831617138899462,-37156653.0,-2.414406541052738
2024-04-29,1526186183,Base,24386891.0,1.6238448859250187,-23306599.0,-1.5041437605096242
2024-04-30,1456667603,Base,-69518580.0,-4.555052376594604,-129214481.0,-8.147798774174186
2024-05-01,1341961683,Base,-114705920.0,-7.874543222061348,-242667442.0,-15.313831998386373
2024-05-02,1338607002,Base,-3354681.0,-0.2499833670735252,-200156040.0,-13.007593406964602
2024-05-03,1381351933,Base,42744931.0,3.193239758654731,-159367862.0,-10.343727815868043
2024-05-04,1434904607,Base,53552674.0,3.876830568709244,-81806407.0,-5.393671322017579
2024-05-05,1468601532,Base,33696925.0,2.3483738804387366,-33197760.0,-2.21053240448591
2024-05-06,1473442523,Base,4840991.0,0.32963270802308653,-52743660.0,-3.4559125608333408
2024-05-07,1472657375,Base,-785148.0,-0.05328663912871345,15989772.0,1.0976953127171285
2024-05-08,1486708871,Base,14051496.0,0.9541592116767861,144747188.0,10.786238521834157
2024-05-09,1459042156,Base,-27666715.0,-1.8609369688761368,120435154.0,8.997050950731534
2024-05-10,1471279699,Base,12237543.0,0.8387381371864899,89927766.0,6.510127061153503
2024-05-11,1427835562,Base,-43444137.0,-2.952812917185499,-7069045.0,-0.4926491256292964
2024-05-12,1433976993,Base,6141431.0,0.43012172854117736,-34624539.0,-2.357653743752186
2024-05-13,1435340471,Base,1363478.0,0.09508367335431256,-38102052.0,-2.5859204824917326
2024-05-14,1415713082,Base,-19627389.0,-1.367437858581777,-56944293.0,-3.8667713187529484
2024-05-15,1381923080,Base,-33790002.0,-2.3867831999026534,-104785791.0,-7.0481715044532045
2024-05-16,1442214540,Base,60291460.0,4.362866564179524,-16827616.0,-1.1533330912201545
2024-05-17,1427548677,Base,-14665863.0,-1.0168988450220406,-43731022.0,-2.9723119288414757
2024-05-18,1481297307,Base,53748630.0,3.765099633096436,53461745.0,3.7442508383188633
2024-05-19,1478871670,Base,-2425637.0,-0.16375085464190864,44894677.0,3.1307808437063267
2024-05-20,1462093696,Base,-16777974.0,-1.1345118268443088,26753225.0,1.8638940056752595
2024-05-21,1625414629,Base,163320933.0,11.170346568541657,209701547.0,14.812432664940234
2024-05-22,1651341430,Base,25926801.0,1.5950884492746953,269418350.0,19.49590059672497
2024-05-23,1640654883,Base,-10686547.0,-0.6471433954152062,198440343.0,13.759419108338754
2024-05-24,1617915887,Base,-22738996.0,-1.3859707020419165,190367210.0,13.335251754781318
2024-05-25,1603898139,Base,-14017748.0,-0.8664077108478274,122600832.0,8.276585086642573
2024-05-26,1628689523,Base,24791384.0,1.5456956646546782,149817853.0,10.130551287117417
2024-05-27,1643305717,Base,14616194.0,0.8974205208293728,181212021.0,12.394008776302122
2024-05-28,1649886649,Base,6580932.0,0.4004691234211766,24472020.0,1.5055863016968152
2024-05-29,1630836136,Base,-19050513.0,-1.1546558675134766,-20505294.0,-1.2417355749380077
2024-05-30,1609932652,Base,-20903484.0,-1.2817648283947491,-30722231.0,-1.8725590200800335
2024-05-31,1597588546,Base,-12344106.0,-0.7667467322105104,-20327341.0,-1.2563904689564365
2024-06-01,1630889248,Base,33300702.0,2.0844354501274642,26991109.0,1.6828443367874035
2024-06-02,1637454208,Base,6564960.0,0.4025386768629957,8764685.0,0.5381433892848841
2024-06-03,1622909349,Base,-14544859.0,-0.8882605039541969,-20396368.0,-1.2411791542498496
2024-06-04,1633607011,Base,10697662.0,0.6591657141288731,-16279638.0,-0.9867125120302744
2024-06-05,1642570548,Base,8963537.0,0.5486960413149111,11734412.0,0.7195334798492548
2024-06-06,1645714883,Base,3144335.0,0.1914276987267538,35782231.0,2.2225917932373163
2024-06-07,1620664066,Base,-25050817.0,-1.5221845083113306,23075520.0,1.4443969354797748
2024-06-08,1574689949,Base,-45974117.0,-2.8367456257279655,-56199299.0,-3.4459298244144176
2024-06-09,1622112040,Base,47422091.0,3.0115192536864344,-15342168.0,-0.9369524915593841
2024-06-10,1675126928,Base,53014888.0,3.2682630233112686,52217579.0,3.217529003217301
2024-06-11,1648380264,Base,-26746664.0,-1.5966947670009612,14773253.0,0.9043333494851202
2024-06-12,1575811786,Base,-72568478.0,-4.402411238769844,-66758762.0,-4.064285828166447
2024-06-13,1565369579,Base,-10442207.0,-0.6626557240383524,-80345304.0,-4.882091353122919
2024-06-14,1529286386,Base,-36083193.0,-2.3050909819680387,-91377680.0,-5.63828629985802
2024-06-15,1517364864,Base,-11921522.0,-0.7795480368580243,-57325085.0,-3.640404578463463
2024-06-16,1549642733,Base,32277869.0,2.1272318718986716,-72469307.0,-4.467589489071299
2024-06-17,1563209780,Base,13567047.0,0.8754951519525545,-111917148.0,-6.681114495223495
2024-06-18,1510805660,Base,-52404120.0,-3.352340848328106,-137574604.0,-8.346047753942287
2024-06-19,1483794462,Base,-27011198.0,-1.787867143680144,-92017324.0,-5.8393600566711275
2024-06-20,1518896514,Base,35102052.0,2.3656950405843924,-46473065.0,-2.9688238243193776
2024-06-21,1483918904,Base,-34977610.0,-2.302830355959329,-45367482.0,-2.966578556856392
2024-06-22,1480687896,Base,-3231008.0,-0.21773480958363622,-36676968.0,-2.4171488921467477
2024-06-23,1493364162,Base,12676266.0,0.8561065457646011,-56278571.0,-3.6317126394061594
2024-06-24,1477552991,Base,-15811171.0,-1.05876191503248,-85656789.0,-5.479545362107441
2024-06-25,1453879511,Base,-23673480.0,-1.602208526137383,-56926149.0,-3.7679332628393736
2024-06-26,1475408913,Base,21529402.0,1.4808243624804707,-8385549.0,-0.5651422225081748
2024-06-27,1469492288,Base,-5916625.0,-0.4010159453333828,-49404226.0,-3.2526393697418166
2024-06-28,1470687800,Base,1195512.0,0.08135544567076103,-13231104.0,-0.8916325524484292
2024-06-29,1458392423,Base,-12295377.0,-0.8360290334903153,-22295473.0,-1.5057510134465213
2024-06-30,1466163611,Base,7771188.0,0.5328598721058952,-27200551.0,-1.8214278668353345
2024-07-01,1482848422,Base,16684811.0,1.1379910724029108,5295431.0,0.35839195157503223
2024-07-02,1488212660,Base,5364238.0,0.36175228165027384,34333149.0,2.36148516711574
2024-07-03,1470234101,Base,-17978559.0,-1.2080638394784238,-5174812.0,-0.3507374772108385
2024-07-04,1383819554,Base,-86414547.0,-5.877604589719687,-85672734.0,-5.8300907530860036
2024-07-05,1295929485,Base,-87890069.0,-6.35126659006583,-174758315.0,-11.88276090955538
2024-07-06,1243487091,Base,-52442394.0,-4.046701198406644,-214905332.0,-14.73576854972456
2024-07-07,1281480364,Base,37993273.0,3.055381376693367,-184683247.0,-12.596360025197761
2024-07-08,1256435325,Base,-25045039.0,-1.9543833603368421,-226413097.0,-15.268795760973608
2024-07-09,1269663801,Base,13228476.0,1.0528576948439339,-218548859.0,-14.68532454225997
2024-07-10,1291512624,Base,21848823.0,1.7208353095356177,-178721477.0,-12.155987735452477
2024-07-11,1312791994,Base,21279370.0,1.647631591404397,-71027560.0,-5.132718337061448
2024-07-12,1329650416,Base,16858422.0,1.284165509619939,33720931.0,2.6020652659199284
2024-07-13,1333658681,Base,4008265.0,0.3014525435985016,90171590.0,7.25150993947874
2024-07-14,1366456269,Base,32797588.0,2.4592190241215173,84975905.0,6.631073513663299
2024-07-15,1411948950,Base,45492681.0,3.3292452917862203,155513625.0,12.377368090952068
2024-07-16,1505194121,Base,93245171.0,6.604004415315434,235530320.0,18.550605271607633
2024-07-17,1520280146,Base,15086025.0,1.0022644115815105,228767522.0,17.713146410561144
2024-07-18,1543295468,Base,23015322.0,1.5138869017368606,230503474.0,17.558263232370088
2024-07-19,1586439972,Base,43144504.0,2.795608805610783,256789556.0,19.312561625972524
2024-07-20,1620212048,Base,33772076.0,2.1287963362032647,286553367.0,21.486259646668927
2024-07-21,1636962566,Base,16750518.0,1.0338472683669275,270506297.0,19.79619129692032
2024-07-22,1641073640,Base,4111074.0,0.2511403794679179,229124690.0,16.227547745263738
2024-07-23,1636377723,Base,-4695917.0,-0.2861490725059701,131183602.0,8.715394258439302
2024-07-24,1636529245,Base,151522.0,0.009259598066524433,116249099.0,7.646557728578007
2024-07-25,1600747267,Base,-35781978.0,-2.186455152532274,57451799.0,3.7226701037652576
2024-07-26,1537230604,Base,-63516663.0,-3.967938244182556,-49209368.0,-3.1018739358894543
2024-07-27,1600032360,Base,62801756.0,4.0853828850781815,-20179688.0,-1.2454967252533367
2024-07-28,1599189174,Base,-843186.0,-0.052698059181754964,-37773392.0,-2.3075293708335165
2024-07-29,1588347043,Base,-10842131.0,-0.6779767632418943,-52726597.0,-3.2129330284045077
2024-07-30,1607329647,Base,18982604.0,1.1951169036803488,-29048076.0,-1.7751449186649726
2024-07-31,1583805709,Base,-23523938.0,-1.463541597948259,-52723536.0,-3.221667816880347
2024-08-01,1571111015,Base,-12694694.0,-0.8015310165800149,-29636252.0,-1.8514010681737414
2024-08-02,1547730284,Base,-23380731.0,-1.4881654304995107,10499680.0,0.6830256939120982
2024-08-03,1491372263,Base,-56358021.0,-3.6413334792640084,-108660097.0,-6.791118712124044
2024-08-04,1436916486,Base,-54455777.0,-3.651387272716089,-162272688.0,-10.14718525101771
2024-08-05,1371000961,Base,-65915525.0,-4.58728991157249,-217346082.0,-13.683790514035666
2024-08-06,1212769027,Base,-158231934.0,-11.541343770071943,-394560620.0,-24.547585539557957
2024-08-07,1247399763,Base,34630736.0,2.855509600675177,-336405946.0,-21.2403544253167
2024-08-08,1228365360,Base,-19034403.0,-1.5259264563448505,-342745655.0,-21.815495641471273
2024-08-09,1319788518,Base,91423158.0,7.44266819767696,-227941766.0,-14.727486329911477
2024-08-10,1343718730,Base,23930212.0,1.813185345502455,-147653533.0,-9.900514892437695
2024-08-11,1339727471,Base,-3991259.0,-0.29703083769622163,-97189015.0,-6.763720504769822
2024-08-12,1332481036,Base,-7246435.0,-0.5408887372139293,-38519925.0,-2.8096205688946996
2024-08-13,1368068746,Base,35587710.0,2.6707854775052775,155299719.0,12.805383015442073
2024-08-14,1377236383,Base,9167637.0,0.6701152282591494,129836620.0,10.408581422826524
2024-08-15,1378379201,Base,1142818.0,0.08297907418846062,150013841.0,12.212477320265691
2024-08-16,1350538296,Base,-27840905.0,-2.0198291573031324,30749778.0,2.32990191842235
2024-08-17,1369156640,Base,18618344.0,1.378586897916434,25437910.0,1.8930978211489258
2024-08-18,1370247185,Base,1090545.0,0.07965085718752984,30519714.0,2.2780539072785766
2024-08-19,1415621309,Base,45374124.0,3.311382391199724,83140273.0,6.239508912605651
2024-08-20,1416163848,Base,542539.0,0.03832515069890352,48095102.0,3.515547163885002
2024-08-21,1423592336,Base,7428488.0,0.5245500378004309,46355953.0,3.365867586145521
2024-08-22,1453145218,Base,29552882.0,2.0759371382286007,74766017.0,5.424197996150704
2024-08-23,1445554021,Base,-7591197.0,-0.5223976864781599,95015725.0,7.035396573456376
2024-08-24,1511706449,Base,66152428.0,4.576268132424222,142549809.0,10.411504778591297
2024-08-25,1522079611,Base,10373162.0,0.6861889096829499,151832426.0,11.080659581869522
2024-08-26,1520593449,Base,-1486162.0,-0.09764022783430581,104972140.0,7.415269841773764
2024-08-27,1493959183,Base,-26634266.0,-1.7515704817428812,77795335.0,5.49338518349185
2024-08-28,1432224432,Base,-61734751.0,-4.132291678547151,8632096.0,0.6063601061701673
2024-08-29,1454574104,Base,22349672.0,1.560486715674192,1428886.0,0.0983305716662386
2024-08-30,1454109967,Base,-464137.0,-0.031908790258516895,8555946.0,0.5918800595277052
2024-08-31,1444289218,Base,-9820749.0,-0.6753787005711387,-67417231.0,-4.459677409234897
2024-09-01,1439213981,Base,-5075237.0,-0.35140032458512716,-82865630.0,-5.444237568201682
2024-09-02,1433113555,Base,-6100426.0,-0.423872063538544,-87479894.0,-5.753010053905605
2024-09-03,1469776892,Base,36663337.0,2.55829950614066,-24182291.0,-1.6186714654037537
2024-09-04,1428224340,Base,-41552552.0,-2.827133303440177,-4000092.0,-0.2792922610888704
2024-09-05,1421039285,Base,-7185055.0,-0.5030760783701571,-33534819.0,-2.3054733964932406
2024-09-06,1370020821,Base,-51018464.0,-3.590221926904713,-84089146.0,-5.78286016245978
2024-09-07,1310392425,Base,-59628396.0,-4.352371517717247,-133896793.0,-9.27077425568651
2024-09-08,1331785905,Base,21393480.0,1.6326010126317625,-107428076.0,-7.4643574491512705
2024-09-09,1345618194,Base,13832289.0,1.0386270757235527,-87495361.0,-6.1052636544213
2024-09-10,1365444871,Base,19826677.0,1.473425157924102,-104332021.0,-7.098493762412483
2024-09-11,1372132968,Base,6688097.0,0.4898108405579027,-56091372.0,-3.9273502368682545
2024-09-12,1383488749,Base,11355781.0,0.8276006236153544,-37550536.0,-2.642469944101511
2024-09-13,1409521416,Base,26032667.0,1.881668139247017,39500595.0,2.883211290991028
2024-09-14,1459331188,Base,49809772.0,3.5338073926788782,148938763.0,11.365966420326345
2024-09-15,1455389216,Base,-3941972.0,-0.2701218224084201,123603311.0,9.281019609529517
2024-09-16,1435923921,Base,-19465295.0,-1.3374631875793686,90305727.0,6.711095866767103
2024-09-17,1426254660,Base,-9669261.0,-0.6733825419710349,60809789.0,4.453478151444168
2024-09-18,1458525453,Base,32270793.0,2.2626248947716032,86392485.0,6.296218151942257
2024-09-19,1478269793,Base,19744340.0,1.353719262107389,94781044.0,6.850872048544576
2024-09-20,1552894030,Base,74624237.0,5.048079677563977,143372614.0,10.171722995658271
2024-09-21,1602759600,Base,49865570.0,3.211137980870471,143428412.0,9.82836611588953
2024-09-22,1616167979,Base,13408379.0,0.8365807947742221,160778763.0,11.04713166982818
2024-09-23,1622392955,Base,6224976.0,0.3851688735877268,186469034.0,12.985996769950049
2024-09-24,1695393935,Base,73000980.0,4.499586846393822,269139275.0,18.87035201693925
2024-09-25,1721586321,Base,26192386.0,1.5449144567100337,263060868.0,18.03608346079375
2024-09-26,1731850299,Base,10263978.0,0.5961930502583312,253580506.0,17.153871857543933
2024-09-27,1798038978,Base,66188679.0,3.8218475949231,245144948.0,15.786328188794707
2024-09-28,1872795974,Base,74756996.0,4.1576960741503965,270036374.0,16.84821441718396
2024-09-29,1876111046,Base,3315072.0,0.17701191405914418,259943067.0,16.08391394815527
2024-09-30,1890664933,Base,14553887.0,0.7757476313051903,268271978.0,16.535573405519386
2024-10-01,1847065376,Base,-43599557.0,-2.3060435637751397,151671441.0,8.946088449938916
2024-10-02,1805797346,Base,-41268030.0,-2.23424847524184,84211025.0,4.891478514483394
2024-10-03,1805997816,Base,200470.0,0.011101467196428239,74147517.0,4.281404521095955
2024-10-04,1807684275,Base,1686459.0,0.09338100993583343,9645297.0,0.5364342552089063
2024-10-05,1898678856,Base,90994581.0,5.033765146847902,25882882.0,1.3820449402567991
2024-10-06,1899715205,Base,1036349.0,0.054582637644329246,23604159.0,1.2581429574931358
2024-10-07,1919056351,Base,19341146.0,1.0181076589319549,28391418.0,1.501663118855756
2024-10-08,1936550656,Base,17494305.0,0.9116097602284601,89485280.0,4.84472727185159
2024-10-09,1936020386,Base,-530270.0,-0.027382191029035052,130223040.0,7.2113872737965545
2024-10-10,1908199564,Base,-27820822.0,-1.4370107980877456,102201748.0,5.659018360629076
2024-10-11,1882279917,Base,-25919647.0,-1.358329992784757,74595642.0,4.126585766753976
2024-10-12,1936839263,Base,54559346.0,2.898577703945193,38160407.0,2.0098399937098055
2024-10-13,1966638471,Base,29799208.0,1.538548322995248,66923266.0,3.5228051985823905
2024-10-14,1989844948,Base,23206477.0,1.1800072734364786,70788597.0,3.68871903960053
2024-10-15,2056961446,Base,67116498.0,3.3729511471463747,120410790.0,6.217797072693765
2024-10-16,2037746667,Base,-19214779.0,-0.9341341344712761,101726281.0,5.254401334594205
2024-10-17,2035795328,Base,-1951339.0,-0.09575964626028499,127595764.0,6.686709629706211
2024-10-18,2034885236,Base,-910092.0,-0.044704493987324234,152605319.0,8.107472093907496
2024-10-19,2064671336,Base,29786100.0,1.4637729672927868,127832073.0,6.600035193524478
2024-10-20,2073851952,Base,9180616.0,0.4446526592356337,107213481.0,5.451611090750386
2024-10-21,2099483896,Base,25631944.0,1.2359582358461463,109638948.0,5.50992418329872
2024-10-22,2048954120,Base,-50529776.0,-2.4067713068088192,-8007326.0,-0.38927934286620003
2024-10-23,2027364741,Base,-21589379.0,-1.0536780101254806,-10381926.0,-0.5094807008215851
2024-10-24,2011831715,Base,-15533026.0,-0.7661683014344223,-23963613.0,-1.1771130756814463
2024-10-25,2031152494,Base,19320779.0,0.9603576112229728,-3732742.0,-0.18343747027903534
2024-10-26,2024307357,Base,-6845137.0,-0.33700753735725897,-40363979.0,-1.9549832603478312
2024-10-27,2053150814,Base,28843457.0,1.4248556129710321,-20701138.0,-0.9981974836745677
2024-10-28,2096103467,Base,42952653.0,2.092035943346926,-3380429.0,-0.1610123805398267
2024-10-29,2108703706,Base,12600239.0,0.6011267668019071,59749586.0,2.9161017036340553
2024-10-30,2171624486,Base,62920780.0,2.983860644858183,144259745.0,7.115628583381772
2024-10-31,2154405508,Base,-17218978.0,-0.7929077108407623,142573793.0,7.086765356017866
2024-11-01,2091215167,Base,-63190341.0,-2.93307554057739,60062673.0,2.9570735421109218
2024-11-02,2104571306,Base,13356139.0,0.6386783727836187,80263949.0,3.965008017307725
2024-11-03,2104373122,Base,-198184.0,-0.00941683465107701,51222308.0,2.4948146843732033
2024-11-04,2064802556,Base,-39570566.0,-1.8803968548311456,-31300911.0,-1.4932903596022729
2024-11-05,2036278384,Base,-28524172.0,-1.381447921841883,-72425322.0,-3.4345897811022263
2024-11-06,2092226167,Base,55947783.0,2.747550798535614,-79398319.0,-3.6561716591364646
2024-11-07,2270219459,Base,177993292.0,8.507363821723967,115813951.0,5.375680231504498
2024-11-08,2354761796,Base,84542337.0,3.7239720003650945,263546629.0,12.602559179889505
2024-11-09,2417531592,Base,62769796.0,2.665653744961638,312960286.0,14.870500472365556
2024-11-10,2488327187,Base,70795595.0,2.928424812907271,383954065.0,18.24553169711127
2024-11-11,2514081361,Base,25754174.0,1.0349995022579828,449278805.0,21.75892332632312
2024-11-12,2649387406,Base,135306045.0,5.381927852413693,613109022.0,30.10929285590256
2024-11-13,2626763195,Base,-22624211.0,-0.8539412148168113,534537028.0,25.548721091011963
2024-11-14,2581641318,Base,-45121877.0,-1.7177748297177553,311421859.0,13.717698426264779
2024-11-15,2544928621,Base,-36712697.0,-1.4220680752212833,190166825.0,8.075841272906391
2024-11-16,2664697152,Base,119768531.0,4.706164644921884,247165560.0,10.22388128527092
2024-11-17,2654550440,Base,-10146712.0,-0.3807829340900626,166223253.0,6.680120438679271
2024-11-18,2621088721,Base,-33461719.0,-1.2605418415029268,107007360.0,4.2563204858826476
2024-11-19,2672382692,Base,51293971.0,1.9569719479175074,22995286.0,0.8679472827538559
2024-11-20,2627250265,Base,-45132427.0,-1.688845955151097,487070.0,0.01854259268316838
2024-11-21,2592280411,Base,-34969854.0,-1.3310438851549589,10639093.0,0.41210577650043767
2024-11-22,2737091477,Base,144811066.0,5.586242344212189,192162856.0,7.55081515506284
2024-11-23,2717030553,Base,-20060924.0,-0.7329285180482148,52333401.0,1.9639530503765101
2024-11-24,2754919457,Base,37888904.0,1.3944967957082888,100369017.0,3.781017511952034
2024-11-25,2725226698,Base,-29692759.0,-1.0778086061483005,104137977.0,3.97308096309954
2024-11-26,2752942398,Base,27715700.0,1.0170053016264724,80559706.0,3.0145273070792733
2024-11-27,2796364350,Base,43421952.0,1.5772924283321776,169114085.0,6.436923320664323
2024-11-28,2973364696,Base,177000346.0,6.329659652541353,381084285.0,14.700735436757494
2024-11-29,2955948521,Base,-17416175.0,-0.5857396175931506,218857044.0,7.9959711189440785
2024-11-30,2977168759,Base,21220238.0,0.7178825290509838,260138206.0,9.574357038891934
2024-12-01,3073661705,Base,96492946.0,3.2410976270089265,318742248.0,11.569929828260683
2024-12-02,3094037935,Base,20376230.0,0.6629301450726821,368811237.0,13.533231465502094
2024-12-03,3007356133,Base,-86681802.0,-2.801575281913926,254413735.0,9.241520461337306
2024-12-04,3062074990,Base,54718857.0,1.819500404344021,265710640.0,9.50200355686841
2024-12-05,3144798386,Base,82723396.0,2.701547031674756,171433690.0,5.765646246847078
2024-12-06,3191889181,Base,47090795.0,1.4974185693314546,235940660.0,7.981893403210583
2024-12-07,3345368316,Base,153479135.0,4.808410514801009,368199557.0,12.367439900305621
2024-12-08,3384036154,Base,38667838.0,1.1558619065967113,310374449.0,10.097872791111207
2024-12-09,3392719188,Base,8683034.0,0.25658809790600756,298681253.0,9.653445086154067
2024-12-10,3228482937,Base,-164236251.0,-4.840844228455488,221126804.0,7.352863918361874
2024-12-11,3162173156,Base,-66309781.0,-2.053899069437759,100098166.0,3.2689652058455865
2024-12-12,3350344033,Base,188170877.0,5.950682259222861,205545647.0,6.53605165644473
2024-12-13,3387771378,Base,37427345.0,1.117119454938087,195882197.0,6.136873365341322
2024-12-14,3463196005,Base,75424627.0,2.2263788958665653,117827689.0,3.5221140953736407
2024-12-15,3446290826,Base,-16905179.0,-0.4881380948578484,62254672.0,1.8396574140147282
2024-12-16,3514197210,Base,67906384.0,1.9704194285546262,121478022.0,3.580550445485331
2024-12-17,3546744530,Base,32547320.0,0.9261665767471339,318261593.0,9.857930155137762
2024-12-18,3378492673,Base,-168251857.0,-4.743839190470256,216319517.0,6.840849831058393
2024-12-19,3225985768,Base,-152506905.0,-4.514051672178954,-124358265.0,-3.7118058257630926
2024-12-20,3065683769,Base,-160301999.0,-4.9690857470639616,-322087609.0,-9.50735964922601
2024-12-21,3132118595,Base,66434826.0,2.1670475823953206,-331077410.0,-9.55988080149105
2024-12-22,3045199264,Base,-86919331.0,-2.7750970585454504,-401091562.0,-11.638355038815284
2024-12-23,3021299872,Base,-23899392.0,-0.7848219419509195,-492897338.0,-14.025887238126856
2024-12-24,3185277325,Base,163977453.0,5.427380926986647,-361467205.0,-10.191520757769378
2024-12-25,3248812074,Base,63534749.0,1.9946379080195253,-129680599.0,-3.838415872154244
2024-12-26,3228236096,Base,-20575978.0,-0.6333385105487643,2250328.0,0.06975629038175057
2024-12-27,3141699073,Base,-86537023.0,-2.6806286909196397,76015304.0,2.4795546353691744
2024-12-28,3185557394,Base,43858321.0,1.396006427761387,53438799.0,1.7061550314636076
2024-12-29,3235720237,Base,50162843.0,1.5746959415793738,190520973.0,6.256436984348368
2024-12-30,3211164645,Base,-24555592.0,-0.7588910722011843,189864773.0,6.284208156879045
2024-12-31,3166778355,Base,-44386290.0,-1.3822489628213974,-18498970.0,-0.5807648161373247
2025-01-01,3214750756,Base,47972401.0,1.5148644970449876,-34061318.0,-1.04842376918598
2025-01-02,3297383734,Base,82632978.0,2.5704318708308582,69147638.0,2.141963473045805
2025-01-03,3395996614,Base,98612880.0,2.9906400939381905,254297541.0,8.094267945184574
2025-01-04,3497721514,Base,101724900.0,2.9954358488061716,312164120.0,9.799356325770848
2025-01-05,3573307359,Base,75585845.0,2.1610023753309004,337587122.0,10.433136899158946
2025-01-06,3503311506,Base,-69995853.0,-1.9588534085572928,292146861.0,9.097847457148989
2025-01-07,3546016354,Base,42704848.0,1.2189851780768146,379237999.0,11.97551443413223
2025-01-08,3302009477,Base,-244006877.0,-6.881154869033635,87258721.0,2.7143230571496257
2025-01-09,3254910568,Base,-47098909.0,-1.4263711030530146,-42473166.0,-1.2880868417603497
2025-01-10,3154867469,Base,-100043099.0,-3.0736051547330834,-241129145.0,-7.100394152513134
2025-01-11,3230364477,Base,75497008.0,2.393032631064229,-267357037.0,-7.643748535435857
2025-01-12,3191874189,Base,-38490288.0,-1.1915153312899718,-381433170.0,-10.674513319972146
2025-01-13,3126014150,Base,-65860039.0,-2.063365756299862,-377297356.0,-10.769734731091308
2025-01-14,3072619247,Base,-53394903.0,-1.7080825753779783,-473397107.0,-13.350110652084146
2025-01-15,3215211863,Base,142592616.0,4.640751246325836,-86797614.0,-2.6286300691922615
2025-01-16,3421679320,Base,206467457.0,6.421581712110025,166768752.0,5.123604735551068
2025-01-17,3353383073,Base,-68296247.0,-1.9959861989638505,198515604.0,6.2923595349291706
2025-01-18,3374456062,Base,21072989.0,0.6284098339277344,144091585.0,4.460536451100894
2025-01-19,3290202142,Base,-84253920.0,-2.496814848140705,98327953.0,3.080571074476013
2025-01-20,3216299637,Base,-73902505.0,-2.2461387419521084,90285487.0,2.8881982827876795
2025-01-21,3265340135,Base,49040498.0,1.524749045015672,192720888.0,6.272202069558919
2025-01-22,3301571021,Base,36230886.0,1.1095593261986503,86359158.0,2.685955441810961
2025-01-23,3280446914,Base,-21124107.0,-0.6398198574447678,-141232406.0,-4.1275757542352025
2025-01-24,3330566113,Base,50119199.0,1.5278161882792851,-22816960.0,-0.6804161499982642
2025-01-25,3359131204,Base,28565091.0,0.857664734187491,-15324858.0,-0.45414305945703504
2025-01-26,3338154212,Base,-20976992.0,-0.6244767091866166,47952070.0,1.4574201805987341
2025-01-27,3303471099,Base,-34683113.0,-1.0389907355184858,87171462.0,2.7103028896060533
2025-01-28,3174678809,Base,-128792290.0,-3.8986958305458397,-90661326.0,-2.7764741880404453
2025-01-29,3116366951,Base,-58311858.0,-1.8367797660251428,-185204070.0,-5.609574012553098
2025-01-30,3182060670,Base,65693719.0,2.108022579912161,-98386244.0,-2.9991719597752375
2025-01-31,3249394826,Base,67334156.0,2.1160550656628363,-81171287.0,-2.4371618591556787
2025-02-01,3243525394,Base,-5869432.0,-0.18063154261943604,-115605810.0,-3.4415389866980672
2025-02-02,3070129979,Base,-173395415.0,-5.345893555227088,-268024233.0,-8.029114773562773
2025-02-03,2820765025,Base,-249364954.0,-8.122293052922236,-482706074.0,-14.612087090639925
2025-02-04,2881561428,Base,60796403.0,2.155316109678429,-293117381.0,-9.232977527333851
2025-02-05,2820913159,Base,-60648269.0,-2.1047015833389304,-295453792.0,-9.480712529864077
2025-02-06,2832231267,Base,11318108.0,0.40122142590210963,-349829403.0,-10.993800536178966
2025-02-07,2780150336,Base,-52080931.0,-1.8388657595453384,-469244490.0,-14.440981017306509
2025-02-08,2786548844,Base,6398508.0,0.23014971230677084,-456976550.0,-14.08888460825166
2025-02-09,2775173511,Base,-11375333.0,-0.408222989684659,-294956468.0,-9.607295782834345
2025-02-10,2787086684,Base,11913173.0,0.42927669036836313,-33678341.0,-1.1939435118315078
2025-02-11,2829045855,Base,41959171.0,1.5054849653897584,-52515573.0,-1.8224693213099163
2025-02-12,2726406703,Base,-102639152.0,-3.6280483689791643,-94506456.0,-3.3502079175490085
2025-02-13,2775073581,Base,48666878.0,1.7850190122570275,-57157686.0,-2.018115069414639
2025-02-14,2864904179,Base,89830598.0,3.2370528340235794,84753843.0,3.0485345307599943
2025-02-15,2918634000,Base,53729821.0,1.8754491474390012,132085156.0,4.740098358024691
2025-02-16,2888518726,Base,-30115274.0,-1.0318276974776608,113345215.0,4.084256878019765
2025-02-17,2872730805,Base,-15787921.0,-0.5465749921539587,85644121.0,3.072890466294509
2025-02-18,2851610607,Base,-21120198.0,-0.7351958618343257,22564752.0,0.7976099772338152
2025-02-19,2840726813,Base,-10883794.0,-0.38167181638625314,114320110.0,4.193068843111636
2025-02-20,2860278568,Base,19551755.0,0.6882659363978805,85204987.0,3.0703685690848026
2025-02-21,2880686487,Base,20407919.0,0.7134941060747746,15782308.0,0.5508843233112515
2025-02-22,2870658501,Base,-10027986.0,-0.34811098136692253,-47975499.0,-1.6437655081109837
2025-02-23,2960969080,Base,90310579.0,3.145988245154907,72450354.0,2.5082182555322685
2025-02-24,2943826297,Base,-17142783.0,-0.5789585279965204,71095492.0,2.4748400329142495
2025-02-25,2751172122,Base,-192654175.0,-6.544345880608871,-100438485.0,-3.5221669029231517
2025-02-26,2705307675,Base,-45864447.0,-1.6670875163804055,-135419138.0,-4.767059520833971
2025-02-27,2595470673,Base,-109837002.0,-4.060055830803055,-264807895.0,-9.258115554288903
2025-02-28,2594959534,Base,-511139.0,-0.019693499345507792,-285726953.0,-9.918710497981376
2025-03-01,2567638086,Base,-27321448.0,-1.0528660521301192,-303020415.0,-10.555780664765324
2025-03-02,2593324741,Base,25686655.0,1.0004001397259321,-367644339.0,-12.416351845187112
2025-03-03,2791423992,Base,198099251.0,7.638813908188435,-152402305.0,-5.177014185766005
2025-03-04,2552199742,Base,-239224250.0,-8.56997183823015,-198972380.0,-7.232276687049099
2025-03-05,2573475446,Base,21275704.0,0.8336222141973604,-131832229.0,-4.873095589765031
2025-03-06,2635251431,Base,61775985.0,2.4004886114619595,39780758.0,1.5326991907028242
2025-03-07,2562947171,Base,-72304260.0,-2.743732880644434,-32012363.0,-1.2336363084111235
2025-03-08,2523753131,Base,-39194040.0,-1.5292566481074799,-43884955.0,-1.7091565684152266
2025-03-09,2528274907,Base,4521776.0,0.1791687128371411,-65049834.0,-2.5083566655411005
2025-03-10,2373010889,Base,-155264018.0,-6.141105050329876,-418413103.0,-14.989235035563887
2025-03-11,2249209319,Base,-123801570.0,-5.217067084431736,-302990423.0,-11.871736291398783
2025-03-12,2346099466,Base,96890147.0,4.307742555640726,-227375980.0,-8.83536621083425
2025-03-13,2373317909,Base,27218443.0,1.1601572479962297,-261933522.0,-9.939602685296867
2025-03-14,2352481235,Base,-20836674.0,-0.8779554530382927,-210465936.0,-8.211871800614656
2025-03-15,2432323989,Base,79842754.0,3.393980483759318,-91429142.0,-3.62274506475887
2025-03-16,2704546345,Base,272222356.0,11.191862483415239,176271438.0,6.972004409487265
2025-03-17,2660739855,Base,-43806490.0,-1.6197352314182623,287728966.0,12.125058815943767
2025-03-18,2707049234,Base,46309379.0,1.740470001716865,457839915.0,20.35559390281896
2025-03-19,2677171403,Base,-29877831.0,-1.103704750720469,331071937.0,14.11158997297175
2025-03-20,2813936076,Base,136764673.0,5.108551243552939,440618167.0,18.56549286250719
2025-03-21,2635770097,Base,-178165979.0,-6.331557440823687,283288862.0,12.042130571978827
2025-03-22,2704561731,Base,68791634.0,2.609925428560622,272237742.0,11.192495047171946
2025-03-23,2721095355,Base,16533624.0,0.6113235948911777,16549010.0,0.6118959666043366
2025-03-24,2751286811,Base,30191456.0,1.1095331864987124,90546956.0,3.4030743678246544
2025-03-25,2816466601,Base,65179790.0,2.369065621926536,109417367.0,4.041942260441345
2025-03-26,2805105147,Base,-11361454.0,-0.40339388352647054,127933744.0,4.778690817354447
2025-03-27,2802693614,Base,-2411533.0,-0.08596943335900109,-11242462.0,-0.399527981317227
2025-03-28,2779004782,Base,-23688832.0,-0.8452166116792004,143234685.0,5.434263222085556
2025-03-29,2693641946,Base,-85362836.0,-3.071705257684587,-10919785.0,-0.40375432643433573
2025-03-30,2617488553,Base,-76153393.0,-2.8271535165646733,-103606802.0,-3.8075402910678235
2025-03-31,2620430102,Base,2941549.0,0.11238058698015418,-130856709.0,-4.756200207001971
2025-04-01,2643070682,Base,22640580.0,0.8640024392453816,-173395919.0,-6.156505422021863
2025-04-02,2627520209,Base,-15550473.0,-0.5883487379245156,-177584938.0,-6.3307765197295085
2025-04-03,2651266071,Base,23745862.0,0.9037366075687503,-151427543.0,-5.402928891106395
2025-04-04,2667196673,Base,15930602.0,0.6008677203035884,-111808109.0,-4.023314739297923
2025-04-05,2812855742,Base,145659069.0,5.461129675006915,119213796.0,4.425747682502124
2025-04-06,2779274263,Base,-33581479.0,-1.1938571359554673,161785710.0,6.180951959257719
2025-04-07,2560070953,Base,-219203310.0,-7.8870701218017985,-60359149.0,-2.3034061833563824
2025-04-08,2385169832,Base,-174901121.0,-6.831885686412065,-257900850.0,-9.75762213838517
2025-04-09,2300736543,Base,-84433289.0,-3.5399277597436885,-326783666.0,-12.436961089040288
2025-04-10,2477099063,Base,176362520.0,7.665480888569509,-174167008.0,-6.569201405512192
2025-04-11,2333393160,Base,-143705903.0,-5.801378925312683,-333803513.0,-12.515144322842364
2025-04-12,2423708794,Base,90315634.0,3.8705707871364403,-389146948.0,-13.834586046823304
2025-04-13,2497071178,Base,73362384.0,3.026864620931846,-282203085.0,-10.153840833807626
2025-04-14,2449944261,Base,-47126917.0,-1.8872876918849313,-110126692.0,-4.301704680135876
2025-04-15,2433988582,Base,-15955679.0,-0.6512670208050908,48818750.0,2.0467620101946693
2025-04-16,2433603508,Base,-385074.0,-0.01582069870202929,132866965.0,5.774975209753941
2025-04-17,2424921540,Base,-8681968.0,-0.35675359488346325,-52177523.0,-2.1063962995815033
2025-04-18,2435370461,Base,10448921.0,0.4308972817322676,101977301.0,4.370343701530355
2025-04-19,2448667915,Base,13297454.0,0.5460136029793228,24959121.0,1.0297904212662523
2025-04-20,2484208315,Base,35540400.0,1.4514177190907418,-12862863.0,-0.5151179955672047
2025-04-21,2480606303,Base,-3602012.0,-0.1449963748309857,30662042.0,1.251540391677497
2025-04-22,2484787253,Base,4180950.0,0.16854548805038672,50798671.0,2.0870546138001655
2025-04-23,2425197397,Base,-59589856.0,-2.398187447559319,-8406111.0,-0.3454182644118675
2025-04-24,2320872935,Base,-104324462.0,-4.301689509029272,-104048605.0,-4.290802951092598
2025-04-25,2472117227,Base,151244292.0,6.516698511114316,36746766.0,1.5088778725233842
2025-04-26,2393485767,Base,-78631460.0,-3.1807334677013688,-55182148.0,-2.253557849227583
2025-04-27,2425136271,Base,31650504.0,1.322360234448805,-59072044.0,-2.3779021929567934
2025-04-28,2406443352,Base,-18692919.0,-0.7707987061812416,-74162951.0,-2.9897106570401233
2025-04-29,2452895805,Base,46452453.0,1.930336442841818,-31891448.0,-1.2834679492779943
2025-04-30,2436901173,Base,-15994632.0,-0.6520713993393601,11703776.0,0.48259065486702113
2025-05-01,2451604912,Base,14703739.0,0.6033785515355383,130731977.0,5.6328795527101905
2025-05-02,2518176285,Base,66571373.0,2.715420118231515,46059058.0,1.863142147829877
2025-05-03,2561320480,Base,43144195.0,1.713311147317076,167834713.0,7.01214585497052
2025-05-04,2546719560,Base,-14600920.0,-0.5700543963166993,121583289.0,5.013462148659609
2025-05-05,2511909410,Base,-34810150.0,-1.366862317576889,105466058.0,4.38265284376409
2025-05-06,2538092889,Base,26183479.0,1.0423735384629262,85197084.0,3.4733266625648573
2025-05-07,2550151690,Base,12058801.0,0.4751126742548406,113250517.0,4.647316774876864
2025-05-08,2473991645,Base,-76160045.0,-2.9864907761624204,22386733.0,0.913146033050527
2025-05-09,2799269290,Base,325277645.0,13.14788777308098,281093005.0,11.162562632107376
2025-05-10,2851681368,Base,52412078.0,1.872348551360692,290360888.0,11.336374743702503
2025-05-11,2992290061,Base,140608693.0,4.930729448872984,445570501.0,17.495860478646506
2025-05-12,2958885151,Base,-33404910.0,-1.1163660380182683,446975741.0,17.79426197539504
2025-05-13,2935031906,Base,-23853245.0,-0.8061565009354399,396939017.0,15.639262799258402
2025-05-14,3063244337,Base,128212431.0,4.368348798454247,513092647.0,20.12008340570517
2025-05-15,3032521531,Base,-30722806.0,-1.0029498995202113,558529886.0,22.576061933305347
2025-05-16,3011972250,Base,-20549281.0,-0.6776301764038539,212702960.0,7.598517254479642
2025-05-17,3006020945,Base,-5951305.0,-0.1975883077940055,154339577.0,5.412230788892258
2025-05-18,2942527850,Base,-63493095.0,-2.1121973586248566,-49762211.0,-1.6630142795504899
2025-05-19,3036497357,Base,93969507.0,3.1934959256205486,77612206.0,2.6230219166759383
2025-05-20,3076192367,Base,39695010.0,1.307263117107338,141160461.0,4.809503457575026
2025-05-21,3110662841,Base,34470474.0,1.120556515573723,47418504.0,1.5479830788307058
2025-05-22,3177299639,Base,66636798.0,2.142205742187664,144778108.0,4.774182360125168
2025-05-23,3223388736,Base,46089097.0,1.4505744574504709,211416486.0,7.019204310398286
2025-05-24,3121627418,Base,-101761318.0,-3.1569669789899057,115606473.0,3.845830588515753
2025-05-25,3134973450,Base,13346032.0,0.42753443037577554,192445600.0,6.540145405930486
2025-05-26,3188034418,Base,53060968.0,1.6925491984629115,151537061.0,4.990521748707066
2025-05-27,3189364446,Base,1330028.0,0.041719373934312465,113172079.0,3.6789662510725574
2025-05-28,3286454554,Base,97090108.0,3.0441835558105312,175791713.0,5.651262190263195
2025-05-29,3262399336,Base,-24055218.0,-0.7319504227046747,85099697.0,2.678365488587775
2025-05-30,3180261626,Base,-82137710.0,-2.517708641416916,-43127110.0,-1.3379431875014114
2025-05-31,3110863097,Base,-69398529.0,-2.1821641475228692,-10764321.0,-0.3448304220398102
2025-06-01,3125042418,Base,14179321.0,0.45580022514246643,-9931032.0,-0.3167820129385768
2025-06-02,3169745470,Base,44703052.0,1.4304782470315969,-18288948.0,-0.5736747350260307
2025-06-03,3205364178,Base,35618708.0,1.1237087752664188,15999732.0,0.5016589439963859
2025-06-04,3222279855,Base,16915677.0,0.5277302690315455,-64174699.0,-1.9527030709094007
2025-06-05,3197685157,Base,-24594698.0,-0.7632700791595282,-64714179.0,-1.9836375726873912
2025-06-06,3096284050,Base,-101401107.0,-3.171078515282355,-83977576.0,-2.6405870294898826
2025-06-07,3211838761,Base,115554711.0,3.7320449007254286,100975664.0,3.2459051025863994
2025-06-08,3246686653,Base,34847892.0,1.084982609436791,121644235.0,3.8925626832883475
2025-06-09,3250350316,Base,3663663.0,0.11284313491155551,80604846.0,2.5429438029924922
2025-06-10,3403794919,Base,153444603.0,4.720863540297859,198430741.0,6.190583346564127
2025-06-11,3462567641,Base,58772722.0,1.7266822296469808,240287786.0,7.457073774245471
2025-06-12,3409223228,Base,-53344413.0,-1.5406027702781322,211538071.0,6.6153501865849895
2025-06-13,3291468674,Base,-117754554.0,-3.4539995220283615,195184624.0,6.303834559364807
2025-06-14,3306628143,Base,15159469.0,0.4605685334254428,94789382.0,2.951249706273784
2025-06-15,3273867487,Base,-32760656.0,-0.9907571877821542,27180834.0,0.8371868586358522
2025-06-16,3280231358,Base,6363871.0,0.1943838907735307,29881042.0,0.919317584104995
2025-06-17,3347636595,Base,67405237.0,2.0548927695483554,-56158324.0,-1.649873900643195
2025-06-18,3284991970,Base,-62644625.0,-1.8713090032999813,-177575671.0,-5.128439049026512
2025-06-19,3322359522,Base,37367552.0,1.137523389440731,-86863706.0,-2.5479031495088678
2025-06-20,3342087699,Base,19728177.0,0.5938001853611485,50619025.0,1.5378856678737396
2025-06-21,3210420989,Base,-131666710.0,-3.9396545470484323,-96207154.0,-2.9095244411944776
2025-06-22,3171438232,Base,-38982757.0,-1.2142568570778778,-102429255.0,-3.1286927588465296
2025-06-23,3117654720,Base,-53783512.0,-1.6958713386665103,-162576638.0,-4.956255222775663
2025-06-24,3311776418,Base,194121698.0,6.226529729372987,-35860177.0,-1.0712087761724276
2025-06-25,3364017606,Base,52241188.0,1.5774370430341023,79025636.0,2.405656900281561
2025-06-26,3325830226,Base,-38187380.0,-1.135171823473502,3470704.0,0.10446503387178119
2025-06-27,3345249427,Base,19419201.0,0.583890327539538,3161728.0,0.09460338221962683
2025-06-28,3294014344,Base,-51235083.0,-1.531577364201131,83593355.0,2.603812873340261
2025-06-29,3316828324,Base,22813980.0,0.6925889694911369,145390092.0,4.584358305736669
2025-06-30,3376164341,Base,59336017.0,1.788938443713084,258509621.0,8.291797656156108
2025-07-01,3361538090,Base,-14626251.0,-0.43322094313891224,49761672.0,1.5025673753076507
2025-07-02,3286090121,Base,-75447969.0,-2.2444478384595623,-77927485.0,-2.3165005100154623
2025-07-03,3427719517,Base,141629396.0,4.3099668841979355,101889291.0,3.06357462877902
2025-07-04,3474274322,Base,46554805.0,1.3581859533462026,129024895.0,3.8569588849973746
2025-07-05,3407123797,Base,-67150525.0,-1.9327928302835917,113109453.0,3.4337875062999457
2025-07-06,3423024480,Base,15900683.0,0.4666893235285574,106196156.0,3.2017380951429697
2025-07-07,3459713276,Base,36688796.0,1.0718239444200472,83548935.0,2.4746702636890383
2025-07-08,3419789429,Base,-39923847.0,-1.1539640373365967,58251339.0,1.732877553084644
2025-07-09,3471109504,Base,51320075.0,1.5006793858359568,185019383.0,5.630380670865365
2025-07-10,3600067515,Base,128958011.0,3.7151812943784224,172347998.0,5.0280659530404614
2025-07-11,3738061566,Base,137994051.0,3.8330961968084054,263787244.0,7.592585373285909
2025-07-12,3777512383,Base,39450817.0,1.055381681212264,370388586.0,10.871004638168124
2025-07-13,3801323496,Base,23811113.0,0.630338449905743,378299016.0,11.05160124358795
2025-07-14,3850516890,Base,49193394.0,1.2941122756788381,390803614.0,11.295838204599251
2025-07-15,3852605980,Base,2089090.0,0.05425479382847875,432816551.0,12.656233957848162
2025-07-16,3879716221,Base,27110241.0,0.7036857945177166,408606717.0,11.771645824746635
2025-07-17,4013822166,Base,134105945.0,3.4565916000277586,413754651.0,11.492969208939963
2025-07-18,4051952082,Base,38129916.0,0.9499652556355986,313890516.0,8.397146768662921
2025-07-19,4081765137,Base,29813055.0,0.7357701768596625,304252754.0,8.05431519878621
2025-07-20,4113548648,Base,31783511.0,0.7786707449650043,312225152.0,8.213590669895465
2025-07-21,4194507485,Base,80958837.0,1.9681020920796044,343990595.0,8.93362124688668
2025-07-22,4276579730,Base,82072245.0,1.9566598770773158,423973750.0,11.004856250573546
2025-07-23,4299994177,Base,23414447.0,0.5475040447801893,420277956.0,10.832698374307203
2025-07-24,4154628303,Base,-145365874.0,-3.380606298900113,140806137.0,3.508031277337853
2025-07-25,4127261930,Base,-27366373.0,-0.6586960614560655,75309848.0,1.8586065796421636
2025-07-26,4243250466,Base,115988536.0,2.8103022770837427,161485329.0,3.956262145907985
2025-07-27,4232396482,Base,-10853984.0,-0.25579409198137615,118847834.0,2.889180222963539
2025-07-28,4318175557,Base,85779075.0,2.026725883664504,123668072.0,2.9483335634099994
2025-07-29,4194247130,Base,-123928427.0,-2.8699256286397468,-82332600.0,-1.9251973585910465
2025-07-30,4223000285,Base,28753155.0,0.6855379310946708,-76993892.0,-1.7905580526557108
2025-07-31,4193753358,Base,-29246927.0,-0.6925627522187061,39125055.0,0.9417221504929518
2025-08-01,4108160093,Base,-85593265.0,-2.040970407492426,-19101837.0,-0.4628210499836194
2025-08-02,3989961255,Base,-118198838.0,-2.8771721482179324,-253289211.0,-5.969226022115281
2025-08-03,3921938816,Base,-68022439.0,-1.7048395874711297,-310457666.0,-7.33526897398078
2025-08-04,4022498545,Base,100559729.0,2.564031049891824,-295677012.0,-6.847267048248917
2025-08-05,4136055653,Base,113557108.0,2.823049075832551,-58191477.0,-1.387411737944011
2025-08-06,4081847515,Base,-54208138.0,-1.3106239989948198,-141152770.0,-3.3424759761767286
2025-08-07,4164547266,Base,82699751.0,2.0260372465187526,-29206092.0,-0.6964189237377627
2025-08-08,4354538985,Base,189991719.0,4.562121807359976,246378892.0,5.997305032484279
2025-08-09,4455177929,Base,100638944.0,2.3111274085883426,465216674.0,11.659678986030663
2025-08-10,4584286207,Base,129108278.0,2.8979376370042997,662347391.0,16.888264250780182
2025-08-11,4634175461,Base,49889254.0,1.0882665642433453,611676916.0,15.206392473660912
2025-08-12,4568378878,Base,-65796583.0,-1.4198120799207237,432323225.0,10.452548545530904
2025-08-13,4745633995,Base,177255117.0,3.8800441411199538,663786480.0,16.261912713806993
2025-08-14,4859406900,Base,113772905.0,2.39742266512486,694859634.0,16.685118204154882
2025-08-15,4815186082,Base,-44220818.0,-0.9100044287297715,460647097.0,10.578550303184397
2025-08-16,4731012915,Base,-84173167.0,-1.7480771369283943,275834986.0,6.19133490055499
2025-08-17,4771379332,Base,40366417.0,0.8532299049959446,187093125.0,4.081183341352412
2025-08-18,4804380500,Base,33001168.0,0.6916483830718079,170205039.0,3.67282249954497
2025-08-19,4726591164,Base,-77789336.0,-1.619133538652906,158212286.0,3.4632041305046934
2025-08-20,4609727602,Base,-116863562.0,-2.4724702845062896,-135906393.0,-2.8638195263939625
2025-08-21,4685714451,Base,75986849.0,1.6484021521582237,-173692449.0,-3.5743549073859238
2025-08-22,4610873960,Base,-74840491.0,-1.597205544269309,-204312122.0,-4.243078429798464
2025-08-23,4995116186,Base,384242226.0,8.333392526739125,264103271.0,5.582383217823028
2025-08-24,4957088021,Base,-38028165.0,-0.7613069162751951,185708689.0,3.8921384379253965
2025-08-25,4904561201,Base,-52526820.0,-1.0596305689444585,100180701.0,2.0851949798730507
2025-08-26,4658601720,Base,-245959481.0,-5.014913076216699,-67989444.0,-1.4384456290156944
2025-08-27,4772265476,Base,113663756.0,2.4398685020019295,162537874.0,3.5259756765124273
2025-08-28,4705257046,Base,-67008430.0,-1.4041220115894482,19542595.0,0.4170675615077002
2025-08-29,4783990205,Base,78733159.0,1.67330197330946,173116245.0,3.754521301206859
2025-08-30,4674809777,Base,-109180428.0,-2.28220425463852,-320306409.0,-6.412391565540254
2025-08-31,4723819289,Base,49009512.0,1.04837446522692,-233268732.0,-4.705761346415271
2025-09-01,4713481513,Base,-10337776.0,-0.2188435959875279,-191079688.0,-3.8959588874340145
2025-09-02,4675828897,Base,-37652616.0,-0.7988281251587015,17227177.0,0.36979286995153515
2025-09-03,4747207934,Base,71379037.0,1.526553656524876,-25057542.0,-0.5250659697373483
2025-09-04,4811578845,Base,64370911.0,1.3559741198393427,106321799.0,2.259638484371118
2025-09-05,4738841760,Base,-72737085.0,-1.5117093025626138,-45148445.0,-0.9437403310904147
2025-09-06,4759349110,Base,20507350.0,0.4327502592110122,84539333.0,1.8084015614054039
2025-09-07,4786941263,Base,27592153.0,0.5797463552742022,63121974.0,1.336248703395304
2025-09-08,4753810078,Base,-33131185.0,-0.692115970924545,40328565.0,0.8556003643755083
2025-09-09,4804965956,Base,51155878.0,1.076102687331626,129137059.0,2.7618003533631086
2025-09-10,4791404268,Base,-13561688.0,-0.2822431651792523,44196334.0,0.930996379650062
2025-09-11,4875733119,Base,84328851.0,1.7600028359786135,64154274.0,1.333331034711538
2025-09-12,4985994333,Base,110261214.0,2.261428411049171,247152573.0,5.215463725465264
2025-09-13,5088189577,Base,102195244.0,2.049646212463907,328840467.0,6.909357968909324
2025-09-14,5057876009,Base,-30313568.0,-0.5957633366694082,270934746.0,5.65987195402109
2025-09-15,5047831474,Base,-10044535.0,-0.1985919580101747,294021396.0,6.184963033350699
2025-09-16,5013031630,Base,-34799844.0,-0.6894018585851036,208065674.0,4.33022160625689
2025-09-17,5000549124,Base,-12482506.0,-0.24900114184996935,209144856.0,4.36500124601884
2025-09-18,5092086645,Base,91537521.0,1.8305493802804218,216353526.0,4.437353741879413
2025-09-19,5106969469,Base,14882824.0,0.2922735812952659,120975136.0,2.4262991074683216
2025-09-20,5036380520,Base,-70588949.0,-1.3822081653020346,-51809057.0,-1.0182218295126222
2025-09-21,5065515329,Base,29134809.0,0.5784870480755488,7639320.0,0.15103810347281144
2025-09-22,4965219876,Base,-100295453.0,-1.979965442524867,-82611598.0,-1.6365759916017408
2025-09-23,4874390336,Base,-90829540.0,-1.8293155644332204,-138641294.0,-2.7656177784778913
2025-09-24,4844128033,Base,-30262303.0,-0.6208428319024129,-156421091.0,-3.128078279428581
2025-09-25,4865698637,Base,21570604.0,0.4452938455188127,-226388008.0,-4.445878944779813
2025-09-26,4669821671,Base,-195876966.0,-4.025669911212793,-437147798.0,-8.559827910731531
2025-09-27,4786015342,Base,116193671.0,2.48818218737501,-250365178.0,-4.97113307872138
2025-09-28,4793750868,Base,7735526.0,0.16162768915755077,-271764461.0,-5.364991384867645
2025-09-29,4898854973,Base,105104105.0,2.192523305739713,-66364903.0,-1.33659545110546
2025-09-30,4953114936,Base,54259963.0,1.1076050076814559,78724600.0,1.615065568684071
2025-10-01,4947327327,Base,-5787609.0,-0.11684786391559232,103199294.0,2.1303998015115955
2025-10-02,5137025620,Base,189698293.0,3.8343590480606204,271326983.0,5.576321166641129
2025-10-03,5282059385,Base,145033765.0,2.823302349035206,612237714.0,13.110515928307276
2025-10-04,5347963231,Base,65903846.0,1.2476922578181115,561947889.0,11.741456072415568
2025-10-05,5343924701,Base,-4038530.0,-0.07551529106614163,550173833.0,11.476896654613554
2025-10-06,5390076797,Base,46152096.0,0.8636367198692652,491221824.0,10.027278347845868
2025-10-07,5583830257,Base,193753460.0,3.594632642485518,630715321.0,12.73371058716737
2025-10-08,5402368514,Base,-181461743.0,-3.2497718348890703,455041187.0,9.197717412321115
2025-10-09,5439019562,Base,36651048.0,0.678425544370409,301993942.0,5.878770408001199
2025-10-10,5328219062,Base,-110800500.0,-2.0371410460464867,46159677.0,0.8738954569705193
2025-10-11,4751233058,Base,-576986004.0,-10.828871660232053,-596730173.0,-11.158082941576609
2025-10-12,4688710064,Base,-62522994.0,-1.3159319535951952,-655214637.0,-12.260925698997793
2025-10-13,5007290664,Base,318580600.0,6.794632119526178,-382786133.0,-7.101682358460093
2025-10-14,5114339005,Base,107048341.0,2.1378495514475793,-469491252.0,-8.4080502162729
2025-10-15,5009566158,Base,-104772847.0,-2.0486097401359094,-392802356.0,-7.270928574792146
2025-10-16,4926259926,Base,-83306232.0,-1.6629430448176552,-512759636.0,-9.427427685357536
2025-10-17,4879365149,Base,-46894777.0,-0.9519346868502976,-448853913.0,-8.424088945613251
2025-10-18,4828785012,Base,-50580137.0,-1.0366130727143097,77551954.0,1.6322489983820132
2025-10-19,4889238338,Base,60453326.0,1.2519365813505434,200528274.0,4.276832460587832
2025-10-20,4967505327,Base,78266989.0,1.6008012616545164,-39785337.0,-0.794548183232846
2025-10-21,5011798038,Base,44292711.0,0.8916489884621681,-102540967.0,-2.004970083128077
2025-10-22,4903810165,Base,-107987873.0,-2.1546732765611143,-105755993.0,-2.111080873362925
2025-10-23,4899161648,Base,-4648517.0,-0.09479398352688628,-27098278.0,-0.5500781202587346
2025-10-24,4963997215,Base,64835567.0,1.3234012604272483,84632066.0,1.73448929144695
2025-10-25,5062093245,Base,98096030.0,1.9761499805756921,233308233.0,4.831613592657491
2025-10-26,5160966524,Base,98873279.0,1.95320935855261,271728186.0,5.5576792787555895
2025-10-27,5317908930,Base,156942406.0,3.0409498932064682,350403603.0,7.053914992208332
2025-10-28,5302186660,Base,-15722270.0,-0.2956475977109241,290388622.0,5.794100636103883
2025-10-29,5224426753,Base,-77759907.0,-1.4665629859209828,320616588.0,6.538111737855168
2025-10-30,5150400765,Base,-74025988.0,-1.4169207742742773,251239117.0,5.128206314698036
2025-10-31,5085387365,Base,-65013400.0,-1.2622978864441858,121390150.0,2.4454113236241914
2025-11-01,5179898626,Base,94511261.0,1.858486959134531,117805381.0,2.3272068549183844
2025-11-02,5223012643,Base,43114017.0,0.8323332194879907,62046119.0,1.2022189780047432
2025-11-03,5221164987,Base,-1847656.0,-0.03537529250434712,-96743943.0,-1.8192102247978847
2025-11-04,4973458892,Base,-247706095.0,-4.7442686759900266,-328727768.0,-6.1998527980906655
2025-11-05,4575544376,Base,-397914516.0,-8.000760127726414,-648882377.0,-12.420164119008748
2025-11-06,4736252127,Base,160707751.0,3.512319798338237,-414148638.0,-8.041095380662089
2025-11-07,4602967748,Base,-133284379.0,-2.8141318372851054,-482419617.0,-9.486388791544886
2025-11-08,4749811224,Base,146843476.0,3.1901912861284742,-430087402.0,-8.303008090567987
2025-11-09,4707997612,Base,-41813612.0,-0.8803215544382681,-515015031.0,-9.860497498320909
2025-11-10,4904260156,Base,196262544.0,4.168705258043359,-316904831.0,-6.069619170990581
2025-11-11,4915578748,Base,11318592.0,0.23079101923564327,-57880144.0,-1.163780484706578
2025-11-12,4781709219,Base,-133869529.0,-2.7233726863691743,206164843.0,4.505799224271367
2025-11-13,4740252405,Base,-41456814.0,-0.8669873491109037,4000278.0,0.08446083301172358
2025-11-14,4574037535,Base,-166214870.0,-3.5064561082164603,-28930213.0,-0.6285121813545236
2025-11-15,4405125968,Base,-168911567.0,-3.6928329885250966,-344685256.0,-7.256820108099527
2025-11-16,4483563660,Base,78437692.0,1.7806004316287982,-224433952.0,-4.767078713632955
2025-11-17,4379617358,Base,-103946302.0,-2.318385772624454,-524642798.0,-10.697695091850667
2025-11-18,4281008239,Base,-98609119.0,-2.2515464466290935,-634570509.0,-12.909375305159898
2025-11-19,4345017944,Base,64009705.0,1.495201630701648,-436691275.0,-9.132535145901766
2025-11-20,4309068975,Base,-35948969.0,-0.8273606568102165,-431183430.0,-9.096212462129428
2025-11-21,4134178493,Base,-174890482.0,-4.058660536989899,-439859042.0,-9.616428344416727
2025-11-22,4027460691,Base,-106717802.0,-2.5813544862829385,-377665277.0,-8.573313901655943
2025-11-23,4050091763,Base,22631072.0,0.5619191281139635,-433471897.0,-9.668021463979837
2025-11-24,4126104854,Base,76013091.0,1.8768239202485493,-253512504.0,-5.788462399276117
2025-11-25,4219326471,Base,93221617.0,2.2593128458581857,-61681768.0,-1.440823389174517
2025-11-26,4179697764,Base,-39628707.0,-0.9392187893582871,-165320180.0,-3.804821571065986
2025-11-27,4286060158,Base,106362394.0,2.544738878397035,-23008817.0,-0.5339626061567015
2025-11-28,4317414457,Base,31354299.0,0.7315412720345638,183235964.0,4.432221886651866
2025-11-29,4299674123,Base,-17740334.0,-0.4109018065485248,272213432.0,6.758934546730755
2025-11-30,4400617885,Base,100943762.0,2.3477072706516777,350526122.0,8.654769879592973
2025-12-01,4362108726,Base,-38509159.0,-0.8750852722583025,236003872.0,5.719773984202292
2025-12-02,4170447090,Base,-191661636.0,-4.3937840168360776,-48879381.0,-1.1584640661478685
2025-12-03,4412816541,Base,242369451.0,5.811593955505612,233118777.0,5.577407510367527
2025-12-04,4560721834,Base,147905293.0,3.351720870917574,274661676.0,6.408255271157115
2025-12-05,4531681005,Base,-29040829.0,-0.6367594880157257,214266548.0,4.9628440849036615
2025-12-06,4411252570,Base,-120428435.0,-2.6574782043821243,111578447.0,2.5950442709864907
2025-12-07,4406830203,Base,-4422367.0,-0.10025195632813455,6212318.0,0.14116922128539766
2025-12-08,4463805811,Base,56975608.0,1.2928931993162252,101697085.0,2.3313743739087123
2025-12-09,4480380363,Base,16574552.0,0.3713098799942305,309933273.0,7.431655798803094
2025-12-10,4591930296,Base,111549933.0,2.4897424763576925,179113755.0,4.058944062954639
2025-12-11,4571876457,Base,-20053839.0,-0.4367191509302426,11154623.0,0.24458020914239764
2025-12-12,4574664228,Base,2787771.0,0.0609765164527154,42983223.0,0.9485050459768551
2025-12-13,4497985654,Base,-76678574.0,-1.6761574222360576,86733084.0,1.9661781460860617
2025-12-14,4483737249,Base,-14248405.0,-0.3167730201035446,76907046.0,1.745178335839781
2025-12-15,4407725679,Base,-76011570.0,-1.695272621448829,-56080132.0,-1.256330010185558
2025-12-16,4301342258,Base,-106383421.0,-2.413567194230104,-179038105.0,-3.9960469981195623
2025-12-17,4330682994,Base,29340736.0,0.68212976880484,-261247302.0,-5.689269765866678
2025-12-18,4250282236,Base,-80400758.0,-1.8565375972194764,-321594221.0,-7.034184410377209
2025-12-19,4230679120,Base,-19603116.0,-0.46121915937631375,-343985108.0,-7.519352041065252
2025-12-20,4397860740,Base,167181620.0,3.9516497294647124,-100124914.0,-2.225994516255525
2025-12-21,4400675027,Base,2814287.0,0.06399218088928293,-83062222.0,-1.8525220678023757
2025-12-22,4433208743,Base,32533716.0,0.7392892181402155,25483064.0,0.5781454168395816
2025-12-23,4420733305,Base,-12475438.0,-0.28140876559666905,119391047.0,2.775669543104753
2025-12-24,4373081048,Base,-47652257.0,-1.0779265273954342,42398054.0,0.9790154130131734
2025-12-25,4378581267,Base,5500219.0,0.1257744583196274,128299031.0,3.018600268784599
2025-12-26,4419890138,Base,41308871.0,0.9434304967988583,189211018.0,4.472355681751639
2025-12-27,4377976805,Base,-41913333.0,-0.9482890228345364,-19883935.0,-0.4521274359405969
2025-12-28,4425904246,Base,47927441.0,1.0947394912020236,25229219.0,0.5733033874396165
2025-12-29,4441387303,Base,15483057.0,0.34982810606427606,8178560.0,0.1844839815610788
2025-12-30,4459643290,Base,18255987.0,0.4110424458517503,38909985.0,0.8801703770727753
2025-12-31,4502948134,Base,43304844.0,0.9710382912710536,129867086.0,2.9696930968017066
2026-01-01,4447378843,Base,-55569291.0,-1.2340646471234673,68797576.0,1.571229852886491
2026-01-02,4491526485,Base,44147642.0,0.9926665471615248,71636347.0,1.6207721179335888
2026-01-03,4643663987,Base,152137502.0,3.3872115083386944,265687182.0,6.0687206404694605
2026-01-04,4691689041,Base,48025054.0,1.0342060522563035,265784795.0,6.005208884494251
2026-01-05,4739000335,Base,47311294.0,1.008406430744957,297613032.0,6.700902481505566
2026-01-06,4858822142,Base,119821807.0,2.5284194667608118,399178852.0,8.950914367861929
2026-01-07,4846885859,Base,-11936283.0,-0.24566206893686937,343937725.0,7.638056552396444
2026-01-08,4755813257,Base,-91072602.0,-1.8789920920231795,308434414.0,6.935195423827301
2026-01-09,4719984206,Base,-35829051.0,-0.7533737988400624,228457721.0,5.08641598269457
2026-01-10,4724137590,Base,4153384.0,0.0879957181789015,80473603.0,1.732976443284584
2026-01-11,4721357559,Base,-2780031.0,-0.058847375781023725,29668518.0,0.6323632649293476
2026-01-12,4738587345,Base,17229786.0,0.3649328775609417,-412990.0,-0.008714707128210097
2026-01-13,4778317281,Base,39729936.0,0.8384341810628859,-80504861.0,-1.6568801789246468
2026-01-14,5198128436,Base,419811155.0,8.785753023753639,351242577.0,7.246768073726995
2026-01-15,5174634322,Base,-23494114.0,-0.45197255683968596,418821065.0,8.806507790934482
2026-01-16,5154971149,Base,-19663173.0,-0.37999154677271774,434986943.0,9.215855901531377
2026-01-17,5172364438,Base,17393289.0,0.33740807653936944,448226848.0,9.488014255740595
2026-01-18,5282096678,Base,109732240.0,2.121510216755529,560739119.0,11.876650137016242
2026-01-19,5120771626,Base,-161325052.0,-3.054185900684492,382184281.0,8.065363222718025
2026-01-20,5117950030,Base,-2821596.0,-0.05510099270339408,339632749.0,7.107789814428611
2026-01-21,4848203829,Base,-269746201.0,-5.270590752524407,-349924607.0,-6.731742228156056
2026-01-22,4943662520,Base,95458691.0,1.968949622724292,-230971802.0,-4.463538631474339
2026-01-23,4919315136,Base,-24347384.0,-0.4924968867009105,-235656013.0,-4.571432238679252
2026-01-24,4902481308,Base,-16833828.0,-0.34219860965621907,-269883130.0,-5.217790301418823
2026-01-25,4839518951,Base,-62962357.0,-1.2842957075074657,-442577727.0,-8.378826704239284
2026-01-26,4683624327,Base,-155894624.0,-3.2212834700809934,-437147299.0,-8.536746625849235
2026-01-27,4794338798,Base,110714471.0,2.3638631809506316,-323611232.0,-6.323063533310814
2026-01-28,4846259656,Base,51920858.0,1.0829618053204593,-1944173.0,-0.0401008923834989
2026-01-29,4812742914,Base,-33516742.0,-0.6916002108657948,-130919606.0,-2.6482310527944364
2026-01-30,4634651382,Base,-178091532.0,-3.7004164814609553,-284663754.0,-5.786654160795768
2026-01-31,4566252162,Base,-68399220.0,-1.475822329714982,-336229146.0,-6.858346312332331
2026-02-01,4282219618,Base,-284032544.0,-6.220255341211711,-557299333.0,-11.515593567101213
2026-02-02,4183864541,Base,-98355077.0,-2.2968246791120084,-499759786.0,-10.670364467939963
2026-02-03,4275495381,Base,91630840.0,2.190100542263229,-518843417.0,-10.822001507620616
2026-02-04,4202907122,Base,-72588259.0,-1.6977742350647196,-643352534.0,-13.27523863075487
2026-02-05,4085771736,Base,-117135386.0,-2.787008672803115,-726971178.0,-15.105132166633739
2026-02-06,3636376060,Base,-449395676.0,-10.999040206782617,-998275322.0,-21.539383218273745
2026-02-07,3996489867,Base,360113807.0,9.903095858573007,-569762295.0,-12.477679172900658
2026-02-08,3990817461,Base,-5672406.0,-0.1419347024206985,-291402157.0,-6.804932558225463
2026-02-09,4025497638,Base,34680177.0,0.8689993300598164,-158366903.0,-3.7851823702243492
2026-02-10,4063399945,Base,37902307.0,0.9415558126828483,-212095436.0,-4.96072190704584
2026-02-11,3988599863,Base,-74800082.0,-1.840824999075985,-214307259.0,-5.099024384293783
2026-02-12,3917269620,Base,-71330243.0,-1.7883529421361732,-168502116.0,-4.124119674021854
2026-02-13,3914548963,Base,-2720657.0,-0.0694528910164749,278172903.0,7.649728697201907
2026-02-14,3901143962,Base,-13405001.0,-0.3424404989362251,-95345905.0,-2.3857411922220684
2026-02-15,3951845002,Base,50701040.0,1.2996454499978771,-38972459.0,-0.9765532846554792
2026-02-16,3882332421,Base,-69512581.0,-1.7589905718675802,-143165217.0,-3.5564600920031664
2026-02-17,3916634474,Base,34302053.0,0.8835423987512359,-146765471.0,-3.6118883936245183
2026-02-18,3857996141,Base,-58638333.0,-1.4971612334329865,-130603722.0,-3.2744252741804813
2026-02-19,3797218891,Base,-60777250.0,-1.575357978047287,-120050729.0,-3.0646532060767395
2026-02-20,3838255059,Base,41036168.0,1.0806900833992605,-76293904.0,-1.9489832601692791
2026-02-21,3871444306,Base,33189247.0,0.8646962353941801,-29699656.0,-0.7613063319194646
2026-02-22,3897726391,Base,26282085.0,0.678870285161226,-54118611.0,-1.369451761711582
2026-02-23,3845377729,Base,-52348662.0,-1.3430563551324437,-36954692.0,-0.9518683098878267
2026-02-24,3746635523,Base,-98742206.0,-2.56781551667431,-169998951.0,-4.3404344247213515
2026-02-25,3727996215,Base,-18639308.0,-0.49749456240342216,-129999926.0,-3.3696230179821707
2026-02-26,3932017375,Base,204021160.0,5.472676157210099,134798484.0,3.5499266139092933
2026-02-27,3890907215,Base,-41110160.0,-1.0455233555523136,52652156.0,1.371773245671637
2026-02-28,3826277776,Base,-64629439.0,-1.6610377844746393,-45166530.0,-1.1666583949044629
2026-03-01,3874148367,Base,47870591.0,1.2511007773733596,-23578024.0,-0.6049173706610733
2026-03-02,3828238219,Base,-45910148.0,-1.1850384562207994,-17139510.0,-0.4457172014791122
2026-03-03,3965330407,Base,137092188.0,3.5810777740944877,218694884.0,5.837100584176569
2026-03-04,3920580475,Base,-44749932.0,-1.128529716489779,192584260.0,5.165892047452103
2026-03-05,4193203204,Base,272622729.0,6.953631757807499,261185829.0,6.642540052356716
2026-03-06,4123292130,Base,-69911074.0,-1.6672474621146405,232384915.0,5.972512377168049
2026-03-07,3991087717,Base,-132204413.0,-3.2062829610862376,164809941.0,4.3073177288318165
2026-03-08,3977286169,Base,-13801548.0,-0.34580918733538857,103137802.0,2.662205786400129
2026-03-09,3931585112,Base,-45701057.0,-1.1490512640555228,103346893.0,2.699594097542768
2026-03-10,4007604409,Base,76019297.0,1.9335533845616926,42274002.0,1.0660902790187166
2026-03-11,4083634456,Base,76030047.0,1.8971445093047823,163053981.0,4.158924476610837
2026-03-12,4092273413,Base,8638957.0,0.21155069321414643,-100929791.0,-2.4069854497802634
2026-03-13,4164018369,Base,71744956.0,1.753180903604501,40726239.0,0.9877117050156814
2026-03-14,4145693304,Base,-18325065.0,-0.44008127188931434,154605587.0,3.8737707102116214
2026-03-15,4166122191,Base,20428887.0,0.4927737172522928,188836022.0,4.747861078537352
2026-03-16,4237926735,Base,71804544.0,1.7235342773939344,306341623.0,7.791809518888004
2026-03-17,4353386881,Base,115460146.0,2.7244488453857185,345782472.0,8.628158787914941
2026-03-18,4323661928,Base,-29724953.0,-0.6828006288559396,240027472.0,5.877790350390755
2026-03-19,4219161693,Base,-104500235.0,-2.4169381589077887,126888280.0,3.100679431557807
2026-03-20,4131324266,Base,-87837427.0,-2.0818691813999646,-32694103.0,-0.7851575113932974
2026-03-21,4153045328,Base,21721062.0,0.52576512036977,7352024.0,0.17734124212485103
2026-03-22,4091670724,Base,-61374604.0,-1.4778216742834416,-74451467.0,-1.7870687317053768
2026-03-23,4016929099,Base,-74741625.0,-1.8266774147195575,-220997636.0,-5.2147582961931445
2026-03-24,4155877318,Base,138948219.0,3.4590657583324136,-197509563.0,-4.536917310566036
2026-03-25,4153860625,Base,-2016693.0,-0.04852628809001169,-169801303.0,-3.9272567057190177
2026-03-26,4182689124,Base,28828499.0,0.6940170025565129,-36472569.0,-0.864450610189027
2026-03-27,4044083133,Base,-138605991.0,-3.3138009278453895,-87241133.0,-2.1116989948713916
2026-03-28,3945809910,Base,-98273223.0,-2.4300495258884225,-207235418.0,-4.989962825659777
2020-10-31,12873962,Bsc,,,,
2020-11-01,12873962,Bsc,0.0,0.0,,
2020-11-02,13037819,Bsc,163857.0,1.2727783412751936,,
2020-11-03,12770915,Bsc,-266904.0,-2.0471522115777185,,
2020-11-04,13495240,Bsc,724325.0,5.671676618315913,,
2020-11-05,13530442,Bsc,35202.0,0.26084752846189385,,
2020-11-06,15338680,Bsc,1808238.0,13.364219735024175,,
2020-11-07,15497670,Bsc,158990.0,1.0365298708884918,2623708.0,20.379957622991274
2020-11-08,17966420,Bsc,2468750.0,15.929813965583218,5092458.0,39.5562609241817
2020-11-09,20704446,Bsc,2738026.0,15.239686036505873,7666627.0,58.80298691061749
2020-11-10,30993612,Bsc,10289166.0,49.69544222530755,18222697.0,142.6890477307225
2020-11-11,35145094,Bsc,4151482.0,13.394637578866252,21649854.0,160.42585385661909
2020-11-12,36601185,Bsc,1456091.0,4.143084664960628,23070743.0,170.5098990853366
2020-11-13,34609970,Bsc,-1991215.0,-5.4403020011510534,19271290.0,125.63851648251347
2020-11-14,43141355,Bsc,8531385.0,24.650079153492467,27643685.0,178.37316835369447
2020-11-15,49405387,Bsc,6264032.0,14.519785018342613,31438967.0,174.98737645006628
2020-11-16,50307315,Bsc,901928.0,1.8255661067891227,29602869.0,142.97831972900892
2020-11-17,53024197,Bsc,2716882.0,5.400570473697508,22030585.0,71.08105050808535
2020-11-18,57720724,Bsc,4696527.0,8.857327910123747,22575630.0,64.23550894471927
2020-11-19,54573742,Bsc,-3146982.0,-5.452083379965922,17972557.0,49.10375715977502
2020-11-20,54663058,Bsc,89316.0,0.16366112479513362,20053088.0,57.94020624692826
2020-11-21,94196326,Bsc,39533268.0,72.321727774542,51054971.0,118.34345722335331
2020-11-22,93928146,Bsc,-268180.0,-0.2847032484048273,44522759.0,90.11721535548341
2020-11-23,87435465,Bsc,-6492681.0,-6.912391308138888,37128150.0,73.80268654767204
2020-11-24,91195612,Bsc,3760147.0,4.300482647401704,38171415.0,71.98867151161194
2020-11-25,102689103,Bsc,11493491.0,12.603118448286743,44968379.0,77.90681731573568
2020-11-26,132116562,Bsc,29427459.0,28.656846871084273,77542820.0,142.08814927882352
2020-11-27,118991618,Bsc,-13124944.0,-9.934366896407731,64328560.0,117.68196356669253
2020-11-28,116340224,Bsc,-2651394.0,-2.228219133888909,22143898.0,23.508239588877377
2020-11-29,121709567,Bsc,5369343.0,4.615207720418346,27781421.0,29.57731221480726
2020-11-30,125844912,Bsc,4135345.0,3.3977156454759294,38409447.0,43.92891031116493
2020-12-01,128422258,Bsc,2577346.0,2.048033535118199,37226646.0,40.82065483589277
2020-12-02,129474884,Bsc,1052626.0,0.8196600935018505,26785781.0,26.08434606737191
2020-12-03,142360026,Bsc,12885142.0,9.951846722643133,10243464.0,7.753353436490418
2020-12-04,144340528,Bsc,1980502.0,1.3911924966914624,25348910.0,21.303105568326664
2020-12-05,148475589,Bsc,4135061.0,2.86479553407204,32135365.0,27.621886820503285
2020-12-06,149960583,Bsc,1484994.0,1.0001603697965544,28251016.0,23.211828532756186
2020-12-07,153803901,Bsc,3843318.0,2.562885475045129,27958989.0,22.217019787021663
2020-12-08,153912708,Bsc,108807.0,0.07074397937409937,25490450.0,19.848934598237644
2020-12-09,154588690,Bsc,675982.0,0.43919830193619447,25113806.0,19.396662290116428
2020-12-10,157288686,Bsc,2699996.0,1.7465676175921985,14928660.0,10.486553296920587
2020-12-11,160117376,Bsc,2828690.0,1.7984065300157726,15776848.0,10.930296721652555
2020-12-12,149967589,Bsc,-10149787.0,-6.338966609095564,1492000.0,1.0048789905793942
2020-12-13,156233625,Bsc,6266036.0,4.178260143930168,6273042.0,4.18312724217671
2020-12-14,159296590,Bsc,3062965.0,1.960503060720753,5492689.0,3.5712286647397784
2020-12-15,158099028,Bsc,-1197562.0,-0.7517813155950126,4186320.0,2.7199313522571433
2020-12-16,160267260,Bsc,2168232.0,1.3714391716563856,5678570.0,3.6733411739241717
2020-12-17,169976533,Bsc,9709273.0,6.0581761989317195,12687847.0,8.06659863634438
2020-12-18,178492376,Bsc,8515843.0,5.010010999577208,18375000.0,11.475956238503437
2020-12-19,177072285,Bsc,-1420091.0,-0.7956031690675713,27104696.0,18.073702578495144
2020-12-20,181482489,Bsc,4410204.0,2.4906235326437542,25248864.0,16.160966629302752
2020-12-21,178770447,Bsc,-2712042.0,-1.4943821935349377,19473857.0,12.224905128226538
2020-12-22,164394237,Bsc,-14376210.0,-8.041715082806721,6295209.0,3.9818138540358428
2020-12-23,162487389,Bsc,-1906848.0,-1.1599238725138572,2220129.0,1.385266710119093
2020-12-24,158095062,Bsc,-4392327.0,-2.7031802449604236,-11881471.0,-6.990065505101228
2020-12-25,152834000,Bsc,-5261062.0,-3.327783887393021,-25658376.0,-14.37505431604541
2020-12-26,152170053,Bsc,-663947.0,-0.4344236230158227,-24902232.0,-14.06331431257014
2020-12-27,147884467,Bsc,-4285586.0,-2.8163136671839117,-33598022.0,-18.51309301802666
2020-12-28,119004508,Bsc,-28879959.0,-19.52873049202659,-59765939.0,-33.43166614110441
2020-12-29,166823521,Bsc,47819013.0,40.18252232932218,2429284.0,1.477718467710032
2020-12-30,151990611,Bsc,-14832910.0,-8.891378092900936,-10496778.0,-6.46005703248761
2020-12-31,144337613,Bsc,-7652998.0,-5.0351781268910045,-13757449.0,-8.70201056627562
2021-01-01,151998442,Bsc,7660829.0,5.307576341864539,-835558.0,-0.5467095018124257
2021-01-02,170896610,Bsc,18898168.0,12.433132702768091,18726557.0,12.306335333930662
2021-01-03,161915736,Bsc,-8980874.0,-5.255150467876457,14031269.0,9.487993759344594
2021-01-04,187453317,Bsc,25537581.0,15.77214273972729,68448809.0,57.51782865233979
2021-01-05,204929306,Bsc,17475989.0,9.322848632227721,38105785.0,22.841973824542407
2021-01-06,215177084,Bsc,10247778.0,5.000640562360559,63186473.0,41.57261595586321
2021-01-07,221071186,Bsc,5894102.0,2.7391866691529376,76733573.0,53.16256199969165
2021-01-08,208359365,Bsc,-12711821.0,-5.750103045993516,56360923.0,37.07993467459356
2021-01-09,199054506,Bsc,-9304859.0,-4.465774312568094,28157896.0,16.476567908514973
2021-01-10,218092727,Bsc,19038221.0,9.564325562165376,56176991.0,34.69520158312469
2021-01-11,196329838,Bsc,-21762889.0,-9.978732119755652,8876521.0,4.7353235152408635
2021-01-12,185739038,Bsc,-10590800.0,-5.3943914526125125,-19190268.0,-9.364335621182462
2021-01-13,191416251,Bsc,5677213.0,3.0565534640057734,-23760833.0,-11.04245515289165
2021-01-14,215972860,Bsc,24556609.0,12.82890500242846,-5098326.0,-2.306191997359619
2021-01-15,173515436,Bsc,-42457424.0,-19.658684892166544,-34843929.0,-16.7229963481603
2021-01-16,213330273,Bsc,39814837.0,22.945991387187025,14275767.0,7.1717879122012995
2021-01-17,212640530,Bsc,-689743.0,-0.3233216694003893,-5452197.0,-2.4999444387707626
2021-01-18,211957209,Bsc,-683321.0,-0.32135030889924865,15627371.0,7.959753422706939
2021-01-19,240624345,Bsc,28667136.0,13.524963899670905,54885307.0,29.54968841822041
2021-01-20,229798284,Bsc,-10826061.0,-4.499154480815315,38382033.0,20.05160627662694
2021-01-21,225951073,Bsc,-3847211.0,-1.6741687244278936,9978213.0,4.620123565525769
2021-01-22,208110267,Bsc,-17840806.0,-7.895871333171323,34594831.0,19.93761004640533
2021-01-23,241201242,Bsc,33090975.0,15.90069316474425,27870969.0,13.06470413601355
2021-01-24,258047019,Bsc,16845777.0,6.984117022083991,45406489.0,21.353637991778896
2021-01-25,287548382,Bsc,29501363.0,11.432553305333858,75591173.0,35.663412137116794
2021-01-26,295432305,Bsc,7883923.0,2.7417726871438175,54807960.0,22.777396027820874
2021-01-27,301971266,Bsc,6538961.0,2.2133534110293063,72172982.0,31.407102239283912
2021-01-28,315691260,Bsc,13719994.0,4.543476663107415,89740187.0,39.716645647440686
2021-01-29,335480917,Bsc,19789657.0,6.268674337072233,127370650.0,61.20344365326291
2021-01-30,359876586,Bsc,24395669.0,7.27184998126138,118675344.0,49.201796398710094
2021-01-31,365040694,Bsc,5164108.0,1.434966374833846,106993675.0,41.46286030143986
2021-02-01,357083379,Bsc,-7957315.0,-2.179843269747894,69534997.0,24.182016437150388
2021-02-02,387682252,Bsc,30598873.0,8.569111529551199,92249947.0,31.225409489324463
2021-02-03,391124415,Bsc,3442163.0,0.8878825332452989,89153149.0,29.523719319705076
2021-02-04,406792263,Bsc,15667848.0,4.005847602226509,91101003.0,28.857625960249898
2021-02-05,439284065,Bsc,32491802.0,7.987320545474574,103803148.0,30.941595405261157
2021-02-06,483350241,Bsc,44066176.0,10.03136228035042,123473655.0,34.30999953967553
2021-02-07,524049083,Bsc,40698842.0,8.420155520311411,159008389.0,43.55908577140717
2021-02-08,536855821,Bsc,12806738.0,2.4438050586188975,179772442.0,50.34466810061187
2021-02-09,672717947,Bsc,135862126.0,25.30700435489923,285035695.0,73.52301879426764
2021-02-10,801402895,Bsc,128684948.0,19.12910880018488,410278480.0,104.89717958414842
2021-02-11,964734030,Bsc,163331135.0,20.380651981547928,557941767.0,137.15643529827904
2021-02-12,965402047,Bsc,668017.0,0.06924364428193552,526117982.0,119.76714475176786
2021-02-13,968953733,Bsc,3551686.0,0.3678970860935049,485603492.0,100.46617355467502
2021-02-14,967595659,Bsc,-1358074.0,-0.14015880776837575,443546576.0,84.63836506703706
2021-02-15,1040822292,Bsc,73226633.0,7.567895982055051,503966471.0,93.87370897110941
2021-02-16,1084852719,Bsc,44030427.0,4.230350112447434,412134772.0,61.26412619700778
2021-02-17,1153795141,Bsc,68942422.0,6.355002922751574,352392246.0,43.9719207652725
2021-02-18,1279376301,Bsc,125581160.0,10.884181735343269,314642271.0,32.614405754920874
2021-02-19,1485034222,Bsc,205657921.0,16.07485779119493,519632175.0,53.825468530418384
2021-02-20,1877625650,Bsc,392591428.0,26.436523965842994,908671917.0,93.7786693061845
2021-02-21,2059314971,Bsc,181689321.0,9.676546600223524,1091719312.0,112.828049800087
2021-02-22,2058715735,Bsc,-599236.0,-0.0290988026814043,1017893443.0,97.79704478120459
2021-02-23,1836771705,Bsc,-221944030.0,-10.780703048349704,751918986.0,69.31069746436245
2021-02-24,1532485127,Bsc,-304286578.0,-16.56637987027354,378689986.0,32.82124985132
2021-02-25,1827860166,Bsc,295375039.0,19.274251592785596,548483865.0,42.87119157759043
2021-02-26,2208839518,Bsc,380979352.0,20.84291561721139,723805296.0,48.73997415528919
2021-02-27,2070973585,Bsc,-137865933.0,-6.241554982900299,193347935.0,10.29746983910238
2021-02-28,2087097041,Bsc,16123456.0,0.7785447442102411,27782070.0,1.3490927998502933
2021-03-01,1962442803,Bsc,-124654238.0,-5.972613421955398,-96272932.0,-4.67635868144759
2021-03-02,2198434758,Bsc,235991955.0,12.025418251132592,361663053.0,19.690147230354892
2021-03-03,2136373774,Bsc,-62060984.0,-2.822962281421504,603888647.0,39.40584064147985
2021-03-04,2425808027,Bsc,289434253.0,13.547922022001014,597947861.0,32.71299807952597
2021-03-05,2336874912,Bsc,-88933115.0,-3.6661233704459173,128035394.0,5.796500513352365
2021-03-06,2222235835,Bsc,-114639077.0,-4.905657397891561,151262250.0,7.3039198131539695
2021-03-07,2186451462,Bsc,-35784373.0,-1.610286920784898,99354421.0,4.760412144151949
2021-03-08,2033947669,Bsc,-152503793.0,-6.974945277792766,71504866.0,3.6436662454921054
2021-03-09,2055367869,Bsc,21420200.0,1.0531342731414206,-143066889.0,-6.507670445046698
2021-03-10,2266401813,Bsc,211033944.0,10.267453684710691,130028039.0,6.086389965204653
2021-03-11,2646014580,Bsc,379612767.0,16.749579215060393,220206553.0,9.077657858702427
2021-03-12,3051887878,Bsc,405873298.0,15.339042387287227,715012966.0,30.596972149787028
2021-03-13,2932422321,Bsc,-119465557.0,-3.9144805371516322,710186486.0,31.958196102080237
2021-03-14,3055817777,Bsc,123395456.0,4.207970152059137,869366315.0,39.76151906911163
2021-03-15,3170128953,Bsc,114311176.0,3.7407720074271955,1136181284.0,55.86089068646534
2021-03-16,2878195545,Bsc,-291933408.0,-9.208881163137972,822827676.0,40.033109810183575
2021-03-17,2807177085,Bsc,-71018460.0,-2.467464732317204,540775272.0,23.860520623401026
2021-03-18,2796534717,Bsc,-10642368.0,-0.3791128125427812,150520137.0,5.688560378227403
2021-03-19,2872307055,Bsc,75772338.0,2.709508218846124,-179580823.0,-5.884253621980539
2021-03-20,2941397186,Bsc,69090131.0,2.405388061827529,8974865.0,0.30605635947209553
2021-03-21,3151186884,Bsc,209789698.0,7.1323145000112165,95369107.0,3.1209029451234827
2021-03-22,3053016450,Bsc,-98170434.0,-3.1153478868059414,-117112503.0,-3.694250446473868
2021-03-23,3272752747,Bsc,219736297.0,7.19735057438029,394557202.0,13.708491859958038
2021-03-24,3265492639,Bsc,-7260108.0,-0.22183490661354943,458315554.0,16.326563666004002
2021-03-25,3837731257,Bsc,572238618.0,17.523806704253907,1041196540.0,37.23166866731946
2021-03-26,3672466719,Bsc,-165264538.0,-4.306308256956726,800159664.0,27.857734172504767
2021-03-27,3972094529,Bsc,299627810.0,8.158761751327393,1030697343.0,35.04108006581876
2021-03-28,4356516123,Bsc,384421594.0,9.678057538494201,1205329239.0,38.250008119797684
2021-03-29,5118109780,Bsc,761593657.0,17.481713265772303,2065093330.0,67.64108100367426
2021-03-30,5134121478,Bsc,16011698.0,0.3128439734248811,1861368731.0,56.87471296773767
2021-03-31,5362930686,Bsc,228809208.0,4.456637985300116,2097438047.0,64.23037130600618
2021-04-01,5418212747,Bsc,55282061.0,1.030818114884724,1580481490.0,41.18270363817713
2021-04-02,6056418608,Bsc,638205861.0,11.778899995268134,2383951889.0,64.91418633329758
2021-04-03,6641685648,Bsc,585267040.0,9.66358301632113,2669591119.0,67.20865023502063
2021-04-04,6908328757,Bsc,266643109.0,4.014690292972434,2551812634.0,58.574617009399745
2021-04-05,7268260908,Bsc,359932151.0,5.210119026765936,2150151128.0,42.01064886107231
2021-04-06,6929169508,Bsc,-339091400.0,-4.665371872200819,1795048030.0,34.96310006866572
2021-04-07,6878304245,Bsc,-50865263.0,-0.734074450643385,1515373559.0,28.256444987363018
2021-04-08,6942982866,Bsc,64678621.0,0.9403280037665773,1524770119.0,28.141569742610173
2021-04-09,7606094383,Bsc,663111517.0,9.550815979213745,1549675775.0,25.58732933276795
2021-04-10,8966554377,Bsc,1360459994.0,17.886446387527034,2324868729.0,35.00419700983717
2021-04-11,9263467924,Bsc,296913547.0,3.3113449661511973,2355139167.0,34.091301237127844
2021-04-12,9232019098,Bsc,-31448826.0,-0.3394930090762416,1963758190.0,27.018267710210274
2021-04-13,9851912919,Bsc,619893821.0,6.714607221017244,2922743411.0,42.1802844861217
2021-04-14,10710262229,Bsc,858349310.0,8.712514179298347,3831957984.0,55.710795095833966
2021-04-15,11930941606,Bsc,1220679377.0,11.397287488393948,4987958740.0,71.84172618985114
2021-04-16,11890525566,Bsc,-40416040.0,-0.3387497930563588,4284431183.0,56.328924770851074
2021-04-17,11630402118,Bsc,-260123448.0,-2.187653073500817,2663847741.0,29.708711161480306
2021-04-18,12037209877,Bsc,406807759.0,3.4977961627861154,2773741953.0,29.942803016716102
2021-04-19,10726979838,Bsc,-1310230039.0,-10.884831720875043,1494960740.0,16.193215418324524
2021-04-20,11479765719,Bsc,752785881.0,7.017687106423742,1627852800.0,16.523215474840303
2021-04-21,11381719028,Bsc,-98046691.0,-0.8540826825213399,671456799.0,6.269284398862873
2021-04-22,11194205671,Bsc,-187513357.0,-1.6474959234075381,-736735935.0,-6.175002437607269
2021-04-23,11505803377,Bsc,311597706.0,2.7835624532719816,-384722189.0,-3.2355356108066613
2021-04-24,14244531596,Bsc,2738728219.0,23.80301600212198,2614129478.0,22.476690414290967
2021-04-25,14806651470,Bsc,562119874.0,3.9462152209894352,2769441593.0,23.00733825611605
2021-04-26,15912320208,Bsc,1105668738.0,7.467378699635185,5185340370.0,48.3392385210895
2021-04-27,17347364943,Bsc,1435044735.0,9.018450585719883,5867599224.0,51.112534590219184
2021-04-28,17742192201,Bsc,394827258.0,2.276007101351274,6360473173.0,55.88323835224445
2021-04-29,18069325744,Bsc,327133543.0,1.843816926870856,6875120073.0,61.416774669513764
2021-04-30,18504519897,Bsc,435194153.0,2.4084692432118526,6998716520.0,60.82770833708469
2021-05-01,18789033919,Bsc,284514022.0,1.5375379830639524,4544502323.0,31.90348726016474
2021-05-02,20198074812,Bsc,1409040893.0,7.49927270914732,5391423342.0,36.412171603577306
2021-05-03,20512703811,Bsc,314628999.0,1.5577177623536276,4600383603.0,28.910828482996042
2021-05-04,20479277376,Bsc,-33426435.0,-0.16295479770968013,3131912433.0,18.054110484738416
2021-05-05,21783483709,Bsc,1304206333.0,6.368419691060101,4041291508.0,22.777858915158312
2021-05-06,21502464597,Bsc,-281019112.0,-1.290055877903018,3433138853.0,18.99981715775969
2021-05-07,21690522825,Bsc,188058228.0,0.8745891762855784,3186002928.0,17.21743090733483
2021-05-08,21160250076,Bsc,-530272749.0,-2.444720919261656,2371216157.0,12.620213296875038
2021-05-09,21386057171,Bsc,225807095.0,1.0671286690326465,1187982359.0,5.881661346724987
2021-05-10,20906840957,Bsc,-479216214.0,-2.2407880525533663,394137146.0,1.9214295181732455
2021-05-11,20820633077,Bsc,-86207880.0,-0.4123429272614998,341355701.0,1.666834697009567
2021-05-12,19901516503,Bsc,-919116574.0,-4.414450658636904,-1881967206.0,-8.63942256041651
2021-05-13,19841177616,Bsc,-60338887.0,-0.3031873826846554,-1661286981.0,-7.72603053713099
2021-05-14,19630542342,Bsc,-210635274.0,-1.061606715471075,-2059980483.0,-9.497145364452509
2021-05-15,19412490064,Bsc,-218052278.0,-1.1107807120207425,-1747760012.0,-8.259637791248565
2021-05-16,18800166128,Bsc,-612323936.0,-3.1542781682373677,-2585891043.0,-12.091481016456507
2021-05-17,18371065265,Bsc,-429100863.0,-2.2824312300140703,-2535775692.0,-12.128928025115982
2021-05-18,17280825804,Bsc,-1090239461.0,-5.934546773817695,-3539807273.0,-17.001439196920153
2021-05-19,12331484326,Bsc,-4949341478.0,-28.640653717222087,-7570032177.0,-38.03746400862907
2021-05-20,11121544167,Bsc,-1209940159.0,-9.811796593285472,-8719633449.0,-43.94715685609535
2021-05-21,10144124046,Bsc,-977420121.0,-8.788528879831404,-9486418296.0,-48.32478966056678
2021-05-22,9776332846,Bsc,-367791200.0,-3.625657556356743,-9636157218.0,-49.638955055384805
2021-05-23,8957548086,Bsc,-818784760.0,-8.37517270430299,-9842618042.0,-52.353888657084326
2021-05-24,9159086056,Bsc,201537970.0,2.249923394940967,-9211979209.0,-50.14395777337085
2021-05-25,9610234519,Bsc,451148463.0,4.925693024845623,-7670591285.0,-44.38787458423709
2021-05-26,9891517468,Bsc,281282949.0,2.926910352123957,-2439966858.0,-19.786481444537174
2021-05-27,9737117344,Bsc,-154400124.0,-1.5609346543591474,-1384426823.0,-12.44815290225516
2021-05-28,9373217026,Bsc,-363900318.0,-3.737248973632168,-770907020.0,-7.599542518449209
2021-05-29,9048097183,Bsc,-325119843.0,-3.468604664739572,-728235663.0,-7.448965521851669
2021-05-30,9016425812,Bsc,-31671371.0,-0.350033497203206,58877726.0,0.6572973478313981
2021-05-31,9668894327,Bsc,652468515.0,7.2364430052940465,509808271.0,5.566147843605318
2021-06-01,10046943581,Bsc,378049254.0,3.9099533122863184,436709062.0,4.544208168246056
2021-06-02,10169120938,Bsc,122177357.0,1.216064925765603,277603470.0,2.806480106799314
2021-06-03,10853415791,Bsc,684294853.0,6.7291446052423876,1116298447.0,11.464362681095363
2021-06-04,11268129870,Bsc,414714079.0,3.821046636247871,1894912844.0,20.21624847417676
2021-06-05,11018248854,Bsc,-249881016.0,-2.2175908414516665,1970151671.0,21.77420988251115
2021-06-06,11018750672,Bsc,501818.0,0.004554426085756624,2002324860.0,22.207523266426676
2021-06-07,10898523047,Bsc,-120227625.0,-1.0911184813856778,1229628720.0,12.717366416616137
2021-06-08,10735466132,Bsc,-163056915.0,-1.4961377270737986,688522551.0,6.853054816611892
2021-06-09,10819122543,Bsc,83656411.0,0.7792527121914139,650001605.0,6.391915377572821
2021-06-10,10859740985,Bsc,40618442.0,0.37543194319653583,6325194.0,0.05827837172924788
2021-06-11,10831971846,Bsc,-27769139.0,-0.2557071944750411,-436158024.0,-3.87072237391598
2021-06-12,10747645015,Bsc,-84326831.0,-0.7784993554164399,-270603839.0,-2.4559604941375213
2021-06-13,11286925724,Bsc,539280709.0,5.017663946356166,268175052.0,2.433806335971145
2021-06-14,11471224955,Bsc,184299231.0,1.632855885709561,572701908.0,5.2548579796566575
2021-06-15,11554039546,Bsc,82814591.0,0.7219332837153036,818573414.0,7.6249452416417896
2021-06-16,11224211454,Bsc,-329828092.0,-2.8546560766635642,405088911.0,3.744193758689729
2021-06-17,11347871706,Bsc,123660252.0,1.1017277472613163,488130721.0,4.494865224448996
2021-06-18,11300369795,Bsc,-47501911.0,-0.4185975329178637,468397949.0,4.3242168245938295
2021-06-19,10976837864,Bsc,-323531931.0,-2.8630207406411645,229192849.0,2.1324936642411085
2021-06-20,11012324698,Bsc,35486834.0,0.3232883134439257,-274601026.0,-2.432912492868633
2021-06-21,10206277831,Bsc,-806046867.0,-7.3194978272515865,-1264947124.0,-11.027132054006517
2021-06-22,9571068343,Bsc,-635209488.0,-6.223713468495329,-1982971203.0,-17.162579330849724
2021-06-23,9804285467,Bsc,233217124.0,2.4366885246469794,-1419925987.0,-12.650563407676874
2021-06-24,10355256887,Bsc,550971420.0,5.619699894036145,-992614819.0,-8.747145233190922
2021-06-25,10077671788,Bsc,-277585099.0,-2.680620114296539,-1222698007.0,-10.819982258819527
2021-06-26,9865357046,Bsc,-212314742.0,-2.106783654661326,-1111480818.0,-10.125692223670802
2021-06-27,10186468898,Bsc,321111852.0,3.2549440481751013,-825855800.0,-7.499377494290438
2021-06-28,10504403732,Bsc,317934834.0,3.1211486255303234,298125901.0,2.9210051493453237
2021-06-29,10697621781,Bsc,193218049.0,1.8394004450856372,1126553438.0,11.770404281189029
2021-06-30,10796751784,Bsc,99130003.0,0.9266545876211785,992466317.0,10.122780699730916
2021-07-01,10465977908,Bsc,-330773876.0,-3.063642497460972,110721021.0,1.06922524673434
2021-07-02,10625231302,Bsc,159253394.0,1.52162937281064,547559514.0,5.4333930050392
2021-07-03,10594937995,Bsc,-30293307.0,-0.2851072709758151,729580949.0,7.395383112827281
2021-07-04,10979869411,Bsc,384931416.0,3.633163461472444,793400513.0,7.788768816206515
2021-07-05,10841229448,Bsc,-138639963.0,-1.2626740611423437,336825716.0,3.2065191380060254
2021-07-06,11314730526,Bsc,473501078.0,4.367595762742127,617108745.0,5.768653609497054
2021-07-07,11545030298,Bsc,230299772.0,2.0353977628613906,748278514.0,6.930589208403348
2021-07-08,11346765449,Bsc,-198264849.0,-1.7173177019236263,880787541.0,8.415721385449725
2021-07-09,11554737192,Bsc,207971743.0,1.8328724951155895,929505890.0,8.748100286767757
2021-07-10,11679052531,Bsc,124315339.0,1.0758820121505641,1084114536.0,10.232382072567292
2021-07-11,11663028739,Bsc,-16023792.0,-0.13720112960762254,683159328.0,6.221925802829564
2021-07-12,12026126696,Bsc,363097957.0,3.113238980418842,1184897248.0,10.92954681646916
2021-07-13,11655153597,Bsc,-370973099.0,-3.0847263493689048,340423071.0,3.00867148552717
2021-07-14,11474854491,Bsc,-180299106.0,-1.5469474897903401,-70175807.0,-0.6078442861441213
2021-07-15,10652782122,Bsc,-822072369.0,-7.164120204267254,-693983327.0,-6.11613353707916
2021-07-16,10275562981,Bsc,-377219141.0,-3.5410387322291292,-1279174211.0,-11.070560842228804
2021-07-17,9963489853,Bsc,-312073128.0,-3.0370416548177293,-1715562678.0,-14.689228201057746
2021-07-18,10272426493,Bsc,308936640.0,3.100687054014295,-1390602246.0,-11.923165732670837
2021-07-19,10015779810,Bsc,-256646683.0,-2.4984036943451304,-2010346886.0,-16.71649515108351
2021-07-20,9705241554,Bsc,-310538256.0,-3.100490045617321,-1949912043.0,-16.730041580077515
2021-07-21,9839837597,Bsc,134596043.0,1.3868386711562763,-1635016894.0,-14.248693918361955
2021-07-22,10248505009,Bsc,408667412.0,4.153192651518922,-404277113.0,-3.795037844293203
2021-07-23,10693849130,Bsc,445344121.0,4.34545448930268,418286149.0,4.070688387326626
2021-07-24,11017848210,Bsc,323999080.0,3.029770441506119,1054358357.0,10.582219408619498
2021-07-25,11378507546,Bsc,360659336.0,3.27340991748879,1106081053.0,10.767475958613314
2021-07-26,11604817429,Bsc,226309883.0,1.9889241368878485,1589037619.0,15.865340983369713
2021-07-27,11888144352,Bsc,283326923.0,2.441459546722191,2182902798.0,22.491998636554488
2021-07-28,12015994071,Bsc,127849719.0,1.0754388171480445,2176156474.0,22.115776328091762
2021-07-29,12024014716,Bsc,8020645.0,0.0667497416577234,1775509707.0,17.3245727590589
2021-07-30,12024939044,Bsc,924328.0,0.007687349207663452,1331089914.0,12.447247925593285
2021-07-31,11974873449,Bsc,-50065595.0,-0.4163480148781318,957025239.0,8.686135629744719
2021-08-01,11862063078,Bsc,-112810371.0,-0.9420589827562664,483555532.0,4.24972721637813
2021-08-02,11759515880,Bsc,-102547198.0,-0.864497156402666,154698451.0,1.3330537248557928
2021-08-03,11096557484,Bsc,-662958396.0,-5.637633409105957,-791586868.0,-6.658624294605131
2021-08-04,11980410004,Bsc,883852520.0,7.965105585893806,-35584067.0,-0.2961391857364548
2021-08-05,12255696366,Bsc,275286362.0,2.2978041812265815,231681650.0,1.9268244049278183
2021-08-06,12273802032,Bsc,18105666.0,0.1477326580171301,248862988.0,2.0695571685593883
2021-08-07,12771969882,Bsc,498167850.0,4.058790004117618,797096433.0,6.656407989568902
2021-08-08,12844846910,Bsc,72877028.0,0.5706013142319444,982783832.0,8.285100370294973
2021-08-09,12817999444,Bsc,-26847466.0,-0.20901351482125463,1058483564.0,9.00108112273752
2021-08-10,13324150208,Bsc,506150764.0,3.948750085466135,2227592724.0,20.074628795569627
2021-08-11,13173120212,Bsc,-151029996.0,-1.1335056543367417,1192710208.0,9.95550409044248
2021-08-12,13243667503,Bsc,70547291.0,0.5355397192514433,987971137.0,8.061321915096142
2021-08-13,13501111181,Bsc,257443678.0,1.9439001918591048,1227309149.0,9.999421090548676
2021-08-14,13805085507,Bsc,303974326.0,2.251476355722337,1033115625.0,8.088929386343203
2021-08-15,13930223732,Bsc,125138225.0,0.9064646860502679,1085376822.0,8.449900801503606
2021-08-16,14015526842,Bsc,85303110.0,0.6123599422459103,1197527398.0,9.342545248436185
2021-08-17,13720363122,Bsc,-295163720.0,-2.105976630971085,396212914.0,2.973644906540529
2021-08-18,13623156787,Bsc,-97206335.0,-0.7084822328363494,450036575.0,3.4163248171837246
2021-08-19,14065048561,Bsc,441891774.0,3.2436811886484174,821381058.0,6.2020664428032335
2021-08-20,14796850848,Bsc,731802287.0,5.202984432127478,1295739667.0,9.59728165799778
2021-08-21,14987575596,Bsc,190724748.0,1.2889549942701528,1182490089.0,8.565612204288108
2021-08-22,14910708076,Bsc,-76867520.0,-0.5128749443673586,980484344.0,7.038539817186629
2021-08-23,15427484612,Bsc,516776536.0,3.465808151873051,1411957770.0,10.074239705130594
2021-08-24,14880102309,Bsc,-547382303.0,-3.5480981946611534,1159739187.0,8.452685812231952
2021-08-25,15229192771,Bsc,349090462.0,2.346021920755592,1606035984.0,11.789014903891971
2021-08-26,15144755019,Bsc,-84437752.0,-0.5544466687741334,1079706458.0,7.676521366544331
2021-08-27,15189829743,Bsc,45074724.0,0.2976259698057149,392978895.0,2.655827912552877
2021-08-28,15135213048,Bsc,-54616695.0,-0.35956094257849625,147637452.0,0.9850656035349958
2021-08-29,15105732377,Bsc,-29480671.0,-0.1947820021198532,195024301.0,1.307947952612043
2021-08-30,14790359987,Bsc,-315372390.0,-2.087766300429006,-637124625.0,-4.129802369107038
2021-08-31,14535840912,Bsc,-254519075.0,-1.7208443555377317,-344261397.0,-2.313568750073569
2021-09-01,14882870034,Bsc,347029122.0,2.387403137533739,-346322737.0,-2.2740715296445724
2021-09-02,15122078676,Bsc,239208642.0,1.607274950688442,-22676343.0,-0.14973066894480302
2021-09-03,15192619706,Bsc,70541030.0,0.4664770731020784,2789963.0,0.018367309227329542
2021-09-04,15369472261,Bsc,176852555.0,1.1640688598961946,234259213.0,1.5477761182288496
2021-09-05,15470817495,Bsc,101345234.0,0.6593930635937495,365085118.0,2.4168647298152823
2021-09-06,15378899783,Bsc,-91917712.0,-0.5941361019203173,588539796.0,3.9792121119249124
2021-09-07,14128478187,Bsc,-1250421596.0,-8.130761066420556,-407362725.0,-2.8024709919857727
2021-09-08,13602036524,Bsc,-526441663.0,-3.7261030949843787,-1280833510.0,-8.606092152077716
2021-09-09,13759791193,Bsc,157754669.0,1.1597871298290707,-1362287483.0,-9.008599361158353
2021-09-10,13301490647,Bsc,-458300546.0,-3.3307231161556428,-1891129059.0,-12.447682464223986
2021-09-11,13020868344,Bsc,-280622303.0,-2.109705674704143,-2348603917.0,-15.280966562264975
2021-09-12,13367909890,Bsc,347041546.0,2.6652719068457342,-2102907605.0,-13.592737459928262
2021-09-13,13223294307,Bsc,-144615583.0,-1.0818114738204598,-2155605476.0,-14.016642974569804
2021-09-14,13435466251,Bsc,212171944.0,1.6045316626408512,-693011936.0,-4.905071351829382
2021-09-15,13849249814,Bsc,413783563.0,3.0797856603540064,247213290.0,1.8174726230429261
2021-09-16,13909963418,Bsc,60713604.0,0.43838911721143514,150172225.0,1.0913844759242952
2021-09-17,13597449300,Bsc,-312514118.0,-2.2466925944290783,295958653.0,2.225003654509572
2021-09-18,13674574487,Bsc,77125187.0,0.5672033430563994,653706143.0,5.020449679158512
2021-09-19,13834955994,Bsc,160381507.0,1.1728445894420236,467046104.0,3.4937855494476366
2021-09-20,12534703513,Bsc,-1300252481.0,-9.398313095928156,-688590794.0,-5.207407307235701
2021-09-21,11692735984,Bsc,-841967529.0,-6.717091697675803,-1742730267.0,-12.971118638106727
2021-09-22,12177451316,Bsc,484715332.0,4.145439806930296,-1671798498.0,-12.071401126074022
2021-09-23,12508852637,Bsc,331401321.0,2.7214341687785693,-1401110781.0,-10.072713629044571
2021-09-24,12195316917,Bsc,-313535720.0,-2.506510621706348,-1402132383.0,-10.311730914120787
2021-09-25,12121497711,Bsc,-73819206.0,-0.6053078120265787,-1553076776.0,-11.357404776846714
2021-09-26,12079676108,Bsc,-41821603.0,-0.3450200956771843,-1755279886.0,-12.687282032275615
2021-09-27,12141002908,Bsc,61326800.0,0.507685797629831,-393700605.0,-3.14088486091183
2021-09-28,12070905034,Bsc,-70097874.0,-0.5773647739908738,378169050.0,3.2342220889745255
2021-09-29,11586693575,Bsc,-484211459.0,-4.011393160961219,-590757741.0,-4.851242888762785
2021-09-30,11711812779,Bsc,125119204.0,1.0798525324771102,-797039858.0,-6.371806280956827
2021-10-01,12272950718,Bsc,561137939.0,4.7912133637087795,77633801.0,0.636586990960275
2021-10-02,12518674025,Bsc,245723307.0,2.002153456377953,397176314.0,3.2766273893660047
2021-10-03,12577138781,Bsc,58464756.0,0.4670203560156905,497462673.0,4.118178902748437
2021-10-04,12696866670,Bsc,119727889.0,0.9519485400039551,555863762.0,4.578400698954854
2021-10-05,12838129436,Bsc,141262766.0,1.1125797385411085,767224402.0,6.355980763985514
2021-10-06,12910253252,Bsc,72123816.0,0.5617938061736272,1323559677.0,11.423100718360036
2021-10-07,12969223140,Bsc,58969888.0,0.4567678638748962,1257410361.0,10.736257355945899
2021-10-08,13292880115,Bsc,323656975.0,2.4955771946105987,1019929397.0,8.310384523129644
2021-10-09,13429307350,Bsc,136427235.0,1.026318102771806,910633325.0,7.274199513314672
2021-10-10,13335141635,Bsc,-94165715.0,-0.7011956204874603,758002854.0,6.026830642475689
2021-10-11,13272319965,Bsc,-62821670.0,-0.47109863336670665,575453295.0,4.532246497946413
2021-10-12,13615910161,Bsc,343590196.0,2.5887727006738137,777780725.0,6.058364880003375
2021-10-13,13551451802,Bsc,-64458359.0,-0.47340470257087874,641198550.0,4.96658382670121
2021-10-14,13734683773,Bsc,183231971.0,1.3521205969456274,765460633.0,5.902131721669179
2021-10-15,13787648406,Bsc,52964633.0,0.3856268835553234,494768291.0,3.7220548648572604
2021-10-16,13830154464,Bsc,42506058.0,0.3082908466211176,400847114.0,2.9848681212884642
2021-10-17,13801277720,Bsc,-28876744.0,-0.20879552773734877,466136085.0,3.495546562299401
2021-10-18,13846315129,Bsc,45037409.0,0.3263278220590804,573995164.0,4.324753814809035
2021-10-19,13958037146,Bsc,111722017.0,0.8068718352798987,342126985.0,2.512700076267782
2021-10-20,14262181095,Bsc,304143949.0,2.1789879609767304,710729293.0,5.2446726991650205
2021-10-21,14918673197,Bsc,656492102.0,4.60302738849776,1183989424.0,8.620434540528098
2021-10-22,15008496076,Bsc,89822879.0,0.6020835620828668,1220847670.0,8.854647537057314
2021-10-23,15111332157,Bsc,102836081.0,0.6851857806355666,1281177693.0,9.263654258778642
2021-10-24,15166386203,Bsc,55054046.0,0.36432291625922986,1365108483.0,9.89117464842959
2021-10-25,15064225645,Bsc,-102160558.0,-0.6735985529617627,1217910516.0,8.79591793667316
2021-10-26,15245013124,Bsc,180787479.0,1.200111331709941,1286975978.0,9.220322059171583
2021-10-27,14509808879,Bsc,-735204245.0,-4.822588468897926,247627784.0,1.7362546608443497
2021-10-28,14398473714,Bsc,-111335165.0,-0.7673096587863082,-520199483.0,-3.4869017916727807
2021-10-29,14779762009,Bsc,381288295.0,2.6481160612826793,-228734067.0,-1.5240305613682836
2021-10-30,14635478368,Bsc,-144283641.0,-0.9762243865100162,-475853789.0,-3.1489863637175874
2021-10-31,14494876248,Bsc,-140602120.0,-0.9606937092498602,-671509955.0,-4.427620040871516
2021-11-01,14484241493,Bsc,-10634755.0,-0.07336906378533348,-579984152.0,-3.8500761052560506
2021-11-02,14888949544,Bsc,404708051.0,2.7941266458142655,-356063580.0,-2.335606910298127
2021-11-03,15141145045,Bsc,252195501.0,1.6938434793852153,631336166.0,4.3510991169134705
2021-11-04,15136479452,Bsc,-4665593.0,-0.03081400373705634,738005738.0,5.125583118455235
2021-11-05,15373534678,Bsc,237055226.0,1.5661186390913295,593772669.0,4.017471111093851
2021-11-06,15262177643,Bsc,-111357035.0,-0.7243424321887071,626699275.0,4.282055285396469
2021-11-07,15606257153,Bsc,344079510.0,2.254458820021732,1111380905.0,7.667405267798322
2021-11-08,15934360056,Bsc,328102903.0,2.102380473315013,1450118563.0,10.011698325389151
2021-11-09,15700630629,Bsc,-233729427.0,-1.4668265696179628,811681085.0,5.451567167994686
2021-11-10,15604306844,Bsc,-96323785.0,-0.6135026501552399,463161799.0,3.0589615093407296
2021-11-11,15434097156,Bsc,-170209688.0,-1.0907865995050448,297617704.0,1.9662280449280756
2021-11-12,15559328863,Bsc,125231707.0,0.8113963890094888,185794185.0,1.2085326432175414
2021-11-13,15637605459,Bsc,78276596.0,0.5030846554451518,375427816.0,2.4598574645223747
2021-11-14,15881460224,Bsc,243854765.0,1.5594124409863186,275203071.0,1.763414945056807
2021-11-15,15869368878,Bsc,-12091346.0,-0.07613497644081146,-64991178.0,-0.40786814011729566
2021-11-16,15240068876,Bsc,-629300002.0,-3.9655011288597053,-460561753.0,-2.9333965232537507
2021-11-17,15019804741,Bsc,-220264135.0,-1.4452961911928797,-584502103.0,-3.7457742201778554
2021-11-18,14669811788,Bsc,-349992953.0,-2.330209739974942,-764285368.0,-4.951927931222622
2021-11-19,14073388132,Bsc,-596423656.0,-4.065653088254873,-1485940731.0,-9.550159547906711
2021-11-20,14718005838,Bsc,644617706.0,4.58040167693714,-919599621.0,-5.880693328726605
2021-11-21,14664843494,Bsc,-53162344.0,-0.36120616192950594,-1216616730.0,-7.660609999585888
2021-11-22,14268211299,Bsc,-396632195.0,-2.704646627577567,-1601157579.0,-10.089610943631877
2021-11-23,14335799692,Bsc,67588393.0,0.4736991314723271,-904269184.0,-5.933498013411476
2021-11-24,14498359125,Bsc,162559433.0,1.1339404601943048,-521445616.0,-3.471720338524742
2021-11-25,14726427151,Bsc,228068026.0,1.5730609514750915,56615363.0,0.38593107954059125
2021-11-26,14423612003,Bsc,-302815148.0,-2.056270301649077,350223871.0,2.4885540547529006
2021-11-27,13906953386,Bsc,-516658617.0,-3.58203352178732,-811052452.0,-5.510613740252546
2021-11-28,14057466038,Bsc,150512652.0,1.082283429176667,-607377456.0,-4.141724773595456
2021-11-29,14422048053,Bsc,364582015.0,2.5935116187687512,153836754.0,1.0781782717976807
2021-11-30,14559544829,Bsc,137496776.0,0.9533789895492584,223745137.0,1.560744024101135
2021-12-01,14577564860,Bsc,18020031.0,0.1237678183737323,79205735.0,0.5463082705919664
2021-12-02,14666294669,Bsc,88729809.0,0.6086737383928176,-60132482.0,-0.40833042110908213
2021-12-03,14277571870,Bsc,-388722799.0,-2.65044994508149,-146040133.0,-1.0125073592497147
2021-12-04,13524872921,Bsc,-752698949.0,-5.271897461651509,-382080465.0,-2.7474059515050664
2021-12-05,13017813488,Bsc,-507059433.0,-3.749088334964623,-1039652550.0,-7.395732254942833
2021-12-06,12880404394,Bsc,-137409094.0,-1.055546648649297,-1541643659.0,-10.689491903886116
2021-12-07,13045572948,Bsc,165168554.0,1.2823242884900443,-1513971881.0,-10.398483598089136
2021-12-08,13349496028,Bsc,303923080.0,2.3297028134482423,-1228068832.0,-8.42437570193737
2021-12-09,13085312062,Bsc,-264183966.0,-1.9789808202937853,-1580982607.0,-10.779700276592063
2021-12-10,12716184843,Bsc,-369127219.0,-2.8209279018415856,-1561387027.0,-10.935942338212168
2021-12-11,12615446371,Bsc,-100738472.0,-0.7922067290131785,-909426550.0,-6.724104213858739
2021-12-12,12858420345,Bsc,242973974.0,1.9260037802431018,-159393143.0,-1.2244233115410008
2021-12-13,12620077717,Bsc,-238342628.0,-1.8535918223631542,-260326677.0,-2.02110639570654
2021-12-14,12486051459,Bsc,-134026258.0,-1.0620081825602257,-559521489.0,-4.288975970854381
2021-12-15,13144008275,Bsc,657956816.0,5.269534713680368,-205487753.0,-1.5392922142453802
2021-12-16,13201635473,Bsc,57627198.0,0.438429410529273,116323411.0,0.888961688103751
2021-12-17,13079288378,Bsc,-122347095.0,-0.9267571071040703,363103535.0,2.855443983262651
2021-12-18,13049087502,Bsc,-30200876.0,-0.23090610992873017,433641131.0,3.437382382258325
2021-12-19,13172134279,Bsc,123046777.0,0.9429531143931857,313713934.0,2.439754849995923
2021-12-20,13107812855,Bsc,-64321424.0,-0.4883143660518674,487735138.0,3.8647554233599557
2021-12-21,13201461199,Bsc,93648344.0,0.7144467580972425,715409740.0,5.729671564698946
2021-12-22,13284522417,Bsc,83061218.0,0.6291820030216888,140514142.0,1.0690357085917146
2021-12-23,13381199415,Bsc,96676998.0,0.7277416151316274,179563942.0,1.3601643702952027
2021-12-24,13532753327,Bsc,151553912.0,1.1325883973458462,453464949.0,3.467046034115673
2021-12-25,13501618894,Bsc,-31134433.0,-0.23006724683203306,452531392.0,3.4679159897628153
2021-12-26,13483854105,Bsc,-17764789.0,-0.13157525137889037,311719826.0,2.3665096285646614
2021-12-27,13557185549,Bsc,73331444.0,0.5438463174472385,449372694.0,3.428281277517531
2021-12-28,13406903586,Bsc,-150281963.0,-1.1085041394235717,205442387.0,1.556209452144297
2021-12-29,13010414934,Bsc,-396488652.0,-2.957346932919158,-274107483.0,-2.06335970835676
2021-12-30,12809470318,Bsc,-200944616.0,-1.5444904487625033,-571729097.0,-4.2726296744304175
2021-12-31,12794059092,Bsc,-15411226.0,-0.12031118865504231,-738694235.0,-5.458565726799936
2022-01-01,12883540307,Bsc,89481215.0,0.6993966055381939,-618078587.0,-4.577810941432137
2022-01-02,13011474440,Bsc,127934133.0,0.9930044844155939,-472379665.0,-3.5032985474445
2022-01-03,12909784015,Bsc,-101690425.0,-0.781544209066598,-647401534.0,-4.775338743134283
2022-01-04,12765005155,Bsc,-144778860.0,-1.1214661673020987,-641898431.0,-4.7878201471538535
2022-01-05,12511462912,Bsc,-253542243.0,-1.9862290686243012,-498952022.0,-3.8350200553257774
2022-01-06,12188169721,Bsc,-323293191.0,-2.5839759368980197,-621300597.0,-4.8503223129136135
2022-01-07,11849375671,Bsc,-338794050.0,-2.779695867019838,-944683421.0,-7.38376627938745
2022-01-08,11549907912,Bsc,-299467759.0,-2.5272872370222244,-1333632395.0,-10.351443494731017
2022-01-09,11569628332,Bsc,19720420.0,0.17074092841478095,-1441846108.0,-11.081342968844965
2022-01-10,11469340454,Bsc,-100287878.0,-0.866820222068998,-1440443561.0,-11.157766538358317
2022-01-11,11577278399,Bsc,107937945.0,0.941099842950055,-1187726756.0,-9.304553672935823
2022-01-12,11534804035,Bsc,-42474364.0,-0.3668769337331401,-976658877.0,-7.806112553498967
2022-01-13,11479596631,Bsc,-55207404.0,-0.4786158814010566,-708573090.0,-5.813613579561016
2022-01-14,11501746164,Bsc,22149533.0,0.19294696244105403,-347629507.0,-2.933736904390527
2022-01-15,11552169211,Bsc,50423047.0,0.4383947122552856,2261299.0,0.01957850241949277
2022-01-16,11581179579,Bsc,29010368.0,0.25112485343770086,11551247.0,0.09984112426542069
2022-01-17,11419543921,Bsc,-161635658.0,-1.3956752582706788,-49796533.0,-0.4341708505359865
2022-01-18,11265271947,Bsc,-154271974.0,-1.3509468947906167,-312006452.0,-2.6949896275013097
2022-01-19,11119087705,Bsc,-146184242.0,-1.297653910955332,-415716330.0,-3.6040172744902677
2022-01-20,10957022258,Bsc,-162065447.0,-1.4575426626693755,-522574373.0,-4.552201525869104
2022-01-21,10435540681,Bsc,-521481577.0,-4.759336658454383,-1066205483.0,-9.269944474493618
2022-01-22,9746002854,Bsc,-689537827.0,-6.607590809889152,-1806166357.0,-15.634867564787436
2022-01-23,9496179637,Bsc,-249823217.0,-2.5633402815746775,-2084999942.0,-18.003346962866395
2022-01-24,9512258360,Bsc,16078723.0,0.1693178058400635,-1907285561.0,-16.701941637901953
2022-01-25,9572970223,Bsc,60711863.0,0.6382486755752925,-1692301724.0,-15.022289137464352
2022-01-26,9574587619,Bsc,1617396.0,0.016895445847242563,-1544500086.0,-13.89052885431845
2022-01-27,9677101998,Bsc,102514379.0,1.0706923690015469,-1279920260.0,-11.681278269426699
2022-01-28,9627568036,Bsc,-49533962.0,-0.5118677266214289,-807972645.0,-7.742508698864803
2022-01-29,9651826020,Bsc,24257984.0,0.25196377641054646,-94176834.0,-0.9663123991529243
2022-01-30,9496210105,Bsc,-155615915.0,-1.6122950691148108,30468.0,0.0003208448151159615
2022-01-31,9401403765,Bsc,-94806340.0,-0.9983597556469603,-110854595.0,-1.1653867126460216
2022-02-01,9534769417,Bsc,133365652.0,1.418571687097403,-38200806.0,-0.3990486245138314
2022-02-02,9532500409,Bsc,-2269008.0,-0.023797198450903334,-42087210.0,-0.43957203876312523
2022-02-03,9500067945,Bsc,-32432464.0,-0.3402303971514087,-177034053.0,-1.8294118738914622
2022-02-04,9795686835,Bsc,295618890.0,3.1117555338705527,168118799.0,1.74622291290345
2022-02-05,10138429609,Bsc,342742774.0,3.4989151835211674,486603589.0,5.041570247864868
2022-02-06,10303077912,Bsc,164648303.0,1.624002033350802,806867807.0,8.496734992996458
2022-02-07,10477221572,Bsc,174143660.0,1.6902100662286035,1075817807.0,11.443161403248169
2022-02-08,10489930370,Bsc,12708798.0,0.12129931502034008,955160953.0,10.017661793655929
2022-02-09,10501919312,Bsc,11988942.0,0.11429000553031532,969418903.0,10.169618268096103
2022-02-10,10505563176,Bsc,3643864.0,0.03469712432313532,1005495231.0,10.584084627828428
2022-02-11,10210484495,Bsc,-295078681.0,-2.8087849842653667,414797660.0,4.2344928639197255
2022-02-12,10108654481,Bsc,-101830014.0,-0.9973083456506493,-29775128.0,-0.29368579896800195
2022-02-13,10102895729,Bsc,-5758752.0,-0.05696853137896474,-200182183.0,-1.9429357392983237
2022-02-14,10131805512,Bsc,28909783.0,0.2861534333865823,-345416060.0,-3.296828816936659
2022-02-15,10297959232,Bsc,166153720.0,1.6399221225003702,-191971138.0,-1.8300515945178786
2022-02-16,10275426200,Bsc,-22533032.0,-0.21881065454192328,-226493112.0,-2.156683033559381
2022-02-17,10013614735,Bsc,-261811465.0,-2.5479377682650295,-491948441.0,-4.682742207708179
2022-02-18,9792681495,Bsc,-220933240.0,-2.206328542157554,-417803000.0,-4.09190181136454
2022-02-19,9722898415,Bsc,-69783080.0,-0.7126044080534077,-385756066.0,-3.8160970554989126
2022-02-20,9551603252,Bsc,-171295163.0,-1.7617705717847931,-551292477.0,-5.456776866631763
2022-02-21,9380868276,Bsc,-170734976.0,-1.7875007105665697,-750937236.0,-7.411682301941136
2022-02-22,9335275539,Bsc,-45592737.0,-0.4860183051140887,-962683693.0,-9.348295825531583
2022-02-23,9366283838,Bsc,31008299.0,0.33216265412259194,-909142362.0,-8.847733848742934
2022-02-24,9265289028,Bsc,-100994810.0,-1.0782804765135712,-748325707.0,-7.4730826659869525
2022-02-25,9303927149,Bsc,38638121.0,0.417020137021451,-488754346.0,-4.991016467241893
2022-02-26,9376792137,Bsc,72864988.0,0.7831637848521922,-346106278.0,-3.5597027062017284
2022-02-27,9430080454,Bsc,53288317.0,0.5683000776963931,-121522798.0,-1.272276441910991
2022-02-28,9581442350,Bsc,151361896.0,1.6050965496884562,200574074.0,2.138118435296099
2022-03-01,9915663859,Bsc,334221509.0,3.488217084560352,580388320.0,6.217152536904891
2022-03-02,9680417985,Bsc,-235245874.0,-2.3724672129388336,314134147.0,3.3538824194663475
2022-03-03,9683748786,Bsc,3330801.0,0.034407615509590705,418459758.0,4.5164242230911755
2022-03-04,9364554949,Bsc,-319193837.0,-3.2961804777656534,60627800.0,0.6516366586825306
2022-03-05,9322332063,Bsc,-42222886.0,-0.4508797933265196,-54460074.0,-0.5807964302109836
2022-03-06,9325027302,Bsc,2695239.0,0.028911639081141693,-105053152.0,-1.1140217998398816
2022-03-07,9249362186,Bsc,-75665116.0,-0.8114197797980838,-332080164.0,-3.465868205114231
2022-03-08,9223620215,Bsc,-25741971.0,-0.2783107687032049,-692043644.0,-6.979297138757512
2022-03-09,9589359346,Bsc,365739131.0,3.9652449089915276,-91058639.0,-0.9406478019967413
2022-03-10,9652708399,Bsc,63349053.0,0.6606181989250892,-31040387.0,-0.3205410186277846
2022-03-11,9469399004,Bsc,-183309395.0,-1.8990462305790823,104844055.0,1.119583958564907
2022-03-12,9514088545,Bsc,44689541.0,0.4719364025227213,191756482.0,2.05695828794894
2022-03-13,9427374457,Bsc,-86714088.0,-0.911428221314714,102347155.0,1.0975534085358563
2022-03-14,9420603496,Bsc,-6770961.0,-0.07182234068333626,171241310.0,1.8513850637095208
2022-03-15,9481765479,Bsc,61161983.0,0.6492363575854698,258145264.0,2.798741253246617
2022-03-16,9590007572,Bsc,108242093.0,1.141581630970867,648226.0,0.006759846790704849
2022-03-17,9785677374,Bsc,195669802.0,2.0403508603194176,132968975.0,1.3775302174649173
2022-03-18,9819653954,Bsc,33976580.0,0.34720723667298614,350254950.0,3.6988086556712485
2022-03-19,9950237903,Bsc,130583949.0,1.329822309540818,436149358.0,4.584247413055786
2022-03-20,9852846571,Bsc,-97391332.0,-0.9787839542071297,425472114.0,4.513155979330796
2022-03-21,9779546210,Bsc,-73300361.0,-0.7439511056200332,358942714.0,3.8101881068703047
2022-03-22,10244655473,Bsc,465109263.0,4.755939110184948,762889994.0,8.045864408792136
2022-03-23,10416940835,Bsc,172285362.0,1.6817096724634828,826933263.0,8.622863504450207
2022-03-24,10627551710,Bsc,210610875.0,2.021811185606115,841874336.0,8.603127855377824
2022-03-25,10728224098,Bsc,100672388.0,0.9472773292203529,908570144.0,9.252567842575532
2022-03-26,10902075042,Bsc,173850944.0,1.620500675712111,951837139.0,9.565973681021433
2022-03-27,11202480074,Bsc,300405032.0,2.7554849039535645,1349633503.0,13.697904390111916
2022-03-28,11260793533,Bsc,58313459.0,0.5205406179238814,1481247323.0,15.146380938262372
2022-03-29,11395392871,Bsc,134599338.0,1.1952917670104979,1150737398.0,11.232563174357523
2022-03-30,11362366244,Bsc,-33026627.0,-0.28982438230847896,945425409.0,9.075845048706178
2022-03-31,11350336963,Bsc,-12029281.0,-0.10586950589057675,722785253.0,6.801051387215495
2022-04-01,11492193946,Bsc,141856983.0,1.2498041552636563,763969848.0,7.121121268732833
2022-04-02,11707159615,Bsc,214965669.0,1.870536383305832,805084573.0,7.384691170244473
2022-04-03,11800576235,Bsc,93416620.0,0.7979443611609183,598096161.0,5.338962060625585
2022-04-04,11835520798,Bsc,34944563.0,0.296125903549993,574727265.0,5.103790095393812
2022-04-05,11824498296,Bsc,-11022502.0,-0.09313068844306605,429105425.0,3.765604484703866
2022-04-06,11495952085,Bsc,-328546211.0,-2.7785213611231208,133585841.0,1.1756868079352945
2022-04-07,11455313690,Bsc,-40638395.0,-0.35350177783904924,104976727.0,0.9248776255912361
2022-04-08,11637550765,Bsc,182237075.0,1.5908518957371331,145356819.0,1.2648308902809102
2022-04-09,11570636413,Bsc,-66914352.0,-0.5749865530232157,-136523202.0,-1.1661513679635638
2022-04-10,11521149858,Bsc,-49486555.0,-0.42769086533909206,-279426377.0,-2.367904511063057
2022-04-11,11212566172,Bsc,-308583686.0,-2.6784104868293745,-622954626.0,-5.263432312207749
2022-04-12,10984183224,Bsc,-228382948.0,-2.036848162112237,-840315072.0,-7.106560049860744
2022-04-13,11181257263,Bsc,197074039.0,1.7941619780103446,-314694822.0,-2.737440271785896
2022-04-14,11163826722,Bsc,-17430541.0,-0.15589070701091945,-291486968.0,-2.5445568396302853
2022-04-15,11111968775,Bsc,-51857947.0,-0.46451766308596154,-525581990.0,-4.516259482886131
2022-04-16,11221650002,Bsc,109681227.0,0.9870548524826939,-348986411.0,-3.016138426127557
2022-04-17,11194722178,Bsc,-26927824.0,-0.23996314263232676,-326427680.0,-2.8332908088452347
2022-04-18,11143997294,Bsc,-50724884.0,-0.45311427289982387,-68568878.0,-0.6115359940637832
2022-04-19,11269569948,Bsc,125572654.0,1.1268187768459725,285386724.0,2.5981606295171877
2022-04-20,11406815220,Bsc,137245272.0,1.2178394795300695,225557957.0,2.017286175378463
2022-04-21,11129410548,Bsc,-277404672.0,-2.431920449746705,-34416174.0,-0.3082829468517123
2022-04-22,11128998752,Bsc,-411796.0,-0.0037000701719414053,17029977.0,0.15325796305614148
2022-04-23,11098117033,Bsc,-30881719.0,-0.277488745287624,-123532969.0,-1.1008449646708218
2022-04-24,11062524007,Bsc,-35593026.0,-0.32071229645682653,-132198171.0,-1.1808972915808291
2022-04-25,11399265934,Bsc,336741927.0,3.043988214506199,255268640.0,2.2906380292952777
2022-04-26,11327870963,Bsc,-71394971.0,-0.6263120047673709,58301015.0,0.5173313202634366
2022-04-27,11166021562,Bsc,-161849401.0,-1.428771580543653,-240793658.0,-2.110963080894024
2022-04-28,11264920850,Bsc,98899288.0,0.8857164340123846,135510302.0,1.2175874132377196
2022-04-29,10686471149,Bsc,-578449701.0,-5.134964627825145,-442527603.0,-3.9763469550257002
2022-04-30,10411464730,Bsc,-275006419.0,-2.573407209598222,-686652303.0,-6.1871063438802665
2022-05-01,10373105678,Bsc,-38359052.0,-0.3684308883981635,-689418329.0,-6.232016568404807
2022-05-02,10514500008,Bsc,141394330.0,1.363085795027419,-884765926.0,-7.761604397359079
2022-05-03,10477089040,Bsc,-37410968.0,-0.3558035852540331,-850781923.0,-7.510519194461985
2022-05-04,10619073249,Bsc,141984209.0,1.3551875760330567,-546948313.0,-4.898327573191907
2022-05-05,10528644827,Bsc,-90428422.0,-0.8515660442262707,-736276023.0,-6.5360070683497025
2022-05-06,10433724379,Bsc,-94920448.0,-0.901544781495367,-252746770.0,-2.365109739931792
2022-05-07,10415277929,Bsc,-18446450.0,-0.17679640874094238,3813199.0,0.03662500040952921
2022-05-08,10195881870,Bsc,-219396059.0,-2.1064830002195167,-177223808.0,-1.708493227595942
2022-05-09,9520524483,Bsc,-675357387.0,-6.623825144415885,-993975525.0,-9.453378898128584
2022-05-10,9177321871,Bsc,-343202612.0,-3.6048708515253325,-1299767169.0,-12.405804360712015
2022-05-11,8825404387,Bsc,-351917484.0,-3.834642490986895,-1793668862.0,-16.891011295820093
2022-05-12,8111751120,Bsc,-713653267.0,-8.086352032222177,-2416893707.0,-22.955411135173243
2022-05-13,7356505227,Bsc,-755245893.0,-9.310516087431441,-3077219152.0,-29.493007867770892
2022-05-14,7645091731,Bsc,288586504.0,3.922874994240799,-2770186198.0,-26.597333425801082
2022-05-15,7414972494,Bsc,-230119237.0,-3.0100258453000905,-2780909376.0,-27.27482930321553
2022-05-16,7695317087,Bsc,280344593.0,3.7807907342454428,-1825207396.0,-19.171290397489336
2022-05-17,7533151615,Bsc,-162165472.0,-2.1073267048859146,-1644170256.0,-17.915577977007846
2022-05-18,7694603736,Bsc,161452121.0,2.1432214463667165,-1130800651.0,-12.813017980974251
2022-05-19,7420171008,Bsc,-274432728.0,-3.5665608966454987,-691580112.0,-8.525657429193911
2022-05-20,7703713931,Bsc,283542923.0,3.821245126214756,347208704.0,4.71975065994199
2022-05-21,7704409118,Bsc,695187.0,0.009024050039063702,59317387.0,0.775888492736776
2022-05-22,7856047385,Bsc,151638267.0,1.9682011258426613,441074891.0,5.948435970017507
2022-05-23,7957672727,Bsc,101625342.0,1.2935938013057147,262355640.0,3.409289533282611
2022-05-24,7921639377,Bsc,-36033350.0,-0.45281266566468137,388487762.0,5.157041592345535
2022-05-25,8048342645,Bsc,126703268.0,1.5994576623605816,353738909.0,4.597233608600226
2022-05-26,8055401595,Bsc,7058950.0,0.08770687719645842,635230587.0,8.56086182266056
2022-05-27,7690240748,Bsc,-365160847.0,-4.533117842649281,-13473183.0,-0.17489204714343787
2022-05-28,7619300308,Bsc,-70940440.0,-0.9224735911999793,-85108810.0,-1.1046766688591059
2022-05-29,7657373941,Bsc,38073633.0,0.4996998603667535,-198673444.0,-2.528923697422425
2022-05-30,7553857449,Bsc,-103516492.0,-1.3518536876688247,-403815278.0,-5.074539904485819
2022-05-31,7827642974,Bsc,273785525.0,3.624446540704107,-93996403.0,-1.1865776580654908
2022-06-01,7814951391,Bsc,-12691583.0,-0.16213799022458675,-233391254.0,-2.899867268262901
2022-06-02,7418176766,Bsc,-396774625.0,-5.077122110534704,-637224829.0,-7.910528376332304
2022-06-03,7492887387,Bsc,74710621.0,1.007129155272013,-197353361.0,-2.566283260395008
2022-06-04,7354745697,Bsc,-138141690.0,-1.8436376107783592,-264554611.0,-3.4721641135765036
2022-06-05,7317406597,Bsc,-37339100.0,-0.5076871660597448,-339967344.0,-4.439738043609276
2022-06-06,7297290988,Bsc,-20115609.0,-0.274900796249955,-256566461.0,-3.3964959324717547
2022-06-07,7220706983,Bsc,-76584005.0,-1.0494854203558335,-606935991.0,-7.753751582896351
2022-06-08,7241993987,Bsc,21287004.0,0.29480498308707137,-572957404.0,-7.3315542904059505
2022-06-09,7166501405,Bsc,-75492582.0,-1.0424281231870114,-251675361.0,-3.392684873101337
2022-06-10,6941498530,Bsc,-225002875.0,-3.1396473995388807,-551388857.0,-7.35883016147617
2022-06-11,6883106263,Bsc,-58392267.0,-0.8412054939958336,-471639434.0,-6.4127225254352656
2022-06-12,6773969704,Bsc,-109136559.0,-1.5855713224516288,-543436893.0,-7.426632452306247
2022-06-13,6660353308,Bsc,-113616396.0,-1.6772498396753988,-636937680.0,-8.728412791094797
2022-06-14,5599733352,Bsc,-1060619956.0,-15.924379788172038,-1620973631.0,-22.4489601200592
2022-06-15,5623913731,Bsc,24180379.0,0.43181304322934544,-1618080256.0,-22.343021257744656
2022-06-16,5568787800,Bsc,-55125931.0,-0.980205843061499,-1597713605.0,-22.29419230819225
2022-06-17,5285670487,Bsc,-283117313.0,-5.084002536422738,-1655828043.0,-23.854042982848544
2022-06-18,5353748734,Bsc,68078247.0,1.287977507630056,-1529357529.0,-22.219002156352442
2022-06-19,5065894980,Bsc,-287853754.0,-5.376676573779604,-1708074724.0,-25.21526960758902
2022-06-20,5197779858,Bsc,131884878.0,2.6033875262056805,-1462573450.0,-21.959397382767186
2022-06-21,5283698318,Bsc,85918460.0,1.6529838190003643,-316035034.0,-5.643751481258031
2022-06-22,5260661508,Bsc,-23036810.0,-0.43599782980645596,-363252223.0,-6.459064636743806
2022-06-23,5217106339,Bsc,-43555169.0,-0.827940914536407,-351681461.0,-6.315224670618624
2022-06-24,5283005879,Bsc,65899540.0,1.2631435074913933,-2664608.0,-0.05041192042813947
2022-06-25,5334510576,Bsc,51504697.0,0.9749127330092922,-19238158.0,-0.35933994955393844
2022-06-26,5348803495,Bsc,14292919.0,0.267933089575334,282908515.0,5.584571257732618
2022-06-27,5313443006,Bsc,-35360489.0,-0.6610915699755027,115663148.0,2.2252413753533817
2022-06-28,5317419504,Bsc,3976498.0,0.07483844271050089,33721186.0,0.6382117973148027
2022-06-29,5312976183,Bsc,-4443321.0,-0.08356160345553976,52314675.0,0.994450506280331
2022-06-30,5326462263,Bsc,13486080.0,0.2538328713603377,109355924.0,2.0961030290396865
2022-07-01,5304065459,Bsc,-22396804.0,-0.4204817924943982,21059580.0,0.39862874436147333
2022-07-02,5333851066,Bsc,29785607.0,0.5615618289450008,-659510.0,-0.012363083559474575
2022-07-03,5319441496,Bsc,-14409570.0,-0.27015321241067314,-29361999.0,-0.5489451804959189
2022-07-04,5487443224,Bsc,168001728.0,3.1582587782256866,174000218.0,3.274716935958799
2022-07-05,5521748343,Bsc,34305119.0,0.6251567004823322,204328839.0,3.8426315404736178
2022-07-06,5531180729,Bsc,9432386.0,0.1708224535795333,218204546.0,4.1070115597015455
2022-07-07,5701471288,Bsc,170290559.0,3.078737928543296,375009025.0,7.04048966243469
2022-07-08,5603873035,Bsc,-97598253.0,-1.7118081994978551,299807576.0,5.652410934923191
2022-07-09,5569575724,Bsc,-34297311.0,-0.6120286949006459,235724658.0,4.419408323989371
2022-07-10,5658740972,Bsc,89165248.0,1.600934297666079,339299476.0,6.378479324476816
2022-07-11,5540658598,Bsc,-118082374.0,-2.0867252023777594,53215374.0,0.9697662796264828
2022-07-12,5346093036,Bsc,-194565562.0,-3.5115962941703716,-175655307.0,-3.1811537956575098
2022-07-13,5255919624,Bsc,-90173412.0,-1.6867161007633413,-275261105.0,-4.976534278780753
2022-07-14,5385008172,Bsc,129088548.0,2.4560601613948796,-316463116.0,-5.550551778907775
2022-07-15,5502020939,Bsc,117012767.0,2.172935736818782,-101852096.0,-1.8175304002047254
2022-07-16,5502296357,Bsc,275418.0,0.005005760665999226,-67279367.0,-1.2079801107665156
2022-07-17,5618836505,Bsc,116540148.0,2.1180274641466434,-39904467.0,-0.7051827817786904
2022-07-18,5614551131,Bsc,-4285374.0,-0.07626799598433598,73892533.0,1.3336416906588155
2022-07-19,5835005631,Bsc,220454500.0,3.9264848579397604,488912595.0,9.145231699256207
2022-07-20,5899427211,Bsc,64421580.0,1.1040534332605212,643507587.0,12.243482264484484
2022-07-21,5811153869,Bsc,-88273342.0,-1.4963036044483569,426145697.0,7.913557108711489
2022-07-22,5912713383,Bsc,101559514.0,1.7476652019451144,410692444.0,7.464392603250314
2022-07-23,5872353804,Bsc,-40359579.0,-0.6825898092074012,370057447.0,6.725509187254408
2022-07-24,5859290317,Bsc,-13063487.0,-0.22245742399072954,240453812.0,4.27942353877051
2022-07-25,5810717837,Bsc,-48572480.0,-0.8289823062542778,196166706.0,3.493898290762587
2022-07-26,5607553036,Bsc,-203164801.0,-3.496380424916512,-227452595.0,-3.898069845752994
2022-07-27,5629150161,Bsc,21597125.0,0.38514348168172674,-270277050.0,-4.581411725803564
2022-07-28,5869163141,Bsc,240012980.0,4.263751599004473,58009272.0,0.998240165510933
2022-07-29,6001530991,Bsc,132367850.0,2.2553104560226522,88817608.0,1.5021463454556239
2022-07-30,6136587447,Bsc,135056456.0,2.250366718134633,264233643.0,4.4996206260599525
2022-07-31,6082172938,Bsc,-54414509.0,-0.8867226201852874,222882621.0,3.803918374778825
2022-08-01,6039531312,Bsc,-42641626.0,-0.7010919688518746,228813475.0,3.937783272541995
2022-08-02,5986559894,Bsc,-52971418.0,-0.8770782907400521,379006858.0,6.758863546484695
2022-08-03,5913104482,Bsc,-73455412.0,-1.2270053803958514,283954321.0,5.0443550603303855
2022-08-04,6128775115,Bsc,215670633.0,3.6473333704236,259611974.0,4.4233218222618165
2022-08-05,6157866763,Bsc,29091648.0,0.4746731190837572,156335772.0,2.604931512216524
2022-08-06,6241772053,Bsc,83905290.0,1.3625707282942656,105184606.0,1.7140569886512802
2022-08-07,6178566924,Bsc,-63205129.0,-1.0126151429964758,96393986.0,1.5848609860754426
2022-08-08,6314938261,Bsc,136371337.0,2.207167757142514,275406949.0,4.56007154814797
2022-08-09,6356226640,Bsc,41288379.0,0.6538207864198675,369666746.0,6.17494441792017
2022-08-10,6246030840,Bsc,-110195800.0,-1.7336669417439166,332926358.0,5.63031414400772
2022-08-11,6422624105,Bsc,176593265.0,2.827287753193364,293848990.0,4.7945794140955345
2022-08-12,6324038865,Bsc,-98585240.0,-1.5349682370987883,166172102.0,2.698533573322126
2022-08-13,6344577800,Bsc,20538935.0,0.32477559734289674,102805747.0,1.647060259923916
2022-08-14,6348991363,Bsc,4413563.0,0.06956432940266044,170424439.0,2.7583166306413887
2022-08-15,6256135539,Bsc,-92855824.0,-1.4625287497024408,-58802722.0,-0.9311685968991346
2022-08-16,6223856103,Bsc,-32279436.0,-0.5159644607885094,-132370537.0,-2.0825333094164233
2022-08-17,6198974669,Bsc,-24881434.0,-0.3997752131191912,-47056171.0,-0.7533771799308031
2022-08-18,6021289843,Bsc,-177684826.0,-2.866358317103168,-401334262.0,-6.248758380356745
2022-08-19,5907411284,Bsc,-113878559.0,-1.8912651934931968,-416627581.0,-6.587998427805363
2022-08-20,5756890527,Bsc,-150520757.0,-2.5479986031729296,-587687273.0,-9.262827118299343
2022-08-21,5755118959,Bsc,-1771568.0,-0.03077300135708727,-593872404.0,-9.3538070859713
2022-08-22,5921172802,Bsc,166053843.0,2.8853242510360477,-334962737.0,-5.354147698877087
2022-08-23,5924770486,Bsc,3597684.0,0.06075965218892421,-299085617.0,-4.805471271352757
2022-08-24,5930325766,Bsc,5555280.0,0.09376363207869165,-268648903.0,-4.333763522917211
2022-08-25,5953924588,Bsc,23598822.0,0.39793466550013257,-67365255.0,-1.1187844590858753
2022-08-26,5969589776,Bsc,15665188.0,0.263106926674439,62178492.0,1.0525505845243588
2022-08-27,5761736768,Bsc,-207853008.0,-3.4818641782664472,4846241.0,0.0841815729736517
2022-08-28,5723746006,Bsc,-37990762.0,-0.6593630276724216,-31372953.0,-0.5451312687627108
2022-08-29,5642794300,Bsc,-80951706.0,-1.4143133869871427,-278378502.0,-4.701408172144072
2022-08-30,5805167742,Bsc,162373442.0,2.8775360817246076,-119602744.0,-2.01868991014279
2022-08-31,5789179044,Bsc,-15988698.0,-0.2754218088191096,-141146722.0,-2.3800837857715806
2022-09-01,5728470955,Bsc,-60708089.0,-1.0486476327402405,-225453633.0,-3.7866390423284324
2022-09-02,5752354406,Bsc,23883451.0,0.4169254097230457,-217235370.0,-3.6390334704968885
2022-09-03,5738883526,Bsc,-13470880.0,-0.23418028600513674,-22853242.0,-0.3966380784162893
2022-09-04,5740022200,Bsc,1138674.0,0.019841385433960745,16276194.0,0.2843626181689096
2022-09-05,5735876396,Bsc,-4145804.0,-0.07222627118061986,93082096.0,1.6495745024765585
2022-09-06,5890509828,Bsc,154633432.0,2.6958989581406634,85342086.0,1.470105426627999
2022-09-07,5623736638,Bsc,-266773190.0,-4.528864186456627,-165442406.0,-2.8577869978208215
2022-09-08,5760823600,Bsc,137086962.0,2.437649037006695,32352645.0,0.5647692945315752
2022-09-09,5787919453,Bsc,27095853.0,0.4703468615147255,35565047.0,0.6182693987509591
2022-09-10,5905401105,Bsc,117481652.0,2.0297734437044967,166517579.0,2.9015674955867654
2022-09-11,5961253654,Bsc,55852549.0,0.9457875596750043,221231454.0,3.854191609224089
2022-09-12,5874930283,Bsc,-86323371.0,-1.4480741134388242,139053887.0,2.4242831853380054
2022-09-13,5907957202,Bsc,33026919.0,0.5621669944844809,17447374.0,0.2961946335623633
2022-09-14,5663549239,Bsc,-244407963.0,-4.1369284617915225,39812601.0,0.7079385747010836
2022-09-15,5555248131,Bsc,-108301108.0,-1.9122480167422795,-205575469.0,-3.5685083119017857
2022-09-16,5567260321,Bsc,12012190.0,0.21623138547075538,-220659132.0,-3.812408479278817
2022-09-17,5672828397,Bsc,105568076.0,1.8962302804808928,-232572708.0,-3.938305017132282
2022-09-18,5687767581,Bsc,14939184.0,0.2633463054849461,-273486073.0,-4.587727496153282
2022-09-19,5574158894,Bsc,-113608687.0,-1.997421402722399,-300771389.0,-5.119573756821039
2022-09-20,5664287205,Bsc,90128311.0,1.61689526104134,-243669997.0,-4.12443740989713
2022-09-21,5658081380,Bsc,-6205825.0,-0.10956056385209578,-5467859.0,-0.09654474198524943
2022-09-22,5647300087,Bsc,-10781293.0,-0.19054679980583522,92051956.0,1.6570269019365869
2022-09-23,5764975457,Bsc,117675370.0,2.0837456516767494,197715136.0,3.5513901739821385
2022-09-24,5770286262,Bsc,5310805.0,0.09212190129190834,97457865.0,1.717976610248595
2022-09-25,5748688437,Bsc,-21597825.0,-0.3742938221667047,60920856.0,1.0710855380853923
2022-09-26,5748721294,Bsc,32857.0,0.0005715564577846166,174562400.0,3.131636598804133
2022-09-27,5797338759,Bsc,48617465.0,0.8457092023358648,133051554.0,2.3489549379231978
2022-09-28,5761432487,Bsc,-35906272.0,-0.6193578380124465,103351107.0,1.8266104719759202
2022-09-29,5828631201,Bsc,67198714.0,1.1663542730323773,181331114.0,3.210934627281836
2022-09-30,5826766622,Bsc,-1864579.0,-0.031989997920611746,61791165.0,1.0718374338432257
2022-10-01,5801263594,Bsc,-25503028.0,-0.4376874801147679,30977332.0,0.5368422049353061
2022-10-02,5783566661,Bsc,-17696933.0,-0.3050530753041958,34878224.0,0.6067161993945414
2022-10-03,5805149178,Bsc,21582517.0,0.3731696765170156,56427884.0,0.9815727900897686
2022-10-04,5838860104,Bsc,33710926.0,0.5807073163210941,41521345.0,0.7162138823704423
2022-10-05,5928123526,Bsc,89263422.0,1.5287816527552733,166691039.0,2.8932221175223205
2022-10-06,5910966318,Bsc,-17157208.0,-0.2894205548307216,82335117.0,1.412597815176131
2022-10-07,5914210699,Bsc,3244381.0,0.0548874892100093,87444077.0,1.500730725508026
2022-10-08,5889982620,Bsc,-24228079.0,-0.40965870566797014,88719026.0,1.5293052032967047
2022-10-09,5843419520,Bsc,-46563100.0,-0.790547324229629,59852859.0,1.034878000172501
2022-10-10,5852951379,Bsc,9531859.0,0.16312125062005745,47802201.0,0.8234448337892442
2022-10-11,5799652272,Bsc,-53299107.0,-0.9106364216732388,-39207832.0,-0.6714980544428539
2022-10-12,5791653289,Bsc,-7998983.0,-0.1379217688380785,-136470237.0,-2.3020815339197753
2022-10-13,5770779340,Bsc,-20873949.0,-0.36041434040338105,-140186978.0,-2.3716423078423587
2022-10-14,5777695465,Bsc,6916125.0,0.11984733070733444,-136515234.0,-2.308257871554742
2022-10-15,5751640108,Bsc,-26055357.0,-0.4509645265631912,-138342512.0,-2.3487762345893004
2022-10-16,5746586369,Bsc,-5053739.0,-0.08786605046742224,-96833151.0,-1.6571315933859188
2022-10-17,5775604821,Bsc,29018452.0,0.5049685175975149,-77346558.0,-1.3214966773432368
2022-10-18,5777211457,Bsc,1606636.0,0.027817623431536376,-22440815.0,-0.38693380133049127
2022-10-19,5763474963,Bsc,-13736494.0,-0.23777031708535068,-28178326.0,-0.48653337128309326
2022-10-20,5769287295,Bsc,5812332.0,0.10084770103651053,-1492045.0,-0.0258551733152923
2022-10-21,5706763709,Bsc,-62523586.0,-1.083731539148458,-70931756.0,-1.2276824978001866
2022-10-22,5722252577,Bsc,15488868.0,0.27141246404811525,-29387531.0,-0.5109417565804297
2022-10-23,5733014897,Bsc,10762320.0,0.18807838093792828,-13571472.0,-0.236165805724442
2022-10-24,5786544544,Bsc,53529647.0,0.9337084930306272,10939723.0,0.18941259554710044
2022-10-25,5766828030,Bsc,-19716514.0,-0.3407303590265087,-10383427.0,-0.17973077629724887
2022-10-26,5955500143,Bsc,188672113.0,3.271679197272692,192025180.0,3.331760461054345
2022-10-27,6020900561,Bsc,65400418.0,1.0981515645981599,251613266.0,4.361253879973392
2022-10-28,5972920053,Bsc,-47980508.0,-0.796899193299927,266156344.0,4.663875316587074
2022-10-29,6042655562,Bsc,69735509.0,1.1675279156796003,320402985.0,5.599245763597138
2022-10-30,6189831592,Bsc,147176030.0,2.4356183881393934,456816695.0,7.968175614527806
2022-10-31,6302114891,Bsc,112283299.0,1.8139960244656583,515570347.0,8.909813846237281
2022-11-01,6126677855,Bsc,-175437036.0,-2.7837803504747294,359849825.0,6.2399957676559925
2022-11-02,6280620315,Bsc,153942460.0,2.512657979468713,325120172.0,5.459158159573563
2022-11-03,6131750248,Bsc,-148870067.0,-2.370308337927285,110849687.0,1.8410815105969647
2022-11-04,6313592789,Bsc,181842541.0,2.965589491504672,340672736.0,5.703621226754763
2022-11-05,6463181084,Bsc,149588295.0,2.36930540184066,420525522.0,6.959283342981326
2022-11-06,6506447217,Bsc,43266133.0,0.6694247374115614,316615625.0,5.115092717695391
2022-11-07,6329931173,Bsc,-176516044.0,-2.7129405359471725,27816282.0,0.441380115740575
2022-11-08,6482048687,Bsc,152117514.0,2.4031464141166303,355370832.0,5.800383836241374
2022-11-09,6259712962,Bsc,-222335725.0,-3.4300224471609297,-20907353.0,-0.3328867524449275
2022-11-10,5558175654,Bsc,-701537308.0,-11.207180141625162,-573574594.0,-9.35417410692948
2022-11-11,5609132127,Bsc,50956473.0,0.9167841423530554,-704460662.0,-11.157841272680159
2022-11-12,5470045762,Bsc,-139086365.0,-2.4796414463210237,-993135322.0,-15.366045126889095
2022-11-13,5482753173,Bsc,12707411.0,0.23230904370632466,-1023694044.0,-15.73353336864548
2022-11-14,5626901510,Bsc,144148337.0,2.6291232242564355,-703029663.0,-11.106434553328748
2022-11-15,5351716470,Bsc,-275185040.0,-4.890525265298273,-1130332217.0,-17.437885328861004
2022-11-16,5496642850,Bsc,144926380.0,2.7080354651149996,-763070112.0,-12.190177355291965
2022-11-17,5204728587,Bsc,-291914263.0,-5.310773702533722,-353447067.0,-6.359048166202486
2022-11-18,5467203578,Bsc,262474991.0,5.043010151491689,-141928549.0,-2.5303121015248675
2022-11-19,5458923778,Bsc,-8279800.0,-0.15144488186461524,-11121984.0,-0.20332524596528012
2022-11-20,5122836661,Bsc,-336087117.0,-6.156655243190324,-359916512.0,-6.56452152127549
2022-11-21,5089322379,Bsc,-33514282.0,-0.654213362981948,-537579131.0,-9.55373272563287
2022-11-22,5313891505,Bsc,224569126.0,4.412554546095104,-37824965.0,-0.7067819308447021
2022-11-23,5418263221,Bsc,104371716.0,1.9641296007228082,-78379629.0,-1.425954553332498
2022-11-24,5455677761,Bsc,37414540.0,0.6905264376043885,250949174.0,4.821561197769331
2022-11-25,5543990113,Bsc,88312352.0,1.6187237565844281,76786535.0,1.4044937947617075
2022-11-26,5381904623,Bsc,-162085490.0,-2.9236251633986243,-77019155.0,-1.4108853344022676
2022-11-27,5896733199,Bsc,514828576.0,9.56591786855232,773896538.0,15.106797058193377
2022-11-28,5803710377,Bsc,-93022822.0,-1.5775314714217559,714387998.0,14.036996377902277
2022-11-29,5537938262,Bsc,-265772115.0,-4.579348343315859,224046757.0,4.2162463571036035
2022-11-30,5532267224,Bsc,-5671038.0,-0.10240341678984244,114004003.0,2.10406911495451
2022-12-01,5610692566,Bsc,78425342.0,1.4175985870634733,155014805.0,2.8413482575551985
2022-12-02,5637726439,Bsc,27033873.0,0.4818277366295476,93736326.0,1.690773686269731
2022-12-03,5078428196,Bsc,-559298243.0,-9.920634657456107,-303476427.0,-5.638829527061285
2022-12-04,5447129984,Bsc,368701788.0,7.260155579051131,-449603215.0,-7.6246151865281275
2022-12-05,5529561968,Bsc,82431984.0,1.5133103899141354,-274148409.0,-4.723674876789941
2022-12-06,5333847332,Bsc,-195714636.0,-3.539423866349911,-204090930.0,-3.6853233160871968
2022-12-07,5616259751,Bsc,282412419.0,5.2947225786851515,83992527.0,1.5182297528149924
2022-12-08,6003481432,Bsc,387221681.0,6.894654061024386,392788866.0,7.000719810959599
2022-12-09,5550268795,Bsc,-453212637.0,-7.549163633358935,-87457644.0,-1.551292794112813
2022-12-10,5542835842,Bsc,-7432953.0,-0.1339205951015554,464407646.0,9.144712262857002
2022-12-11,5744252104,Bsc,201416262.0,3.6338125057538084,297122120.0,5.454654485439936
2022-12-12,5518046415,Bsc,-226205689.0,-3.937948490152132,-11515553.0,-0.20825434395421727
2022-12-13,5408548977,Bsc,-109497438.0,-1.9843515216245278,74701645.0,1.4005208689013893
2022-12-14,5040024930,Bsc,-368524047.0,-6.813732270284667,-576234821.0,-10.260116991515556
2022-12-15,5004224985,Bsc,-35799945.0,-0.7103128555358107,-999256447.0,-16.644616266716895
2022-12-16,5018066802,Bsc,13841817.0,0.27660261162298916,-532201993.0,-9.588760700732868
2022-12-17,4697288104,Bsc,-320778698.0,-6.392475641658468,-845547738.0,-15.254785855157206
2022-12-18,4722834976,Bsc,25546872.0,0.5438642773102575,-1021417128.0,-17.781551183812738
2022-12-19,4787913409,Bsc,65078433.0,1.3779527197267827,-730133006.0,-13.231730056043755
2022-12-20,4723217077,Bsc,-64696332.0,-1.3512427329698151,-685331900.0,-12.671271036176101
2022-12-21,4802689728,Bsc,79472651.0,1.6825957753878518,-237335202.0,-4.709008492940137
2022-12-22,4773393698,Bsc,-29296030.0,-0.6099921431360067,-230831287.0,-4.612727998679301
2022-12-23,4723825199,Bsc,-49568499.0,-1.03843307583803,-294241603.0,-5.863644598806994
2022-12-24,4708261425,Bsc,-15563774.0,-0.32947396112994465,10973321.0,0.23360970749601861
2022-12-25,4695858688,Bsc,-12402737.0,-0.26342498600744335,-26976288.0,-0.5711884522132449
2022-12-26,4664748101,Bsc,-31110587.0,-0.6625111415618501,-123165308.0,-2.5724213760525028
2022-12-27,4663447210,Bsc,-1300891.0,-0.0278877009397549,-59769867.0,-1.2654482321181715
2022-12-28,4693502496,Bsc,30055286.0,0.6444864634802983,-109187232.0,-2.273460043929787
2022-12-29,4668091897,Bsc,-25410599.0,-0.5413994990235094,-105301801.0,-2.20601541926283
2022-12-30,4676092748,Bsc,8000851.0,0.17139446216005716,-47732451.0,-1.0104618394877196
2022-12-31,4656728352,Bsc,-19364396.0,-0.41411488273584984,-51533073.0,-1.0945244613302263
2023-01-01,4653905143,Bsc,-2823209.0,-0.060626448154044166,-41953545.0,-0.8934158327040365
2023-01-02,4635144544,Bsc,-18760599.0,-0.4031151994625004,-29603557.0,-0.6346228426279632
2023-01-03,4655603171,Bsc,20458627.0,0.4413805611840793,-7844039.0,-0.1682025902036477
2023-01-04,4630162815,Bsc,-25440356.0,-0.5464459719949799,-63339681.0,-1.3495184258233706
2023-01-05,4764087527,Bsc,133924712.0,2.8924406624780907,95995630.0,2.056421169893685
2023-01-06,4746778980,Bsc,-17308547.0,-0.363312951365935,70686232.0,1.511651624750887
2023-01-07,4825670923,Bsc,78891943.0,1.6620100352765954,168942571.0,3.6279241181728317
2023-01-08,4803699830,Bsc,-21971093.0,-0.45529613085056875,149794687.0,3.218688013555848
2023-01-09,4957456256,Bsc,153756426.0,3.2007917114171613,322311712.0,6.953649642214921
2023-01-10,4931711096,Bsc,-25745160.0,-0.5193219802764881,276107925.0,5.930658495979446
2023-01-11,4950446936,Bsc,18735840.0,0.3799054655735157,320284121.0,6.917340357069057
2023-01-12,5092617140,Bsc,142170204.0,2.871866032259196,328529613.0,6.895960897823361
2023-01-13,5118469691,Bsc,25852551.0,0.5076476453912182,371690711.0,7.830377453133486
2023-01-14,5324630657,Bsc,206160966.0,4.027785225777558,498959734.0,10.339696634137852
2023-01-15,5269490922,Bsc,-55139735.0,-1.0355598078434003,465791092.0,9.696507035911118
2023-01-16,5295845973,Bsc,26355051.0,0.5001441579483235,338389717.0,6.8258739870966645
2023-01-17,5253328560,Bsc,-42517413.0,-0.8028445920966742,321617464.0,6.521417368930171
2023-01-18,5267842324,Bsc,14513764.0,0.27627748453640244,317395388.0,6.41144915001266
2023-01-19,5152701624,Bsc,-115140700.0,-2.185727911320068,60084484.0,1.179835089664727
2023-01-20,5224323356,Bsc,71621732.0,1.3899840748861525,105853665.0,2.068072517575459
2023-01-21,5382827210,Bsc,158503854.0,3.0339594852597074,58196553.0,1.0929688226072987
2023-01-22,5379446097,Bsc,-3381113.0,-0.06281295809976717,109955175.0,2.0866375258554726
2023-01-23,5417441151,Bsc,37995054.0,0.7063004873529399,121595178.0,2.296048235162673
2023-01-24,5434968842,Bsc,17527691.0,0.323541880962841,181640282.0,3.457622722916076
2023-01-25,5377092951,Bsc,-57875891.0,-1.0648799042369927,109250627.0,2.0739160415310876
2023-01-26,5448494144,Bsc,71401193.0,1.327877231259711,295792520.0,5.740532667800369
2023-01-27,5392937131,Bsc,-55557013.0,-1.019676474483877,168613775.0,3.2274758568753503
2023-01-28,5460160036,Bsc,67222905.0,1.246498955338926,77332826.0,1.4366581534762002
2023-01-29,5450022573,Bsc,-10137463.0,-0.18566237863288926,70576476.0,1.3119654835719752
2023-01-30,5561193616,Bsc,111171043.0,2.039827202748734,143752465.0,2.65351225778363
2023-01-31,5371921771,Bsc,-189271845.0,-3.403439226705751,-63047071.0,-1.1600263558603885
2023-02-01,5452645677,Bsc,80723906.0,1.5027006989525304,75552726.0,1.4050849908768814
2023-02-02,5567407444,Bsc,114761767.0,2.1046987792381344,118913300.0,2.182498445574166
2023-02-03,5577322915,Bsc,9915471.0,0.1780985332892504,184385784.0,3.419023428626722
2023-02-04,5635825580,Bsc,58502665.0,1.0489380997227071,175665544.0,3.217223356857657
2023-02-05,5616280311,Bsc,-19545269.0,-0.34680400808287937,166257738.0,3.05058806221572
2023-02-06,5602971212,Bsc,-13309099.0,-0.23697355301040002,41777596.0,0.7512343371718355
2023-02-07,5558269670,Bsc,-44701542.0,-0.7978185200070542,186347899.0,3.468924287132924
2023-02-08,5667036413,Bsc,108766743.0,1.9568453755861137,214390736.0,3.9318662663948567
2023-02-09,5602801982,Bsc,-64234431.0,-1.1334748238541081,35394538.0,0.6357454229103388
2023-02-10,5337078669,Bsc,-265723313.0,-4.742686139072616,-240244246.0,-4.307519031287788
2023-02-11,5329477055,Bsc,-7601614.0,-0.14243024080108357,-306348525.0,-5.435734670127957
2023-02-12,5377313255,Bsc,47836200.0,0.8975777455523692,-238967056.0,-4.254899021545655
2023-02-13,5400981558,Bsc,23668303.0,0.4401510917741769,-201989654.0,-3.605045365348203
2023-02-14,5051889323,Bsc,-349092235.0,-6.463496148823545,-506380347.0,-9.110395447941622
2023-02-15,5100453940,Bsc,48564617.0,0.9613159334052934,-566582473.0,-9.9978618753936
2023-02-16,5351443187,Bsc,250989247.0,4.920919783857514,-251358795.0,-4.486305170297555
2023-02-17,5244009804,Bsc,-107433383.0,-2.007559068570186,-93068865.0,-1.7438166227637497
2023-02-18,5366077217,Bsc,122067413.0,2.327749519211242,36600162.0,0.686749593295688
2023-02-19,5392444947,Bsc,26367730.0,0.4913781321757016,15131692.0,0.2813987447342736
2023-02-20,5329283297,Bsc,-63161650.0,-1.1712989306481236,-71698261.0,-1.3275042736222598
2023-02-21,5338315284,Bsc,9031987.0,0.1694784551064199,286425961.0,5.669680048135128
2023-02-22,5263930546,Bsc,-74384738.0,-1.3934122291904716,163476606.0,3.2051383646060305
2023-02-23,5263558996,Bsc,-371550.0,-0.0070584137984552875,-87884191.0,-1.6422521538394075
2023-02-24,5226093000,Bsc,-37465996.0,-0.7117996782874836,-17916804.0,-0.34166229030184736
2023-02-25,5143286645,Bsc,-82806355.0,-1.5844791701946415,-222790572.0,-4.151833136023242
2023-02-26,5149372065,Bsc,6085420.0,0.11831772988806222,-243072882.0,-4.507656255910963
2023-02-27,5241797820,Bsc,92425755.0,1.794893704189926,-87485477.0,-1.6415992943975777
2023-02-28,5204825698,Bsc,-36972122.0,-0.7053328508576429,-133489586.0,-2.5005938933598593
2023-03-01,5206352497,Bsc,1526799.0,0.029334296450822528,-57578049.0,-1.0938223537875658
2023-03-02,5234310344,Bsc,27957847.0,0.5369948926068568,-29248652.0,-0.5556820398940565
2023-03-03,5184912732,Bsc,-49397612.0,-0.9437272296363486,-41180268.0,-0.7879742668184475
2023-03-04,5075464067,Bsc,-109448665.0,-2.1109065987651054,-67822578.0,-1.3186622228401945
2023-03-05,5064173056,Bsc,-11291011.0,-0.22246263299178226,-85199009.0,-1.6545514273301976
2023-03-06,5077730521,Bsc,13557465.0,0.2677133038322399,-164067299.0,-3.1299814421304806
2023-03-07,5067535342,Bsc,-10195179.0,-0.20078219901263905,-137290356.0,-2.6377512709552464
2023-03-08,5098261038,Bsc,30725696.0,0.6063242567909466,-108091459.0,-2.076145613695657
2023-03-09,5033324598,Bsc,-64936440.0,-1.2736978259056286,-200985746.0,-3.839775114411903
2023-03-10,4847209740,Bsc,-186114858.0,-3.6976526026943124,-337702992.0,-6.513185649505349
2023-03-11,4817535103,Bsc,-29674637.0,-0.6122003913946572,-257928964.0,-5.081879422160041
2023-03-12,4569296201,Bsc,-248238902.0,-5.1528197863138665,-494876855.0,-9.772115793192992
2023-03-13,4749757951,Bsc,180461750.0,3.949443022768051,-327972570.0,-6.459038514226034
2023-03-14,4944531723,Bsc,194773772.0,4.100709425813864,-123003619.0,-2.4272868504840894
2023-03-15,4996994741,Bsc,52463018.0,1.061031073093588,-101266297.0,-1.9862909381298754
2023-03-16,4951945144,Bsc,-45049597.0,-0.9015338085183733,-81379454.0,-1.6168131503447314
2023-03-17,4621125186,Bsc,-330819958.0,-6.680606274502788,-226084554.0,-4.6642205748662295
2023-03-18,4739049669,Bsc,117924483.0,2.5518564906499286,-78485434.0,-1.629161642249899
2023-03-19,4668961526,Bsc,-70088143.0,-1.4789493230778827,99665325.0,2.181196416598863
2023-03-20,4643245069,Bsc,-25716457.0,-0.5507960786738764,-106512882.0,-2.2424907352926238
2023-03-21,4604983489,Bsc,-38261580.0,-0.8240267190600892,-339548234.0,-6.867146436143923
2023-03-22,4698063849,Bsc,93080360.0,2.0212962809170287,-298930892.0,-5.982213460168218
2023-03-23,4783684071,Bsc,85620222.0,1.822457607046446,-168261073.0,-3.397878371166385
2023-03-24,4865102964,Bsc,81418893.0,1.702012335922931,243977778.0,5.2796184517819755
2023-03-25,4818434539,Bsc,-46668425.0,-0.9592484546643631,79384870.0,1.6751221351252843
2023-03-26,4829468646,Bsc,11034107.0,0.22899775665086164,160507120.0,3.4377477541030377
2023-03-27,4872651117,Bsc,43182471.0,0.8941453846225134,229406048.0,4.9406405346036575
2023-03-28,4720475779,Bsc,-152175338.0,-3.1230501496214536,115492290.0,2.5079848880213973
2023-03-29,4749355224,Bsc,28879445.0,0.611790979385507,51291375.0,1.0917555965297865
2023-03-30,4813655490,Bsc,64300266.0,1.3538735884625064,29971419.0,0.6265342475623603
2023-03-31,4828650883,Bsc,14995393.0,0.31151778583140555,-36452081.0,-0.7492561055692404
2023-04-01,4855497430,Bsc,26846547.0,0.5559844281664228,37062891.0,0.7691894680734279
2023-04-02,4837795675,Bsc,-17701755.0,-0.3645714008749912,8327029.0,0.17242122499121493
2023-04-03,4829917379,Bsc,-7878296.0,-0.16284887848224683,-42733738.0,-0.8770120612762056
2023-04-04,4793432914,Bsc,-36484465.0,-0.755384867630049,72957135.0,1.5455462206704906
2023-04-05,4879360935,Bsc,85928021.0,1.7926196640623226,130005711.0,2.737333908885997
2023-04-06,4848573288,Bsc,-30787647.0,-0.6309770359302136,34917798.0,0.7253904661964183
2023-04-07,4827196962,Bsc,-21376326.0,-0.44087868183627643,-1453921.0,-0.03011029447415048
2023-04-08,4778064642,Bsc,-49132320.0,-1.0178229806401706,-77432788.0,-1.5947447015742688
2023-04-09,4752445252,Bsc,-25619390.0,-0.5361875972711094,-85350423.0,-1.7642419964336353
2023-04-10,4751267404,Bsc,-1177848.0,-0.02478404142591817,-78649975.0,-1.6283917265740855
2023-04-11,4791256920,Bsc,39989516.0,0.8416599740594277,-2175994.0,-0.04539531561283949
2023-04-12,4793676720,Bsc,2419800.0,0.050504492670788714,-85684215.0,-1.7560540435814231
2023-04-13,4766888058,Bsc,-26788662.0,-0.5588333040530968,-81685230.0,-1.6847271382319229
2023-04-14,4854538950,Bsc,87650892.0,1.8387445002594704,27341988.0,0.5664154211074912
2023-04-15,4961194634,Bsc,106655684.0,2.1970301422754135,183129992.0,3.832723199059651
2023-04-16,4973527053,Bsc,12332419.0,0.24857760901948467,221081801.0,4.6519589238184444
2023-04-17,5007692691,Bsc,34165638.0,0.6869498775399441,256425287.0,5.396987060423508
2023-04-18,4975610038,Bsc,-32082653.0,-0.6406673687796349,184353118.0,3.847698444858172
2023-04-19,5018587290,Bsc,42977252.0,0.8637584471405946,224910570.0,4.691817640969331
2023-04-20,4835833375,Bsc,-182753915.0,-3.6415410241873114,68945317.0,1.4463380755143307
2023-04-21,4781928447,Bsc,-53904928.0,-1.1146977949793357,-72610503.0,-1.4957239760121865
2023-04-22,4731938393,Bsc,-49990054.0,-1.045395274188221,-229256241.0,-4.620988651178159
2023-04-23,4609796334,Bsc,-122142059.0,-2.5812267374546893,-363730719.0,-7.3133354885563495
2023-04-24,4610661599,Bsc,865265.0,0.018770135105938834,-397031092.0,-7.928423657337403
2023-04-25,4582918761,Bsc,-27742838.0,-0.6017105659200217,-392691277.0,-7.892324237649595
2023-04-26,4636010290,Bsc,53091529.0,1.1584654184098042,-382577000.0,-7.623201070195995
2023-04-27,4595769985,Bsc,-40240305.0,-0.8679942986062672,-240063390.0,-4.964260994621217
2023-04-28,4711255105,Bsc,115485120.0,2.512856830888599,-70673342.0,-1.4779255437069039
2023-04-29,4736733103,Bsc,25477998.0,0.5407900322137227,4794710.0,0.10132655165360216
2023-04-30,4767684202,Bsc,30951099.0,0.6534271263963998,157887868.0,3.4250508386993728
2023-05-01,4699816736,Bsc,-67867466.0,-1.4234891222772328,89155137.0,1.93367340208479
2023-05-02,4504487235,Bsc,-195329501.0,-4.156108886199772,-78431526.0,-1.7113880932701941
2023-05-03,4550705820,Bsc,46218585.0,1.0260565207262706,-85304470.0,-1.8400405664328212
2023-05-04,4722454591,Bsc,171748771.0,3.774112803450791,126684606.0,2.7565480085705474
2023-05-05,4688804623,Bsc,-33649968.0,-0.7125524947159789,-22450482.0,-0.47652868502436885
2023-05-06,4760012271,Bsc,71207648.0,1.5186738140187117,23279168.0,0.4914604115071608
2023-05-07,4659184093,Bsc,-100828178.0,-2.1182335729318935,-108500109.0,-2.275740263050252
2023-05-08,4636652275,Bsc,-22531818.0,-0.48360007997648724,-63164461.0,-1.3439771069405415
2023-05-09,4522072542,Bsc,-114579733.0,-2.471173730620113,17585307.0,0.3903953121092485
2023-05-10,4533849671,Bsc,11777129.0,0.26043653414704604,-16856149.0,-0.37040735364431976
2023-05-11,4569838035,Bsc,35988364.0,0.7937705616971158,-152616556.0,-3.2317209844824113
2023-05-12,4495641407,Bsc,-74196628.0,-1.6236161420105977,-193163216.0,-4.119668690234524
2023-05-13,4501533735,Bsc,5892328.0,0.13106757115515233,-258478536.0,-5.4302073457827005
2023-05-14,4528161223,Bsc,26627488.0,0.5915203476754671,-131022870.0,-2.8121419412649895
2023-05-15,4534845669,Bsc,6684446.0,0.1476194347066917,-101806606.0,-2.1956920631923005
2023-05-16,4581177180,Bsc,46331511.0,1.021677789758546,59104638.0,1.3070254280763915
2023-05-17,4586774283,Bsc,5597103.0,0.12217608662759005,52924612.0,1.1673217208440612
2023-05-18,4597123482,Bsc,10349199.0,0.22563131214801135,27285447.0,0.5970768939954407
2023-05-19,4556149918,Bsc,-40973564.0,-0.8912870006740459,60508511.0,1.345937220566218
2023-05-20,4567641583,Bsc,11491665.0,0.25222315346999924,66107848.0,1.4685627586438654
2023-05-21,4602585192,Bsc,34943609.0,0.7650251965928057,74423969.0,1.6435803703714447
2023-05-22,4503244608,Bsc,-99340584.0,-2.158364915714528,-31601061.0,-0.6968497564541876
2023-05-23,4527984309,Bsc,24739701.0,0.5493750207583581,-53192871.0,-1.1611179596419774
2023-05-24,4536679676,Bsc,8695367.0,0.19203615575074107,-50094607.0,-1.0921533066422295
2023-05-25,4409498793,Bsc,-127180883.0,-2.8033912923765336,-187624689.0,-4.081349777412835
2023-05-26,4370684538,Bsc,-38814255.0,-0.8802418783199761,-185465380.0,-4.070660170054574
2023-05-27,4399930235,Bsc,29245697.0,0.6691331013650048,-167711348.0,-3.6717274101408015
2023-05-28,4400709485,Bsc,779250.0,0.01771050808490049,-201875707.0,-4.38613732453863
2023-05-29,4471695154,Bsc,70985669.0,1.6130505601871237,-31549454.0,-0.7005938328100703
2023-05-30,4391693395,Bsc,-80001759.0,-1.7890700560935446,-136290914.0,-3.009968778582184
2023-05-31,4376839429,Bsc,-14853966.0,-0.33822866634796167,-159840247.0,-3.523287038438905
2023-06-01,4307825045,Bsc,-69014384.0,-1.5768086794028968,-101673748.0,-2.3057892239681577
2023-06-02,4270541404,Bsc,-37283641.0,-0.8654864255286832,-100143134.0,-2.2912459851386346
2023-06-03,4243750607,Bsc,-26790797.0,-0.627339591530629,-156179628.0,-3.5495932812216524
2023-06-04,4190877614,Bsc,-52872993.0,-1.2459024550779851,-209831871.0,-4.768137313204168
2023-06-05,4167363919,Bsc,-23513695.0,-0.5610685199073928,-304331235.0,-6.805724105047073
2023-06-06,3925675103,Bsc,-241688816.0,-5.799561082200755,-466018292.0,-10.61135762643558
2023-06-07,3963224560,Bsc,37549457.0,0.9565095433217152,-413614869.0,-9.450080947897622
2023-06-08,3766879531,Bsc,-196345029.0,-4.954173704454434,-540945514.0,-12.557276777706273
2023-06-09,3765594731,Bsc,-1284800.0,-0.034107806990546496,-504946673.0,-11.823949828165626
2023-06-10,3733576396,Bsc,-32018335.0,-0.8502862704903191,-510174211.0,-12.021776448372712
2023-06-11,3483209918,Bsc,-250366478.0,-6.705808357590659,-707667696.0,-16.885906990840603
2023-06-12,3433917640,Bsc,-49292278.0,-1.4151394593037603,-733446279.0,-17.59976554137843
2023-06-13,3384911771,Bsc,-49005869.0,-1.4271125326115852,-540763332.0,-13.775040415004003
2023-06-14,3427922455,Bsc,43010684.0,1.2706589391336953,-535302105.0,-13.506731624614277
2023-06-15,3297189842,Bsc,-130732613.0,-3.8137564287462844,-469689689.0,-12.468933108548619
2023-06-16,3251133878,Bsc,-46055964.0,-1.3968247570501857,-514460853.0,-13.66214077061284
2023-06-17,3265271446,Bsc,14137568.0,0.43485037929895665,-468304950.0,-12.543065959537413
2023-06-18,3314550232,Bsc,49278786.0,1.5091788482200164,-168659686.0,-4.842076417169872
2023-06-19,3313582520,Bsc,-967712.0,-0.029195876733356663,-120335120.0,-3.5043100218326684
2023-06-20,3331059623,Bsc,17477103.0,0.5274382905665398,-53852148.0,-1.5909468737523524
2023-06-21,3374314701,Bsc,43255078.0,1.2985380898419274,-53607754.0,-1.5638555044268032
2023-06-22,3376670980,Bsc,2356279.0,0.06982985313437329,79481138.0,2.4105720874048497
2023-06-23,3349940923,Bsc,-26730057.0,-0.7916097587926663,98807045.0,3.039156451495728
2023-06-24,3375182843,Bsc,25241920.0,0.7535034372306182,109911397.0,3.3660722796765574
2023-06-25,3329894161,Bsc,-45288682.0,-1.3418141803466122,15343929.0,0.4629264282032475
2023-06-26,3337233336,Bsc,7339175.0,0.22040265080964794,23650816.0,0.7137536444995485
2023-06-27,3317573720,Bsc,-19659616.0,-0.5890992334256162,-13485903.0,-0.4048532457024745
2023-06-28,3323107641,Bsc,5533921.0,0.16680627069833864,-51207060.0,-1.5175543639964761
2023-06-29,3282120489,Bsc,-40987152.0,-1.2333982653558007,-94550491.0,-2.800109680807572
2023-06-30,3291226200,Bsc,9105711.0,0.2774337819259731,-58714723.0,-1.7527092074035355
2023-07-01,3373767834,Bsc,82541634.0,2.5079295370217913,-1415009.0,-0.04192392133465228
2023-07-02,3410566754,Bsc,36798920.0,1.090736583268992,80672593.0,2.4226773915172473
2023-07-03,3400512206,Bsc,-10054548.0,-0.2948057823001893,63278870.0,1.8961476057843152
2023-07-04,3403495785,Bsc,2983579.0,0.0877391057363619,85922065.0,2.5899067285835686
2023-07-05,3364638529,Bsc,-38857256.0,-1.1416866203053044,41530888.0,1.249760540031808
2023-07-06,3324584755,Bsc,-40053774.0,-1.1904331967542592,42464266.0,1.293805822861116
2023-07-07,3247246758,Bsc,-77337997.0,-2.326245311799846,-43979442.0,-1.3362631228446054
2023-07-08,3272192669,Bsc,24945911.0,0.7682172886474659,-101575165.0,-3.010733695909673
2023-07-09,3276687471,Bsc,4494802.0,0.13736361072447245,-133879283.0,-3.9254262606935653
2023-07-10,3305720269,Bsc,29032798.0,0.8860411088012388,-94791937.0,-2.7875782016822392
2023-07-11,3332361456,Bsc,26641187.0,0.8059117176317798,-71134329.0,-2.090037229177877
2023-07-12,3367688854,Bsc,35327398.0,1.0601310351970428,3050325.0,0.09065832700032583
2023-07-13,3320380598,Bsc,-47308256.0,-1.4047692067457263,-4204157.0,-0.12645660465346875
2023-07-14,3424809401,Bsc,104428803.0,3.1450853273537804,177562643.0,5.468098245461395
2023-07-15,3342075328,Bsc,-82734073.0,-2.415727805928203,69882659.0,2.135652330684934
2023-07-16,3377314019,Bsc,35238691.0,1.0543954741166095,100626548.0,3.070984001086008
2023-07-17,3362880511,Bsc,-14433508.0,-0.4273664787698306,57160242.0,1.7291312436817696
2023-07-18,3425328654,Bsc,62448143.0,1.8569837017917257,92967198.0,2.789829351573192
2023-07-19,3344463336,Bsc,-80865318.0,-2.360804645871506,-23225518.0,-0.6896574774838182
2023-07-20,3334406935,Bsc,-10056401.0,-0.30068803241920516,14026337.0,0.4224316034266762
2023-07-21,3315756590,Bsc,-18650345.0,-0.5593302006493106,-109052811.0,-3.184200877519139
2023-07-22,3336000005,Bsc,20243415.0,0.610521745204462,-6075323.0,-0.18178294633579561
2023-07-23,3309130575,Bsc,-26869430.0,-0.8054385479534742,-68183444.0,-2.018865986888263
2023-07-24,3322075598,Bsc,12945023.0,0.39119106081209054,-40804913.0,-1.2133916999586214
2023-07-25,3265506839,Bsc,-56568759.0,-1.7028137178472513,-159821815.0,-4.665882639126162
2023-07-26,3244485123,Bsc,-21021716.0,-0.6437504815159922,-99978213.0,-2.989364898213376
2023-07-27,3248537059,Bsc,4051936.0,0.12488687253566777,-85869876.0,-2.5752668367695852
2023-07-28,3260442379,Bsc,11905320.0,0.3664825053177889,-55314211.0,-1.6682229077617516
2023-07-29,3301028153,Bsc,40585774.0,1.2447934753089474,-34971852.0,-1.0483169049036012
2023-07-30,3322629532,Bsc,21601379.0,0.6543833617525641,13498957.0,0.4079306238920388
2023-07-31,3312784077,Bsc,-9845455.0,-0.2963151595800628,-9291521.0,-0.2796902335875151
2023-08-01,3293065365,Bsc,-19718712.0,-0.5952308252416216,27558526.0,0.8439279829663304
2023-08-02,3192984085,Bsc,-100081280.0,-3.0391525495880978,-51501038.0,-1.5873408583356285
2023-08-03,3132093077,Bsc,-60891008.0,-1.9070251018805218,-116443982.0,-3.584505267606364
2023-08-04,3122815662,Bsc,-9277415.0,-0.2962049585348292,-137626717.0,-4.221105635432543
2023-08-05,3106332734,Bsc,-16482928.0,-0.5278226377743889,-194695419.0,-5.898023584653744
2023-08-06,3121672048,Bsc,15339314.0,0.4938078214257402,-200957484.0,-6.0481459658560555
2023-08-07,3128321277,Bsc,6649229.0,0.21300216351234358,-184462800.0,-5.568210777173455
2023-08-08,3110146900,Bsc,-18174377.0,-0.5809626119165356,-182918465.0,-5.554656368018984
2023-08-09,3148161274,Bsc,38014374.0,1.222269404702403,-44822811.0,-1.4037906173904435
2023-08-10,3142484633,Bsc,-5676641.0,-0.18031607995696586,10391556.0,0.331776730273714
2023-08-11,3129878051,Bsc,-12606582.0,-0.4011660667363359,7062389.0,0.2261545273369414
2023-08-12,3115407967,Bsc,-14470084.0,-0.46232101584203766,9075233.0,0.2921526371166827
2023-08-13,3116186429,Bsc,778462.0,0.024987481840121895,-5485619.0,-0.1757269474708112
2023-08-14,3114901993,Bsc,-1284436.0,-0.04121820145440713,-13419284.0,-0.4289611843470542
2023-08-15,3117328465,Bsc,2426472.0,0.07789882331621367,7181565.0,0.23090758188946126
2023-08-16,3058319875,Bsc,-59008590.0,-1.8929217970618972,-89841399.0,-2.8537737168035537
2023-08-17,2945188875,Bsc,-113131000.0,-3.6991225451850407,-197295758.0,-6.278336445249377
2023-08-18,2816375963,Bsc,-128812912.0,-4.373672367616832,-313502088.0,-10.016431403767811
2023-08-19,2814826473,Bsc,-1549490.0,-0.05501715752287417,-300581494.0,-9.648222550109441
2023-08-20,2820910672,Bsc,6084199.0,0.21614827977354256,-295275757.0,-9.47554851828154
2023-08-21,2814033631,Bsc,-6877041.0,-0.2437879748643068,-300868362.0,-9.658999309645377
2023-08-22,2795406082,Bsc,-18627549.0,-0.6619518969068094,-321922383.0,-10.326867592376088
2023-08-23,2800893482,Bsc,5487400.0,0.1963006389423816,-257426393.0,-8.417248800699761
2023-08-24,2823980223,Bsc,23086741.0,0.8242634412328531,-121208652.0,-4.115479758492569
2023-08-25,2822498963,Bsc,-1481260.0,-0.05245291691265974,6123000.0,0.21740705361927848
2023-08-26,2815825262,Bsc,-6673701.0,-0.23644653505582314,998789.0,0.035483146459669435
2023-08-27,2806419708,Bsc,-9405554.0,-0.3340247751495551,-14490964.0,-0.5136980813974512
2023-08-28,2810495492,Bsc,4075784.0,0.14523073610057669,-3538139.0,-0.1257319372811705
2023-08-29,2814161016,Bsc,3665524.0,0.13042269629799375,18754934.0,0.6709198395455251
2023-08-30,2897109510,Bsc,82948494.0,2.9475390188547834,96216028.0,3.4351905425298757
2023-08-31,2853899036,Bsc,-43210474.0,-1.4915029566831994,29918813.0,1.0594554719726812
2023-09-01,2819993271,Bsc,-33905765.0,-1.188050613294367,-2505692.0,-0.0887756570630116
2023-09-02,2884155842,Bsc,64162571.0,2.2752739043681247,68330580.0,2.4266626527623014
2023-09-03,2883921916,Bsc,-233926.0,-0.008110726771193288,77502208.0,2.7616043237963073
2023-09-04,2890359678,Bsc,6437762.0,0.22322941423216225,79864186.0,2.8416407792622778
2023-09-05,2893048543,Bsc,2688865.0,0.09302873342948992,78887527.0,2.8032343050551356
2023-09-06,2879403340,Bsc,-13645203.0,-0.4716548235257134,-17706170.0,-0.6111667487502026
2023-09-07,2868317514,Bsc,-11085826.0,-0.385004276615164,14418478.0,0.5052203255308196
2023-09-08,2897041371,Bsc,28723857.0,1.0014183178745473,77048100.0,2.732208647174472
2023-09-09,2860344684,Bsc,-36696687.0,-1.2666953039518702,-23811158.0,-0.8255849997165332
2023-09-10,2848774995,Bsc,-11569689.0,-0.40448583223965384,-35146921.0,-1.2187195778431081
2023-09-11,2810248465,Bsc,-38526530.0,-1.3523893627127248,-80111213.0,-2.7716693396246606
2023-09-12,2742715717,Bsc,-67532748.0,-2.4030881554097716,-150332826.0,-5.196346475545466
2023-09-13,2785489288,Bsc,42773571.0,1.5595335212789108,-93914052.0,-3.2615802967013274
2023-09-14,2803692711,Bsc,18203423.0,0.6535089931388738,-64624803.0,-2.2530561098822566
2023-09-15,2793878100,Bsc,-9814611.0,-0.35006015322197603,-103163271.0,-3.560987151674333
2023-09-16,2816377805,Bsc,22499705.0,0.8053216423436593,-43966879.0,-1.5371182097716707
2023-09-17,2784585826,Bsc,-31791979.0,-1.1288250796309574,-64189169.0,-2.2532200371268685
2023-09-18,2791348692,Bsc,6762866.0,0.24286793162755504,-18899773.0,-0.6725303201971511
2023-09-19,2813182791,Bsc,21834099.0,0.78220607345032,70467074.0,2.5692445470461456
2023-09-20,2820471070,Bsc,7288279.0,0.2590759129949438,34981782.0,1.255857710553876
2023-09-21,2802365255,Bsc,-18105815.0,-0.6419429432403256,-1327456.0,-0.0473467008275108
2023-09-22,2756711105,Bsc,-45654150.0,-1.629129176453481,-37166995.0,-1.3303012396997604
2023-09-23,2768061075,Bsc,11349970.0,0.4117214161256877,-48316730.0,-1.7155628024841607
2023-09-24,2775343644,Bsc,7282569.0,0.26309278598557473,-9242182.0,-0.3319050866992357
2023-09-25,2753036237,Bsc,-22307407.0,-0.8037709869992637,-38312455.0,-1.372542782268782
2023-09-26,2774617133,Bsc,21580896.0,0.7838943676061749,-38565658.0,-1.3708905842656272
2023-09-27,2791091797,Bsc,16474664.0,0.5937635071901592,-29379273.0,-1.0416441888907557
2023-09-28,2800695212,Bsc,9603415.0,0.34407377823697516,-1670043.0,-0.05959405173969756
2023-09-29,2831205128,Bsc,30509916.0,1.0893693776200974,74494023.0,2.7022789172534534
2023-09-30,2809975187,Bsc,-21229941.0,-0.7498552750572762,41914112.0,1.5142047398646996
2023-10-01,2812162180,Bsc,2186993.0,0.07782961963926915,36818536.0,1.326629805991697
2023-10-02,2839984740,Bsc,27822560.0,0.9893654141952757,86948503.0,3.158276735752241
2023-10-03,2796730197,Bsc,-43254543.0,-1.5230554724741219,22113064.0,0.7969771301776118
2023-10-04,2759530675,Bsc,-37199522.0,-1.3301076392675748,-31561122.0,-1.130780507969087
2023-10-05,2786874838,Bsc,27344163.0,0.9908990411929386,-13820374.0,-0.49346226396876913
2023-10-06,2766395909,Bsc,-20478929.0,-0.7348349025497192,-64809219.0,-2.2891036173624757
2023-10-07,2773442836,Bsc,7046927.0,0.2547331340779557,-36532351.0,-1.300095145644431
2023-10-08,2764245056,Bsc,-9197780.0,-0.3316376267291532,-47917124.0,-1.703924629268716
2023-10-09,2746603569,Bsc,-17641487.0,-0.638202715121361,-93381171.0,-3.288087069087564
2023-10-10,2688329605,Bsc,-58273964.0,-2.121673642957389,-108400592.0,-3.8759760278728073
2023-10-11,2630687021,Bsc,-57642584.0,-2.1441784479399817,-128843654.0,-4.6690422819815165
2023-10-12,2591746822,Bsc,-38940199.0,-1.4802292590928467,-195128016.0,-7.001678487292007
2023-10-13,2571811591,Bsc,-19935231.0,-0.7691812653450647,-194584318.0,-7.03385648333823
2023-10-14,2628865334,Bsc,57053743.0,2.2184262330747107,-144577502.0,-5.212925253888301
2023-10-15,2634497614,Bsc,5632280.0,0.21424756632284492,-129747442.0,-4.693774950175767
2023-10-16,2660649864,Bsc,26152250.0,0.9926845202297363,-85953705.0,-3.1294543548304854
2023-10-17,2651300701,Bsc,-9349163.0,-0.3513864460896965,-37028904.0,-1.377394495493789
2023-10-18,2621227927,Bsc,-30072774.0,-1.1342649284804773,-9459094.0,-0.359567440919073
2023-10-19,2612693645,Bsc,-8534282.0,-0.32558336160287693,20946823.0,0.8082125469275558
2023-10-20,2619413431,Bsc,6719786.0,0.25719762486733355,47601840.0,1.8509069702687952
2023-10-21,2637520884,Bsc,18107453.0,0.6912789247280893,8655550.0,0.3292504141636732
2023-10-22,2668606958,Bsc,31086074.0,1.1786095870776725,34109344.0,1.2947191076863929
2023-10-23,2696471677,Bsc,27864719.0,1.0441672167745386,35821813.0,1.3463557713732976
2023-10-24,2827522998,Bsc,131051321.0,4.860103746604261,176222297.0,6.646635628072417
2023-10-25,2781179601,Bsc,-46343397.0,-1.6390104353803725,159951674.0,6.102165796129944
2023-10-26,2773348550,Bsc,-7831051.0,-0.2815730058276067,160654905.0,6.1490142676103865
2023-10-27,2763793894,Bsc,-9554656.0,-0.3445169558655037,144380463.0,5.511938714648812
2023-10-28,2768052274,Bsc,4258380.0,0.15407733584058558,130531390.0,4.949018253915738
2023-10-29,2758951220,Bsc,-9101054.0,-0.3287890942481497,90344262.0,3.3854465427801017
2023-10-30,2794763674,Bsc,35812454.0,1.2980459292063928,98291997.0,3.645207840987097
2023-10-31,2781170443,Bsc,-13593231.0,-0.48638212692040383,-46352555.0,-1.6393343231084878
2023-11-01,2770566701,Bsc,-10603742.0,-0.3812690454369272,-10612900.0,-0.38159707471548954
2023-11-02,2788441432,Bsc,17874731.0,0.6451651567727312,15092882.0,0.5442115092241018
2023-11-03,2786210384,Bsc,-2231048.0,-0.08001057416506807,22416490.0,0.8110767611385405
2023-11-04,2828588442,Bsc,42378058.0,1.5209927521395716,60536168.0,2.186958988044019
2023-11-05,2892451958,Bsc,63863516.0,2.257787490457397,133500738.0,4.838821978157348
2023-11-06,2890722448,Bsc,-1729510.0,-0.05979390583191746,95958774.0,3.4335201538761684
2023-11-07,2946600531,Bsc,55878083.0,1.933014462826077,165430088.0,5.948218255244853
2023-11-08,2914130519,Bsc,-32470012.0,-1.1019482165429584,143563818.0,5.181749204889474
2023-11-09,2927560092,Bsc,13429573.0,0.4608432227877213,139118660.0,4.989118953817062
2023-11-10,2991815444,Bsc,64255352.0,2.1948431451701778,205605060.0,7.37938029305687
2023-11-11,2984708094,Bsc,-7107350.0,-0.23755977375722326,156119652.0,5.519348438319049
2023-11-12,2982492386,Bsc,-2215708.0,-0.07423533324595333,90040428.0,3.112944633391912
2023-11-13,2968072792,Bsc,-14419594.0,-0.48347462906146443,77350344.0,2.675813586099074
2023-11-14,2909638060,Bsc,-58434732.0,-1.968776916708448,-36962471.0,-1.2544106542822009
2023-11-15,2923748005,Bsc,14109945.0,0.4849381506921935,9617486.0,0.330029349656602
2023-11-16,3008435680,Bsc,84687675.0,2.8965449435167656,80875588.0,2.7625594508206675
2023-11-17,2905044763,Bsc,-103390917.0,-3.4367002654349554,-86770681.0,-2.9002685033268416
2023-11-18,2913391295,Bsc,8346532.0,0.28731164856063973,-71316799.0,-2.389406158121943
2023-11-19,2917017225,Bsc,3625930.0,0.12445736369923743,-65475161.0,-2.1953169539457806
2023-11-20,2944199389,Bsc,27182164.0,0.9318479084400977,-23873403.0,-0.8043402124215837
2023-11-21,2978551155,Bsc,34351766.0,1.1667608562226928,68913095.0,2.3684421766190455
2023-11-22,2772072334,Bsc,-206478821.0,-6.932189855238525,-151675671.0,-5.187713535524074
2023-11-23,2859143553,Bsc,87071219.0,3.1410154032438076,-149292127.0,-4.962450352270786
2023-11-24,2835201609,Bsc,-23941944.0,-0.8373816688874713,-69843154.0,-2.4042023341448893
2023-11-25,2848397069,Bsc,13195460.0,0.4654152268435796,-64994226.0,-2.2308787052238377
2023-11-26,2866846509,Bsc,18449440.0,0.647713066439759,-50170716.0,-1.719932113187983
2023-11-27,2889239705,Bsc,22393196.0,0.7811089965821472,-54959684.0,-1.866710665226623
2023-11-28,2927235205,Bsc,37995500.0,1.3150691489614674,-51315950.0,-1.7228493764109953
2023-11-29,2934720277,Bsc,7485072.0,0.2557044950544096,162647943.0,5.867377304880961
2023-11-30,2916424909,Bsc,-18295368.0,-0.6234109650376074,57281356.0,2.0034445608684726
2023-12-01,2908698918,Bsc,-7725991.0,-0.2649130782060527,73497309.0,2.5923133214474703
2023-12-02,2930824652,Bsc,22125734.0,0.7606746048234303,82427583.0,2.8938234734575907
2023-12-03,2974774833,Bsc,43950181.0,1.4995841177331437,107928324.0,3.764705353466824
2023-12-04,2961758802,Bsc,-13016031.0,-0.4375467633922936,72519097.0,2.5099716328313537
2023-12-05,2998102879,Bsc,36344077.0,1.2271113020904334,70867674.0,2.4209764175748827
2023-12-06,3021733480,Bsc,23630601.0,0.7881851275191032,87013203.0,2.9649572970187332
2023-12-07,3007695387,Bsc,-14038093.0,-0.4645708528867365,91270478.0,3.1295329332273303
2023-12-08,3046041036,Bsc,38345649.0,1.274917970940126,137342118.0,4.721771550506015
2023-12-09,3107744081,Bsc,61703045.0,2.0256800309239154,176919429.0,6.036506785872353
2023-12-10,3073733546,Bsc,-34010535.0,-1.094380171389664,98958713.0,3.3265950720781756
2023-12-11,3015212541,Bsc,-58521005.0,-1.9039062470511237,53453739.0,1.804797168625072
2023-12-12,3079551497,Bsc,64338956.0,2.1338116343420976,81448618.0,2.716671885094435
2023-12-13,3087529323,Bsc,7977826.0,0.25905804815318234,65795843.0,2.1774204586699764
2023-12-14,3055973778,Bsc,-31555545.0,-1.02203223674453,48278391.0,1.6051622517583075
2023-12-15,3054519320,Bsc,-1454458.0,-0.04759392932199846,8478284.0,0.2783378129118441
2023-12-16,2985622557,Bsc,-68896763.0,-2.255568087223625,-122121524.0,-3.929587534141621
2023-12-17,2998973442,Bsc,13350885.0,0.4471725660263992,-74760104.0,-2.4322246180801477
2023-12-18,2969731993,Bsc,-29241449.0,-0.9750486146519188,-45480548.0,-1.50836955543161
2023-12-19,3043301739,Bsc,73569746.0,2.477319373378206,-36249758.0,-1.1771116032744833
2023-12-20,2985508965,Bsc,-57792774.0,-1.8990155744132764,-102020358.0,-3.304271711365381
2023-12-21,3083090136,Bsc,97581171.0,3.2684936519693286,27116358.0,0.8873229932537807
2023-12-22,3171630810,Bsc,88540674.0,2.8718159409660604,117111490.0,3.8340399169581874
2023-12-23,3183230144,Bsc,11599334.0,0.3657214441046497,197607587.0,6.618639269612148
2023-12-24,3184046007,Bsc,815863.0,0.02563003499882477,185072565.0,6.1711971972841395
2023-12-25,3133097677,Bsc,-50948330.0,-1.6001128717359037,163365684.0,5.501024482514638
2023-12-26,3166117021,Bsc,33019344.0,1.0538881134282585,122815282.0,4.035593330300391
2023-12-27,3441687538,Bsc,275570517.0,8.703737580519455,456178573.0,15.27975894053295
2023-12-28,3509276433,Bsc,67588895.0,1.9638300761979366,426186297.0,13.823348595086294
2023-12-29,3494365384,Bsc,-14911049.0,-0.4249038023844909,322734574.0,10.175666505144076
2023-12-30,3447972039,Bsc,-46393345.0,-1.3276615322606489,264741895.0,8.316768911572602
2023-12-31,3472308515,Bsc,24336476.0,0.7058199928749564,288262508.0,9.053339912999569
2024-01-01,3440840212,Bsc,-31468303.0,-0.9062646036220645,307742535.0,9.822308996592444
2024-01-02,3518175709,Bsc,77335497.0,2.2475759475924173,352058688.0,11.119572828953883
2024-01-03,3495698689,Bsc,-22477020.0,-0.6388828148207737,54011151.0,1.5693217470690746
2024-01-04,3537816544,Bsc,42117855.0,1.2048479788184574,28540111.0,0.8132762278747485
2024-01-05,3537217968,Bsc,-598576.0,-0.01691936233989555,42852584.0,1.2263338057380446
2024-01-06,3420097567,Bsc,-117120401.0,-3.3110880375353813,-27874472.0,-0.8084309177891269
2024-01-07,3378868347,Bsc,-41229220.0,-1.205498357643786,-93440168.0,-2.691009960559332
2024-01-08,3356587785,Bsc,-22280562.0,-0.6594090006431408,-84252427.0,-2.4486003943504198
2024-01-09,3454142349,Bsc,97554564.0,2.9063611693981084,-64033360.0,-1.8200728245662545
2024-01-10,3521487448,Bsc,67345099.0,1.9496908985090489,25788759.0,0.7377283139748281
2024-01-11,3574328988,Bsc,52841540.0,1.5005460272195847,36512444.0,1.0320615426462343
2024-01-12,3610976487,Bsc,36647499.0,1.0252973109927899,73758519.0,2.085212719919105
2024-01-13,3483147044,Bsc,-127829443.0,-3.5400242416477434,63049477.0,1.8434993670459754
2024-01-14,3535307427,Bsc,52160383.0,1.4975073501375835,156439080.0,4.629925286639169
2024-01-15,3555970139,Bsc,20662712.0,0.5844671906661825,199382354.0,5.9400309710654575
2024-01-16,3468582145,Bsc,-87387994.0,-2.4575007827420947,14439796.0,0.41804287551092667
2024-01-17,3513355865,Bsc,44773720.0,1.2908363742961004,-8131583.0,-0.23091330354217954
2024-01-18,3624254774,Bsc,110898909.0,3.1564951932359975,49925786.0,1.396787653504039
2024-01-19,3441776659,Bsc,-182478115.0,-5.034914110042088,-169199828.0,-4.685708384121079
2024-01-20,3421983056,Bsc,-19793603.0,-0.5750984146005278,-61163988.0,-1.7559978728247994
2024-01-21,3440220064,Bsc,18237008.0,0.5329368293634174,-95087363.0,-2.6896490606105328
2024-01-22,3440136147,Bsc,-83917.0,-0.002439291627831519,-115833992.0,-3.257451200998396
2024-01-23,3324813541,Bsc,-115322606.0,-3.352268662406521,-143768604.0,-4.144881049083526
2024-01-24,3281227740,Bsc,-43585801.0,-1.310924671790492,-232128125.0,-6.607020009343689
2024-01-25,3366189654,Bsc,84961914.0,2.5893330403210513,-258065120.0,-7.120501622880671
2024-01-26,3404034291,Bsc,37844637.0,1.1242574212962042,-37742368.0,-1.0965955010853623
2024-01-27,3525037866,Bsc,121003575.0,3.5547108124005744,103054810.0,3.0115523166985625
2024-01-28,3574068536,Bsc,49030670.0,1.3909260514025856,133848472.0,3.8906950575822163
2024-01-29,3565361419,Bsc,-8707117.0,-0.2436191951076805,125225272.0,3.6401254673947614
2024-01-30,3606638804,Bsc,41277385.0,1.1577335408418987,281825263.0,8.476423099360808
2024-01-31,3570182811,Bsc,-36455993.0,-1.0108024390900416,288955071.0,8.806309524860968
2024-02-01,3496366280,Bsc,-73816531.0,-2.0675840680361213,130176626.0,3.8671803843646435
2024-02-02,3504180158,Bsc,7813878.0,0.22348568125418744,100145867.0,2.9419758568466126
2024-02-03,3524521079,Bsc,20340921.0,0.5804758911599261,-516787.0,-0.014660466628868551
2024-02-04,3494871596,Bsc,-29649483.0,-0.8412343786694643,-79196940.0,-2.2158763661716208
2024-02-05,3552952309,Bsc,58080713.0,1.6618840322052186,-12409110.0,-0.3480463420586499
2024-02-06,3540326355,Bsc,-12625954.0,-0.35536514149140386,-66312449.0,-1.838621847201749
2024-02-07,3582678167,Bsc,42351812.0,1.1962685852445976,12495356.0,0.34999204974885956
2024-02-08,3639071844,Bsc,56393677.0,1.5740648300325066,142705564.0,4.081539306001991
2024-02-09,3528935801,Bsc,-110136043.0,-3.026487184681148,24755643.0,0.7064603383328594
2024-02-10,3585175919,Bsc,56240118.0,1.593684928585648,60654840.0,1.7209384946339723
2024-02-11,3589985887,Bsc,4809968.0,0.13416267733221687,95114291.0,2.7215389288940184
2024-02-12,3586246682,Bsc,-3739205.0,-0.10415653759365817,33294373.0,0.9370903435900857
2024-02-13,3669387251,Bsc,83140569.0,2.3183170699689226,129060896.0,3.6454519459124812
2024-02-14,3631011092,Bsc,-38376159.0,-1.0458465235453573,48332925.0,1.3490724744743776
2024-02-15,3724240796,Bsc,93229704.0,2.5675962325041546,85168952.0,2.34040314813857
2024-02-16,3824122763,Bsc,99881967.0,2.681941702246471,295186962.0,8.364758631096446
2024-02-17,3863860933,Bsc,39738170.0,1.0391447258043973,278685014.0,7.773259117441933
2024-02-18,3816447783,Bsc,-47413150.0,-1.2270925590271542,226461896.0,6.308155606406696
2024-02-19,3950462092,Bsc,134014309.0,3.5114933210131705,364215410.0,10.155893955317152
2024-02-20,4013861147,Bsc,63399055.0,1.6048516230136256,344473896.0,9.387777098373085
2024-02-21,4179168400,Bsc,165307253.0,4.118409853902194,548157308.0,15.096547328310939
2024-02-22,4100561842,Bsc,-78606558.0,-1.8809138679360182,376321046.0,10.104637874226219
2024-02-23,4096193166,Bsc,-4368676.0,-0.10653847370996061,272070403.0,7.114583392363749
2024-02-24,4065885811,Bsc,-30307355.0,-0.7398907661768206,202024878.0,5.228575290445114
2024-02-25,4068983943,Bsc,3098132.0,0.07619820486886031,252536160.0,6.6170474315120575
2024-02-26,4115307226,Bsc,46323283.0,1.1384484099449699,164845134.0,4.172806374571336
2024-02-27,4235375545,Bsc,120068319.0,2.9176028035385437,221514398.0,5.518735947444564
2024-02-28,4238319401,Bsc,2943856.0,0.06950637478830846,59151001.0,1.4153773032931527
2024-02-29,4450553437,Bsc,212234036.0,5.007504529977735,349991595.0,8.535210746371668
2024-03-01,4559974840,Bsc,109421403.0,2.4586021614821485,463781674.0,11.322260821329632
2024-03-02,4643450802,Bsc,83475962.0,1.8306233022987506,577564991.0,14.205145393838503
2024-03-03,4622086961,Bsc,-21363841.0,-0.46008543884643593,553103018.0,13.593148209678251
2024-03-04,4681541537,Bsc,59454576.0,1.286314526352772,566234311.0,13.759223307134928
2024-03-05,4739404635,Bsc,57863098.0,1.2359838643465126,504029090.0,11.900458050172746
2024-03-06,4548971714,Bsc,-190432921.0,-4.0180768612511635,310652313.0,7.329610716141488
2024-03-07,4812772096,Bsc,263800382.0,5.79912117694914,362218659.0,8.138732949225336
2024-03-08,4824640271,Bsc,11868175.0,0.24659748609048293,264665431.0,5.804098493666254
2024-03-09,4946728290,Bsc,122088019.0,2.530510300091149,303277488.0,6.531295386383196
2024-03-10,5015566043,Bsc,68837753.0,1.3915814446319619,393479082.0,8.513017719486381
2024-03-11,5196041201,Bsc,180475158.0,3.5983008986967935,514499664.0,10.989962599577808
2024-03-12,5296283768,Bsc,100242567.0,1.9292103954200446,556879133.0,11.749980765252799
2024-03-13,5417758902,Bsc,121475134.0,2.293591871605316,868787188.0,19.09854012339105
2024-03-14,5843810375,Bsc,426051473.0,7.863979935369958,1031038279.0,21.42296078920749
2024-03-15,5665502150,Bsc,-178308225.0,-3.051232219354827,840861879.0,17.428488587102798
2024-03-16,5656347819,Bsc,-9154331.0,-0.16158022285809315,709619529.0,14.345229561820139
2024-03-17,5339183508,Bsc,-317164311.0,-5.607227864146314,323617465.0,6.452262062258329
2024-03-18,5442800707,Bsc,103617199.0,1.9406937192689488,246759506.0,4.748990557513477
2024-03-19,5457219534,Bsc,14418827.0,0.26491557887571293,160935766.0,3.0386545179540647
2024-03-20,5042923317,Bsc,-414296217.0,-7.591708825690791,-374835585.0,-6.918646469513934
2024-03-21,5323550041,Bsc,280626724.0,5.564762863912498,-520260334.0,-8.902758655990784
2024-03-22,5444534272,Bsc,120984231.0,2.272623156882614,-220967878.0,-3.900234650868506
2024-03-23,5308368447,Bsc,-136165825.0,-2.50096368573286,-347979372.0,-6.152015101177422
2024-03-24,5372536195,Bsc,64167748.0,1.2088035832603872,33352687.0,0.624677667475293
2024-03-25,5518251867,Bsc,145715672.0,2.7122324859460534,75451160.0,1.3862561585795685
2024-03-26,5690703141,Bsc,172451274.0,3.1251069751144334,233483607.0,4.278435301078365
2024-03-27,5645160442,Bsc,-45542699.0,-0.8003000309729225,602237125.0,11.942222539252633
2024-03-28,5576754536,Bsc,-68405906.0,-1.211761945525236,253204495.0,4.756309099189693
2024-03-29,5678837333,Bsc,102082797.0,1.8305054730492154,234303061.0,4.303454607769974
2024-03-30,5761292890,Bsc,82455557.0,1.4519795543507907,452924443.0,8.532272157106346
2024-03-31,5642064637,Bsc,-119228253.0,-2.0694704344392356,269528442.0,5.016782246173412
2024-04-01,5679727914,Bsc,37663277.0,0.6675442311137036,161476047.0,2.926217412540577
2024-04-02,5510888615,Bsc,-168839299.0,-2.972665267711627,-179814526.0,-3.1597945200213307
2024-04-03,5476769488,Bsc,-34119127.0,-0.6191220578679713,-168390954.0,-2.98292591911421
2024-04-04,5542084008,Bsc,65314520.0,1.1925738365127225,-34670528.0,-0.6216972214966421
2024-04-05,5674285935,Bsc,132201927.0,2.385419037480596,-4551398.0,-0.08014665208935234
2024-04-06,5345012571,Bsc,-329273364.0,-5.8029039736785855,-416280319.0,-7.225467042693601
2024-04-07,5409523486,Bsc,64510915.0,1.2069366375303092,-232541151.0,-4.121561271649076
2024-04-08,5422098737,Bsc,12575251.0,0.2324650411916096,-257629177.0,-4.53594222999606
2024-04-09,5542445245,Bsc,120346508.0,2.21955581846498,31556630.0,0.5726232592345726
2024-04-10,5651205030,Bsc,108759785.0,1.9623068914955022,174435542.0,3.1850079208592064
2024-04-11,5782023102,Bsc,130818072.0,2.3148703914570135,239939094.0,4.329401966004998
2024-04-12,5730034527,Bsc,-51988575.0,-0.8991415994518803,55748592.0,0.9824776657117784
2024-04-13,5491147750,Bsc,-238886777.0,-4.169028578699874,146135179.0,2.7340474331692732
2024-04-14,4836373794,Bsc,-654773956.0,-11.924172974584412,-573149692.0,-10.595197404786717
2024-04-15,4954607334,Bsc,118233540.0,2.444673324189295,-467491403.0,-8.621964034145545
2024-04-16,4843510728,Bsc,-111096606.0,-2.242288813436777,-698934517.0,-12.610580458697884
2024-04-17,4782717291,Bsc,-60793437.0,-1.2551523143854548,-868487739.0,-15.3681866856634
2024-04-18,4930487906,Bsc,147770615.0,3.0896790675474683,-851535196.0,-14.727288026667596
2024-04-19,5026386817,Bsc,95898911.0,1.9450186843232853,-703647710.0,-12.279990751964975
2024-04-20,5054987746,Bsc,28600929.0,0.5690156774895927,-436160004.0,-7.942966094838733
2024-04-21,5110864931,Bsc,55877185.0,1.1053871504281165,274491137.0,5.675556702017803
2024-04-22,5140934166,Bsc,30069235.0,0.5883394573316769,186326832.0,3.760678080811153
2024-04-23,5241576870,Bsc,100642704.0,1.9576734645934346,398066142.0,8.218545686268586
2024-04-24,5259052012,Bsc,17475142.0,0.3333947480579358,476334721.0,9.959499841154207
2024-04-25,4979552791,Bsc,-279499221.0,-5.314631237003253,49064885.0,0.9951324480543144
2024-04-26,5016913203,Bsc,37360412.0,0.75027645188388,-9473614.0,-0.18847761513218764
2024-04-27,4956665662,Bsc,-60247541.0,-1.2008886453122924,-98322084.0,-1.9450508871718286
2024-04-28,4932004167,Bsc,-24661495.0,-0.4975420309073053,-178860764.0,-3.4996182919082464
2024-04-29,5009264313,Bsc,77260146.0,1.5665060973984346,-131669853.0,-2.5612048073054394
2024-04-30,4918968432,Bsc,-90295881.0,-1.8025776912123592,-322608438.0,-6.154797420723512
2024-05-01,4816193313,Bsc,-102775119.0,-2.0893632561535425,-442858699.0,-8.420884562265096
2024-05-02,4721237462,Bsc,-94955851.0,-1.9715955076739289,-258315329.0,-5.187520643758948
2024-05-03,4800911021,Bsc,79673559.0,1.6875566976088718,-216002182.0,-4.305479749397212
2024-05-04,4998307417,Bsc,197396396.0,4.111644542807702,41641755.0,0.8401162765373504
2024-05-05,5033783286,Bsc,35475869.0,0.709757644744724,101779119.0,2.06364624914559
2024-05-06,5033189983,Bsc,-593303.0,-0.011786423178961059,23925670.0,0.4776284201635894
2024-05-07,5020501630,Bsc,-12688353.0,-0.2520936631213222,101533198.0,2.0641156657864146
2024-05-08,4935821280,Bsc,-84680350.0,-1.6866910169691551,119627967.0,2.483869712561093
2024-05-09,4896168789,Bsc,-39652491.0,-0.8033615633668112,174931327.0,3.705200774330386
2024-05-10,4972029338,Bsc,75860549.0,1.5493859029213297,171118317.0,3.5642884496609017
2024-05-11,4849360164,Bsc,-122669174.0,-2.4671852408928774,-148947253.0,-2.979953823836601
2024-05-12,4893626815,Bsc,44266651.0,0.9128348793026486,-140156471.0,-2.7843167462096474
2024-05-13,4885513060,Bsc,-8113755.0,-0.1658024877403741,-147676923.0,-2.934062165322404
2024-05-14,4795393066,Bsc,-90119994.0,-1.8446372549457468,-225108564.0,-4.483786294478309
2024-05-15,4641322616,Bsc,-154070450.0,-3.2128846974480707,-294498664.0,-5.966558497434093
2024-05-16,4857525471,Bsc,216202855.0,4.658216480248223,-38643318.0,-0.7892562463699848
2024-05-17,4800793949,Bsc,-56731522.0,-1.167909923245769,-171235389.0,-3.44397382556233
2024-05-18,4923966338,Bsc,123172389.0,2.565667060667254,74606174.0,1.5384745920472342
2024-05-19,4960584256,Bsc,36617918.0,0.7436671066860523,66957441.0,1.368258012539103
2024-05-20,4921286028,Bsc,-39298228.0,-0.7922096666832634,35772968.0,0.7322254093002023
2024-05-21,5128298858,Bsc,207012830.0,4.206478323393226,332905792.0,6.9422003038780655
2024-05-22,5223322074,Bsc,95023216.0,1.85291884562786,581999458.0,12.539517421040225
2024-05-23,5217657657,Bsc,-5664417.0,-0.10844472004121197,360132186.0,7.413902163766961
2024-05-24,5099751030,Bsc,-117906627.0,-2.2597616545772525,298957081.0,6.227242497301355
2024-05-25,5213608133,Bsc,113857103.0,2.2326012060239764,289641795.0,5.8822862529487985
2024-05-26,5216442780,Bsc,2834647.0,0.054370158394867474,255858524.0,5.157830424723264
2024-05-27,5218170887,Bsc,1728107.0,0.03312807353366143,296884859.0,6.03266823571833
2024-05-28,5263629300,Bsc,45458413.0,0.8711560810177765,135330442.0,2.638895387090945
2024-05-29,5241095739,Bsc,-22533561.0,-0.42809931542860946,17773665.0,0.34027511128351673
2024-05-30,5167066657,Bsc,-74029082.0,-1.4124733774492082,-50591000.0,-0.9696113337778534
2024-05-31,5021433955,Bsc,-145632702.0,-2.8184792584919793,-78317075.0,-1.535703891019169
2024-06-01,4967674639,Bsc,-53759316.0,-1.0705968948664601,-245933494.0,-4.717145741033779
2024-06-02,5021436382,Bsc,53761743.0,1.082231565206171,-195006398.0,-3.7383022535521837
2024-06-03,4984223213,Bsc,-37213169.0,-0.7410861388863821,-233947674.0,-4.48332718621447
2024-06-04,5086150494,Bsc,101927281.0,2.0449983205838462,-177478806.0,-3.3717953124092537
2024-06-05,5363940326,Bsc,277789832.0,5.461691161669346,122844587.0,2.3438722190455286
2024-06-06,5444328483,Bsc,80388157.0,1.4986773176864698,277261826.0,5.365942504813326
2024-06-07,5489944552,Bsc,45616069.0,0.8378640110058955,468510597.0,9.330215257207342
2024-06-08,5300818666,Bsc,-189125886.0,-3.4449507496592258,333144027.0,6.706236845395774
2024-06-09,5286687808,Bsc,-14130858.0,-0.26657878509666055,265251426.0,5.282381490499977
2024-06-10,5253144516,Bsc,-33543292.0,-0.6344859620657228,268921303.0,5.395450635087751
2024-06-11,5089553811,Bsc,-163590705.0,-3.114148192606092,3403317.0,0.06691341524429628
2024-06-12,4991476017,Bsc,-98077794.0,-1.92704110501839,-372464309.0,-6.943856313885477
2024-06-13,5050536969,Bsc,59060952.0,1.183236217079875,-393791514.0,-7.233059416411414
2024-06-14,4902128480,Bsc,-148408489.0,-2.9384695114781922,-587816072.0,-10.707140417034944
2024-06-15,4872902717,Bsc,-29225763.0,-0.5961851697530385,-427915949.0,-8.07263888773817
2024-06-16,4890242597,Bsc,17339880.0,0.3558429340176694,-396445211.0,-7.498933649913752
2024-06-17,4967356397,Bsc,77113800.0,1.5768910942640435,-285788119.0,-5.440324707031152
2024-06-18,4865188718,Bsc,-102167679.0,-2.0567817332717175,-224365093.0,-4.408345040287854
2024-06-19,4763353636,Bsc,-101835082.0,-2.093137345797813,-228122381.0,-4.570238947819427
2024-06-20,4803471625,Bsc,40117989.0,0.8422215116845377,-247065344.0,-4.89186289530158
2024-06-21,4786714691,Bsc,-16756934.0,-0.34885048373737293,-115413789.0,-2.3543607531069877
2024-06-22,4737513437,Bsc,-49201254.0,-1.0278710384077905,-135389280.0,-2.7784113055996373
2024-06-23,4753742534,Bsc,16229097.0,0.3425657196716392,-136500063.0,-2.7912738538521276
2024-06-24,4693193140,Bsc,-60549394.0,-1.2737205174014998,-274163257.0,-5.519299101743114
2024-06-25,4582774619,Bsc,-110418521.0,-2.3527376288630664,-282414099.0,-5.8047922777412
2024-06-26,4701482938,Bsc,118708319.0,2.5903154501170533,-61870698.0,-1.2988894532709017
2024-06-27,4655875978,Bsc,-45606960.0,-0.9700547806178128,-147595647.0,-3.0726869756412922
2024-06-28,4699771180,Bsc,43895202.0,0.9427914791419356,-86943511.0,-1.8163503908739664
2024-06-29,4621987045,Bsc,-77784135.0,-1.6550621726226233,-115526392.0,-2.4385448935667076
2024-06-30,4681619667,Bsc,59632622.0,1.2901944860384207,-72122867.0,-1.5171807577747165
2024-07-01,4712783619,Bsc,31163952.0,0.665666034762924,19590479.0,0.4174232428883151
2024-07-02,4740905304,Bsc,28121685.0,0.5967107186212628,158130685.0,3.4505446622750346
2024-07-03,4717221634,Bsc,-23683670.0,-0.4995600730522409,15738696.0,0.3347602492139501
2024-07-04,4556450354,Bsc,-160771280.0,-3.40817736527832,-99425624.0,-2.1354869517531627
2024-07-05,4356440965,Bsc,-200009389.0,-4.389587803242856,-343330215.0,-7.30525384855013
2024-07-06,4184729049,Bsc,-171711916.0,-3.941564166243672,-437257996.0,-9.460389908989885
2024-07-07,4361137434,Bsc,176408385.0,4.215527049287826,-320482233.0,-6.845541837988867
2024-07-08,4181721120,Bsc,-179416314.0,-4.1139798209808065,-531062499.0,-11.268552556900236
2024-07-09,4268800234,Bsc,87079114.0,2.0823749719589113,-472105070.0,-9.958120648427105
2024-07-10,4317011662,Bsc,48211428.0,1.129390586516732,-400209972.0,-8.484018836754114
2024-07-11,4365619553,Bsc,48607891.0,1.1259615401984169,-190830801.0,-4.1881461702413585
2024-07-12,4284412411,Bsc,-81207142.0,-1.8601516008007524,-72028554.0,-1.6533806971948728
2024-07-13,4309508055,Bsc,25095644.0,0.5857429582541762,124779006.0,2.9817702541534263
2024-07-14,4326358872,Bsc,16850817.0,0.3910148626001364,-34778562.0,-0.7974653981060453
2024-07-15,4451041668,Bsc,124682796.0,2.8819337389448085,269320548.0,6.440423458941713
2024-07-16,4652012895,Bsc,200971227.0,4.515150429726322,383212661.0,8.977057720991489
2024-07-17,4635332574,Bsc,-16680321.0,-0.3585613663695586,318320912.0,7.373640307761575
2024-07-18,4596977530,Bsc,-38355044.0,-0.8274496681238586,231357977.0,5.299545097579883
2024-07-19,4580320885,Bsc,-16656645.0,-0.3623390562885742,295908474.0,6.90662909201436
2024-07-20,4724353817,Bsc,144032932.0,3.144603524868539,414845762.0,9.626290442100128
2024-07-21,4737177760,Bsc,12823943.0,0.2714433231874924,410818888.0,9.495719152167448
2024-07-22,4775028952,Bsc,37851192.0,0.7990241007970855,323987284.0,7.278909256888144
2024-07-23,4713219484,Bsc,-61809468.0,-1.2944312719635254,61206589.0,1.3157011896030024
2024-07-24,4637598367,Bsc,-75621117.0,-1.604447177915469,2265793.0,0.04888091552932572
2024-07-25,4573256838,Bsc,-64341529.0,-1.3873889868911138,-23720692.0,-0.5160062637939444
2024-07-26,4547982167,Bsc,-25274671.0,-0.5526624000206648,-32338718.0,-0.7060360793914144
2024-07-27,4622465228,Bsc,74483061.0,1.637716645866516,-101888589.0,-2.156667196122497
2024-07-28,4663865291,Bsc,41400063.0,0.8956273537597204,-73312469.0,-1.5475980154056934
2024-07-29,4646554085,Bsc,-17311206.0,-0.3711772300414862,-128474867.0,-2.690556817381995
2024-07-30,4634012100,Bsc,-12541985.0,-0.2699201337285184,-79207384.0,-1.6805367173942543
2024-07-31,4619560705,Bsc,-14451395.0,-0.3118549258859349,-18037662.0,-0.3889440303488034
2024-08-01,4592967258,Bsc,-26593447.0,-0.5756704738443252,19710420.0,0.4309930690142405
2024-08-02,4622139110,Bsc,29171852.0,0.6351417365144219,74156943.0,1.6305460372751712
2024-08-03,4375952376,Bsc,-246186734.0,-5.326251074256394,-246512852.0,-5.332930370287691
2024-08-04,4313161385,Bsc,-62790991.0,-1.4349102916288214,-350703906.0,-7.519597675275136
2024-08-05,4163599967,Bsc,-149561418.0,-3.4675590512363796,-482954118.0,-10.393812471893348
2024-08-06,3836588870,Bsc,-327011097.0,-7.854046968773066,-797423230.0,-17.208052391576622
2024-08-07,3947467436,Bsc,110878566.0,2.890029913473624,-672093269.0,-14.548856740264437
2024-08-08,3849044842,Bsc,-98422594.0,-2.4933098396812237,-743922416.0,-16.1969893145709
2024-08-09,4116195448,Bsc,267150606.0,6.940698717897664,-505943662.0,-10.946093355463727
2024-08-10,4131503155,Bsc,15307707.0,0.37188970235702,-244449221.0,-5.586194729647575
2024-08-11,4191732809,Bsc,60229654.0,1.457814546918823,-121428576.0,-2.8153033276773654
2024-08-12,4070754077,Bsc,-120978732.0,-2.886126991211091,-92845890.0,-2.229942615426095
2024-08-13,4119522399,Bsc,48768322.0,1.1980169049155664,282933529.0,7.374611629939909
2024-08-14,4191950487,Bsc,72428088.0,1.7581671122259612,244483051.0,6.193415271025926
2024-08-15,4146479679,Bsc,-45470808.0,-1.0847172012411255,297434837.0,7.727497319710364
2024-08-16,4040188757,Bsc,-106290922.0,-2.56340149303792,-76006691.0,-1.8465277453462603
2024-08-17,4085945021,Bsc,45756264.0,1.132527878078049,-45558134.0,-1.1027011789852992
2024-08-18,4147919953,Bsc,61974932.0,1.516783306713032,-43812856.0,-1.045220628231125
2024-08-19,4127734017,Bsc,-20185936.0,-0.48665201423186977,56979940.0,1.3997391864553954
2024-08-20,4204622511,Bsc,76888494.0,1.8627288891032157,85100112.0,2.065776169117517
2024-08-21,4251671322,Bsc,47048811.0,1.1189782406604287,59720835.0,1.4246550665425461
2024-08-22,4292692830,Bsc,41021508.0,0.9648325303919236,146213151.0,3.5261996276142904
2024-08-23,4326207590,Bsc,33514760.0,0.7807397670240412,286018833.0,7.079343322869414
2024-08-24,4539342878,Bsc,213135288.0,4.926607971671548,453397857.0,11.096523684722381
2024-08-25,4510852706,Bsc,-28490172.0,-0.627627671354769,362932753.0,8.749753059663256
2024-08-26,4522337368,Bsc,11484662.0,0.2546006874647899,394603351.0,9.559805679698187
2024-08-27,4331215169,Bsc,-191122199.0,-4.2261818048423,126592658.0,3.010797227784723
2024-08-28,4139273743,Bsc,-191941426.0,-4.431583712898657,-112397579.0,-2.6436093123757276
2024-08-29,4140706013,Bsc,1432270.0,0.034601963748404074,-151986817.0,-3.540593818822113
2024-08-30,4137178549,Bsc,-3527464.0,-0.08518991662110897,-189029041.0,-4.369393679511346
2024-08-31,4129130557,Bsc,-8047992.0,-0.19452851513854785,-410212321.0,-9.036821672760187
2024-09-01,4123380323,Bsc,-5750234.0,-0.13926016435231725,-387472383.0,-8.589781317501522
2024-09-02,4056663627,Bsc,-66716696.0,-1.6180097583494257,-465673741.0,-10.297191542919848
2024-09-03,4140309335,Bsc,83645708.0,2.06193354172326,-190905834.0,-4.407673748613994
2024-09-04,4092160604,Bsc,-48148731.0,-1.1629259338903908,-47113139.0,-1.1381981943009656
2024-09-05,4115770855,Bsc,23610251.0,0.5769629612513594,-24935158.0,-0.6021958072298439
2024-09-06,4037757796,Bsc,-78013059.0,-1.8954665298051454,-99420753.0,-2.403105203763345
2024-09-07,3907062220,Bsc,-130695576.0,-3.2368354567842927,-222068337.0,-5.378089501760453
2024-09-08,3956266269,Bsc,49204049.0,1.2593617974171911,-167114054.0,-4.052841137836516
2024-09-09,3999209617,Bsc,42943348.0,1.0854514099945645,-57454010.0,-1.4162872567891172
2024-09-10,4147708504,Bsc,148498887.0,3.7132058887024755,7399169.0,0.17871053588800478
2024-09-11,4148089145,Bsc,380641.0,0.009177139609328755,55928541.0,1.3667239977172674
2024-09-12,4230233701,Bsc,82144556.0,1.9802987141444461,114462846.0,2.781079171619716
2024-09-13,4255044825,Bsc,24811124.0,0.5865189905261081,217287029.0,5.381378477313703
2024-09-14,4407272047,Bsc,152227222.0,3.5775703490973143,500209827.0,12.802709525316946
2024-09-15,4370170669,Bsc,-37101378.0,-0.8418218254817034,413904400.0,10.46199552449789
2024-09-16,4399409619,Bsc,29238950.0,0.6690573941976252,400200002.0,10.006977386201864
2024-09-17,4191514707,Bsc,-207894912.0,-4.725518421884411,43806203.0,1.0561543309457244
2024-09-18,4301351723,Bsc,109837016.0,2.6204611859423466,153262578.0,3.6947754168865643
2024-09-19,4268428834,Bsc,-32922889.0,-0.7654079721952534,38195133.0,0.9029083426518758
2024-09-20,4400348744,Bsc,131919910.0,3.0905964496630967,145303919.0,3.4148622394359895
2024-09-21,4510985960,Bsc,110637216.0,2.514282899755549,103713913.0,2.353245088888878
2024-09-22,4597973101,Bsc,86987141.0,1.9283398745049585,227802432.0,5.212666718394465
2024-09-23,4598063305,Bsc,90204.0,0.0019618209593286196,198653686.0,4.515462373452617
2024-09-24,4595914957,Bsc,-2148348.0,-0.04672288869237429,404400250.0,9.648069451471454
2024-09-25,4619564479,Bsc,23649522.0,0.5145770150507101,318212756.0,7.397971067989317
2024-09-26,4506288240,Bsc,-113276239.0,-2.4520978008844896,237859406.0,5.572528329518822
2024-09-27,4703229415,Bsc,196941175.0,4.370363467916993,302880671.0,6.883106058650146
2024-09-28,4735862764,Bsc,32633349.0,0.693849823611048,224876804.0,4.98509208394875
2024-09-29,4751338073,Bsc,15475309.0,0.32676852711266413,153364972.0,3.3354908484924506
2024-09-30,4741576376,Bsc,-9761697.0,-0.2054515349154351,143513071.0,3.1211634438338853
2024-10-01,4605898160,Bsc,-135678216.0,-2.8614579886712344,9983203.0,0.217219054168849
2024-10-02,4398113288,Bsc,-207784872.0,-4.511278034857813,-221451191.0,-4.793767724353481
2024-10-03,4348058227,Bsc,-50055061.0,-1.1381030392412228,-158230013.0,-3.511315845166618
2024-10-04,4355318340,Bsc,7260113.0,0.1669736839060132,-347911075.0,-7.397280555577579
2024-10-05,4443667817,Bsc,88349477.0,2.028542349903173,-292194947.0,-6.16983560463662
2024-10-06,4459913636,Bsc,16245819.0,0.36559481196700716,-291424437.0,-6.13352349427736
2024-10-07,4480684859,Bsc,20771223.0,0.46573150727262647,-260891517.0,-5.502210579598177
2024-10-08,4544501008,Bsc,63816149.0,1.4242498860819852,-61397152.0,-1.3330114967196716
2024-10-09,4538902418,Bsc,-5598590.0,-0.1231948235932756,140789130.0,3.2011255913788172
2024-10-10,4348125087,Bsc,-190777331.0,-4.203160002811057,66860.0,0.0015376978989012358
2024-10-11,4272860523,Bsc,-75264564.0,-1.7309659334554417,-82457817.0,-1.893267278368449
2024-10-12,4468010960,Bsc,195150437.0,4.5672082191670516,24343143.0,0.5478164435890331
2024-10-13,4459026962,Bsc,-8983998.0,-0.2010737681807262,-886674.0,-0.01988096793720251
2024-10-14,4430746253,Bsc,-28280709.0,-0.6342349853680873,-49938606.0,-1.1145306481372463
2024-10-15,4598101806,Bsc,167355553.0,3.7771414439878193,53600798.0,1.1794649820880743
2024-10-16,4586680808,Bsc,-11420998.0,-0.24838506152902173,47778390.0,1.0526419296992273
2024-10-17,4605971679,Bsc,19290871.0,0.42058455356983604,257846592.0,5.930063805452801
2024-10-18,4551151530,Bsc,-54820149.0,-1.190197266082671,278291007.0,6.512990665199858
2024-10-19,4592120226,Bsc,40968696.0,0.9001830795996479,124109266.0,2.777729667878881
2024-10-20,4605537056,Bsc,13416830.0,0.292170704156125,146510094.0,3.2856965263624804
2024-10-21,4635417373,Bsc,29880317.0,0.6487911537064406,204671120.0,4.6193374278976185
2024-10-22,4603994603,Bsc,-31422770.0,-0.6778843731101492,5892797.0,0.12815716677501143
2024-10-23,4592087075,Bsc,-11907528.0,-0.2586347080476781,5406267.0,0.11786882990789671
2024-10-24,4486259129,Bsc,-105827946.0,-2.3045718487383016,-119712550.0,-2.5990726461868063
2024-10-25,4574709138,Bsc,88450009.0,1.971576015933696,23557608.0,0.517618625631644
2024-10-26,4400558950,Bsc,-174150188.0,-3.8068035091764596,-191561276.0,-4.171521357725005
2024-10-27,4395787128,Bsc,-4771822.0,-0.10843672483923372,-209749928.0,-4.554298998131867
2024-10-28,4459551121,Bsc,63763993.0,1.450570538182805,-175866252.0,-3.7939680043564405
2024-10-29,4526279419,Bsc,66728298.0,1.4963007753353574,-77715184.0,-1.6879946807357271
2024-10-30,4579771614,Bsc,53492195.0,1.1818138044119797,-12315461.0,-0.268188751625531
2024-10-31,4528431008,Bsc,-51340606.0,-1.12102983133604,42171879.0,0.9400232529457098
2024-11-01,4412153350,Bsc,-116277658.0,-2.5677250640361304,-162555788.0,-3.5533578878211958
2024-11-02,4383014434,Bsc,-29138916.0,-0.6604239174959781,-17544516.0,-0.3986883529875196
2024-11-03,4355672547,Bsc,-27341887.0,-0.6238146693723579,-40114581.0,-0.9125687807874261
2024-11-04,4290923962,Bsc,-64748585.0,-1.4865347268723461,-168627159.0,-3.781258571203183
2024-11-05,4239548929,Bsc,-51375033.0,-1.1972953483905147,-286730490.0,-6.334794285929169
2024-11-06,4337809767,Bsc,98260838.0,2.3177191641276185,-241961847.0,-5.283273215204487
2024-11-07,4605260926,Bsc,267451159.0,6.1655806355235265,76829918.0,1.6966123115107923
2024-11-08,4620357109,Bsc,15096183.0,0.32780298972359123,208203759.0,4.718869506201551
2024-11-09,4637949449,Bsc,17592340.0,0.38075714896002033,254935015.0,5.8164311078332975
2024-11-10,4766604044,Bsc,128654595.0,2.7739542315998955,410931497.0,9.434398306250813
2024-11-11,4927440191,Bsc,160836147.0,3.3742292314473676,636516229.0,14.834013248356893
2024-11-12,5124614483,Bsc,197174292.0,4.001556271756268,885065554.0,20.876408524167324
2024-11-13,5061743762,Bsc,-62870721.0,-1.226838061839819,723933995.0,16.688929065247326
2024-11-14,4979597241,Bsc,-82146521.0,-1.622889756227841,374336315.0,8.12844963651469
2024-11-15,5017045188,Bsc,37447947.0,0.7520276276898219,396688079.0,8.585658416473718
2024-11-16,5044207554,Bsc,27162366.0,0.5414016613796591,406258105.0,8.759433656345571
2024-11-17,5132888750,Bsc,88681196.0,1.7580798381239715,366284706.0,7.684395486154627
2024-11-18,5093199160,Bsc,-39689590.0,-0.7732407993451984,165758969.0,3.3639975844407033
2024-11-19,5144582519,Bsc,51383359.0,1.008862158847923,19968036.0,0.389649525173863
2024-11-20,5060708966,Bsc,-83873553.0,-1.6303276833491864,-1034796.0,-0.02044346866723057
2024-11-21,4979661894,Bsc,-81047072.0,-1.6014964018778555,64653.0,0.0012983580171432862
2024-11-22,5148949028,Bsc,169287134.0,3.3995708464459096,131903840.0,2.6291140513442723
2024-11-23,5176084210,Bsc,27135182.0,0.527004284805277,131876656.0,2.614417717514872
2024-11-24,5284314338,Bsc,108230128.0,2.0909653631774994,151425588.0,2.9501046170151257
2024-11-25,5330676455,Bsc,46362117.0,0.8773535038709923,237477295.0,4.662635163868201
2024-11-26,5159276963,Bsc,-171399492.0,-3.2153422449646696,14694444.0,0.2856294742232368
2024-11-27,5010256288,Bsc,-149020675.0,-2.8884023104149836,-50452678.0,-0.9969488136733928
2024-11-28,5329888899,Bsc,319632611.0,6.379566086580191,350227005.0,7.033148283058921
2024-11-29,5372545081,Bsc,42656182.0,0.8003202844997892,223596053.0,4.342557127368796
2024-11-30,5389071692,Bsc,16526611.0,0.3076123280648879,212987482.0,4.114838038927493
2024-12-01,5410698158,Bsc,21626466.0,0.401302250851554,126383820.0,2.3916786912383747
2024-12-02,5436083842,Bsc,25385684.0,0.46917575622780205,105407387.0,1.9773735639335488
2024-12-03,5262278393,Bsc,-173805449.0,-3.1972547527165274,103001430.0,1.9964314910534853
2024-12-04,5594373356,Bsc,332094963.0,6.310858875154923,584117068.0,11.658426923169806
2024-12-05,5645103671,Bsc,50730315.0,0.9068096062196496,315214772.0,5.9140964844340616
2024-12-06,5532957763,Bsc,-112145908.0,-1.986604932981395,160412682.0,2.985785685955422
2024-12-07,5670339594,Bsc,137381831.0,2.482972704377029,281267902.0,5.219227319197439
2024-12-08,5704997415,Bsc,34657821.0,0.6112124401979946,294299257.0,5.439210401431516
2024-12-09,5664831261,Bsc,-40166154.0,-0.7040520981550724,228747419.0,4.207945014252035
2024-12-10,5281609538,Bsc,-383221723.0,-6.7649274151963095,19331145.0,0.36735314166795874
2024-12-11,5208910525,Bsc,-72699013.0,-1.3764556519550886,-385462831.0,-6.890187809624626
2024-12-12,5468273885,Bsc,259363360.0,4.979224710334229,-176829786.0,-3.132445324404032
2024-12-13,5412870561,Bsc,-55403324.0,-1.013177561423484,-120087202.0,-2.1703979524847816
2024-12-14,5634285552,Bsc,221414991.0,4.090528094192858,-36054042.0,-0.6358356744303295
2024-12-15,5564241269,Bsc,-70044283.0,-1.2431795008177482,-140756146.0,-2.4672429408979846
2024-12-16,5733680665,Bsc,169439396.0,3.045148256672414,68849404.0,1.215383139017745
2024-12-17,5689048221,Bsc,-44632444.0,-0.7784257025761687,407438683.0,7.714290124413203
2024-12-18,5619213489,Bsc,-69834732.0,-1.2275292682916383,410302964.0,7.87694397956662
2024-12-19,5556284797,Bsc,-62928692.0,-1.1198843418778637,88010912.0,1.6094825140602786
2024-12-20,5400613314,Bsc,-155671483.0,-2.801718930679209,-12257247.0,-0.22644633493204003
2024-12-21,5427567213,Bsc,26953899.0,0.4990895928454586,-206718339.0,-3.6689361426955225
2024-12-22,5369777665,Bsc,-57789548.0,-1.064741268640279,-194463604.0,-3.494880875914086
2024-12-23,5299975659,Bsc,-69802006.0,-1.2999049561207454,-433705006.0,-7.564163952266423
2024-12-24,5515126412,Bsc,215150753.0,4.059466813487123,-173921809.0,-3.057133675858148
2024-12-25,5654558066,Bsc,139431654.0,2.528167871122955,35344577.0,0.6289950910245645
2024-12-26,5655615170,Bsc,1057104.0,0.018694723578072114,99330373.0,1.7877120527304724
2024-12-27,5507616468,Bsc,-147998702.0,-2.6168453395671865,107003154.0,1.9813148577517259
2024-12-28,5474291323,Bsc,-33325145.0,-0.6050738135747746,46724110.0,0.8608665386600434
2024-12-29,5618384271,Bsc,144092948.0,2.632175372081491,248606606.0,4.62973742135373
2024-12-30,5458729548,Bsc,-159654723.0,-2.84164833338435,158753889.0,2.995370152887711
2024-12-31,5453316759,Bsc,-5412789.0,-0.09915840219604233,-61809653.0,-1.1207295786641036
2025-01-01,5470896989,Bsc,17580230.0,0.3223768355466561,-183661077.0,-3.2480182333669227
2025-01-02,5517424032,Bsc,46527043.0,0.8504463361958647,-138191138.0,-2.443432479865848
2025-01-03,5558258863,Bsc,40834831.0,0.7401068100469699,50642395.0,0.9194974866939098
2025-01-04,5708158145,Bsc,149899282.0,2.6968747892949674,233866822.0,4.272093102122976
2025-01-05,5693210252,Bsc,-14947893.0,-0.2618689360086024,74825981.0,1.3318060387258246
2025-01-06,5677974181,Bsc,-15236071.0,-0.26761827379636616,219244633.0,4.016404019875441
2025-01-07,5855864729,Bsc,177890548.0,3.1329932530385296,402547970.0,7.381708926693942
2025-01-08,5527274358,Bsc,-328590371.0,-5.611303986800131,56377369.0,1.0304958969864497
2025-01-09,5474607158,Bsc,-52667200.0,-0.9528602451906676,-42816874.0,-0.7760301501510525
2025-01-10,5373285219,Bsc,-101321939.0,-1.850761818625457,-184973644.0,-3.3279062483276056
2025-01-11,5494335631,Bsc,121050412.0,2.252819403145856,-213822514.0,-3.7459108274233044
2025-01-12,5518070511,Bsc,23734880.0,0.4319881709825557,-175139741.0,-3.076291463827008
2025-01-13,5472185132,Bsc,-45885379.0,-0.8315475293135477,-205789049.0,-3.624339287921108
2025-01-14,5416618426,Bsc,-55566706.0,-1.0154390734162022,-439246303.0,-7.5009639622431905
2025-01-15,5532796359,Bsc,116177933.0,2.144842480362663,5522001.0,0.09990459388011796
2025-01-16,5673683264,Bsc,140886905.0,2.5463959968601513,199076106.0,3.636354175825951
2025-01-17,5666500338,Bsc,-7182926.0,-0.12660075766964818,293215119.0,5.456905916015553
2025-01-18,5804899739,Bsc,138399401.0,2.442414060613096,310564108.0,5.652441511722417
2025-01-19,5668702436,Bsc,-136197303.0,-2.346247293212722,150631925.0,2.7297934069476337
2025-01-20,5566174887,Bsc,-102527549.0,-1.808659920987954,93989755.0,1.7175909208621443
2025-01-21,5541276129,Bsc,-24898758.0,-0.4473225959563676,124657703.0,2.30139347460101
2025-01-22,5636688365,Bsc,95412236.0,1.7218459029800792,103892006.0,1.8777485968917373
2025-01-23,5619254765,Bsc,-17433600.0,-0.3092879873978993,-54428499.0,-0.9593150774797943
2025-01-24,5606396189,Bsc,-12858576.0,-0.22883062857534942,-60104149.0,-1.0606925865147665
2025-01-25,5449719245,Bsc,-156676944.0,-2.7946106325380193,-355180494.0,-6.118632706327953
2025-01-26,5483561981,Bsc,33842736.0,0.6209996236237414,-185140455.0,-3.2660111743427533
2025-01-27,5409510720,Bsc,-74051261.0,-1.3504226131952235,-156664167.0,-2.814575003129971
2025-01-28,5379079947,Bsc,-30430773.0,-0.5625420592566988,-162196182.0,-2.927054675206564
2025-01-29,5282283509,Bsc,-96796438.0,-1.7994980359789081,-354404856.0,-6.287465849639884
2025-01-30,5367942303,Bsc,85658794.0,1.6216243193697188,-251312462.0,-4.472345044138604
2025-01-31,5589597921,Bsc,221655618.0,4.129247400370195,-16798268.0,-0.29962684465573153
2025-02-01,5552773683,Bsc,-36824238.0,-0.6587994077651316,103054438.0,1.8910045337574122
2025-02-02,5408284862,Bsc,-144488821.0,-2.602101746778507,-75277119.0,-1.3727777539640829
2025-02-03,5103858338,Bsc,-304426524.0,-5.628892186115763,-305652382.0,-5.6502777759538265
2025-02-04,5144822575,Bsc,40964237.0,0.8026131269162962,-234257372.0,-4.354971004486541
2025-02-05,4942882796,Bsc,-201939779.0,-3.9251067661939754,-339400713.0,-6.425264990448277
2025-02-06,4936032356,Bsc,-6850440.0,-0.13859199747855433,-431909947.0,-8.046098907557496
2025-02-07,4932387556,Bsc,-3644800.0,-0.07384068290333667,-657210365.0,-11.757739542067503
2025-02-08,4972576801,Bsc,40189245.0,0.8148030653250649,-580196882.0,-10.448775965357493
2025-02-09,5163006511,Bsc,190429710.0,3.829598166522108,-245278351.0,-4.535233576977216
2025-02-10,5174729212,Bsc,11722701.0,0.2270518345275141,70870874.0,1.3885744726169547
2025-02-11,5186497917,Bsc,11768705.0,0.2274264897322409,41675342.0,0.8100442997298174
2025-02-12,5250392995,Bsc,63895078.0,1.2319503260681541,307510199.0,6.221272316002535
2025-02-13,5539472144,Bsc,289079149.0,5.50585735725484,603439788.0,12.22519919802567
2025-02-14,5437583643,Bsc,-101888501.0,-1.8393178691287204,505196087.0,10.242424814843565
2025-02-15,5541922335,Bsc,104338692.0,1.918842979718005,569345534.0,11.449708205321297
2025-02-16,5531315697,Bsc,-10606638.0,-0.1913891490866626,368309186.0,7.133618468528025
2025-02-17,5565335190,Bsc,34019493.0,0.6150343763320354,390605978.0,7.548336579510284
2025-02-18,5526659646,Bsc,-38675544.0,-0.6949364715622797,340161729.0,6.558601477213322
2025-02-19,5433349480,Bsc,-93310166.0,-1.6883646176318212,182956485.0,3.4846245828499267
2025-02-20,5506986443,Bsc,73636963.0,1.3552775000219563,-32485701.0,-0.5864403711315025
2025-02-21,5560399662,Bsc,53413219.0,0.9699173868113364,122816019.0,2.2586506629301395
2025-02-22,5524973289,Bsc,-35426373.0,-0.637119184833157,-16949046.0,-0.3058333368000876
2025-02-23,5685439796,Bsc,160466507.0,2.9043852088748157,154124099.0,2.786391293550494
2025-02-24,5628249844,Bsc,-57189952.0,-1.005901989151936,62914654.0,1.130473760377404
2025-02-25,5338830782,Bsc,-289419062.0,-5.142256829776937,-187828864.0,-3.398596548928856
2025-02-26,5222260641,Bsc,-116570141.0,-2.1834395162517395,-211088839.0,-3.8850591109040877
2025-02-27,5014338196,Bsc,-207922445.0,-3.9814643368735636,-492648247.0,-8.94587724337349
2025-02-28,5106047609,Bsc,91709413.0,1.8289435098964413,-454352053.0,-8.171212154138141
2025-03-01,5019216881,Bsc,-86830728.0,-1.7005467760807913,-505756408.0,-9.154006391432535
2025-03-02,5110132909,Bsc,90916028.0,1.8113588265961988,-575306887.0,-10.118951350162186
2025-03-03,5295456866,Bsc,185323957.0,3.6265975914952397,-332792978.0,-5.91290342867018
2025-03-04,4910184387,Bsc,-385272479.0,-7.275528604031878,-428646395.0,-8.02884400167152
2025-03-05,4955435383,Bsc,45250996.0,0.9215742716262243,-266825258.0,-5.109382245404481
2025-03-06,5092209466,Bsc,136774083.0,2.7600820599783082,77871270.0,1.5529720365115907
2025-03-07,5029819608,Bsc,-62389858.0,-1.225202113474877,-76228001.0,-1.4928964012329127
2025-03-08,5011450333,Bsc,-18369275.0,-0.3652074315107279,-7766548.0,-0.15473625037801808
2025-03-09,5003293962,Bsc,-8156371.0,-0.16275470089548438,-106838947.0,-2.090727362723477
2025-03-10,4726191619,Bsc,-277102343.0,-5.538398205354134,-569265247.0,-10.750068623068643
2025-03-11,4573808376,Bsc,-152383243.0,-3.224229047070293,-336376011.0,-6.850577992357576
2025-03-12,4723167717,Bsc,149359341.0,3.2655356045025563,-232267666.0,-4.687129344816244
2025-03-13,4815010991,Bsc,91843274.0,1.9445270526691205,-277198475.0,-5.443579586637526
2025-03-14,5090194241,Bsc,275183250.0,5.715111564944708,60374633.0,1.200333962354705
2025-03-15,5207382462,Bsc,117188221.0,2.3022347567030588,195932129.0,3.9096891315035576
2025-03-16,5329159635,Bsc,121777173.0,2.338548664106166,325865673.0,6.513022730124374
2025-03-17,5257696980,Bsc,-71462655.0,-1.3409741853229407,531505361.0,11.245954541141945
2025-03-18,5424747422,Bsc,167050442.0,3.1772550345797956,850939046.0,18.604606403388168
2025-03-19,5408958498,Bsc,-15788924.0,-0.29105362465298157,685790781.0,14.519721129775842
2025-03-20,5420528344,Bsc,11569846.0,0.2139015487783391,605517353.0,12.57561725470213
2025-03-21,5346660042,Bsc,-73868302.0,-1.3627509591710774,256465801.0,5.038428571826281
2025-03-22,5388244282,Bsc,41584240.0,0.7777610634179144,180861820.0,3.4731810332697677
2025-03-23,5374839229,Bsc,-13405053.0,-0.2487833197314604,45679594.0,0.8571631763475862
2025-03-24,5456501923,Bsc,81662694.0,1.5193513800261904,198804943.0,3.781217208908072
2025-03-25,5580283112,Bsc,123781189.0,2.2685081164957266,155535690.0,2.8671508164458848
2025-03-26,5571218599,Bsc,-9064513.0,-0.1624382279190706,162260101.0,2.999840007276755
2025-03-27,5444159406,Bsc,-127059193.0,-2.280635569080103,23631062.0,0.4359549567923171
2025-03-28,5436291863,Bsc,-7867543.0,-0.14451345769429524,89631821.0,1.6764077067909389
2025-03-29,5300404627,Bsc,-135887236.0,-2.4996309878956957,-87839655.0,-1.6302092184914074
2025-03-30,5187819853,Bsc,-112584774.0,-2.124078856668765,-187019376.0,-3.479534327109457
2025-03-31,5238956235,Bsc,51136382.0,0.9857008039789283,-217545688.0,-3.9869075658713005
2025-04-01,5312185031,Bsc,73228796.0,1.3977745320867374,-268098081.0,-4.804381348026487
2025-04-02,5161404055,Bsc,-150780976.0,-2.8383984202375534,-409814544.0,-7.3559228868448905
2025-04-03,5186668847,Bsc,25264792.0,0.4894945586661592,-257490559.0,-4.7296660475484975
2025-04-04,5208854091,Bsc,22185244.0,0.42773588702953447,-227437772.0,-4.183693181522619
2025-04-05,5268324694,Bsc,59470603.0,1.141721422044717,-32079933.0,-0.6052355481803495
2025-04-06,5262624614,Bsc,-5700080.0,-0.10819530554925239,74804761.0,1.4419305820101203
2025-04-07,4916075843,Bsc,-346548771.0,-6.585093872705395,-322880392.0,-6.163067174391079
2025-04-08,4893488377,Bsc,-22587466.0,-0.4594613004630932,-418696654.0,-7.881816080513704
2025-04-09,4829619111,Bsc,-63869266.0,-1.3051888771248188,-331784944.0,-6.428191640578696
2025-04-10,5098120686,Bsc,268501575.0,5.559477234725563,-88548161.0,-1.707226036827414
2025-04-11,5002834582,Bsc,-95286104.0,-1.8690437098059731,-206019509.0,-3.955179112349605
2025-04-12,5074963224,Bsc,72128642.0,1.4417554851706704,-193361470.0,-3.670264860862049
2025-04-13,5176474806,Bsc,101511582.0,2.000242711512512,-86149808.0,-1.6370122195457082
2025-04-14,5092687715,Bsc,-83787091.0,-1.618612939116082,176611872.0,3.592537577537125
2025-04-15,5144379143,Bsc,51691428.0,1.0150127180928115,250890766.0,5.127033042097695
2025-04-16,5320506199,Bsc,176127056.0,3.4236795365220507,490887088.0,10.16409527786466
2025-04-17,5366646125,Bsc,46139926.0,0.8672093269747938,268525439.0,5.2671455922453925
2025-04-18,5421981210,Bsc,55335085.0,1.0310924870232663,419146628.0,8.378182830751047
2025-04-19,5451359130,Bsc,29377920.0,0.5418299854270447,376395906.0,7.416721843815277
2025-04-20,5481810673,Bsc,30451543.0,0.558604602518642,305335867.0,5.898528988223584
2025-04-21,5501740218,Bsc,19929545.0,0.3635577036281257,409052503.0,8.032153666033292
2025-04-22,5553059933,Bsc,51319715.0,0.9327905892775101,408680790.0,7.9442198687104115
2025-04-23,5755101730,Bsc,202041797.0,3.638386753208489,434595531.0,8.168311712176624
2025-04-24,5793435532,Bsc,38333802.0,0.6660838295902805,426789407.0,7.952628085758118
2025-04-25,5775634848,Bsc,-17800684.0,-0.30725609876347537,353653638.0,6.522590623289903
2025-04-26,5812320813,Bsc,36685965.0,0.6351849790625863,360961683.0,6.621498866467079
2025-04-27,5859782221,Bsc,47461408.0,0.8165655256648252,377971548.0,6.8950128077508
2025-04-28,5820751272,Bsc,-39030949.0,-0.6660819042066612,319011054.0,5.798366359725482
2025-04-29,5838446194,Bsc,17694922.0,0.30399721914109445,285386261.0,5.139261316162713
2025-04-30,5813149800,Bsc,-25296394.0,-0.43327270920122674,58048070.0,1.0086367317785117
2025-05-01,5830142353,Bsc,16992553.0,0.2923123192180688,36706821.0,0.6335933281254258
2025-05-02,5839925350,Bsc,9782997.0,0.1678003109986781,64290502.0,1.1131330787344185
2025-05-03,5884922570,Bsc,44997220.0,0.7705101915386647,72601757.0,1.2491009931457464
2025-05-04,5860396345,Bsc,-24526225.0,-0.4167637672079061,614124.0,0.010480321227634981
2025-05-05,5773559794,Bsc,-86836551.0,-1.4817521868480399,-47191478.0,-0.8107454827525173
2025-05-06,5789784274,Bsc,16224480.0,0.2810134575355283,-48661920.0,-0.8334738110630902
2025-05-07,5917444479,Bsc,127660205.0,2.2049216163938956,104294679.0,1.7941164874161641
2025-05-08,5939028086,Bsc,21583607.0,0.3647454078630874,108885733.0,1.867634208690827
2025-05-09,6184545849,Bsc,245517763.0,4.133972081707382,344620499.0,5.90111137293905
2025-05-10,6401342818,Bsc,216796969.0,3.50546304115531,516420248.0,8.775310836417693
2025-05-11,6188029825,Bsc,-213312993.0,-3.3323163446298043,327633480.0,5.590636890618028
2025-05-12,6157135648,Bsc,-30894177.0,-0.49925707977659384,383575854.0,6.643662968531472
2025-05-13,6154958407,Bsc,-2177241.0,-0.035361264140854054,365174133.0,6.30721484114487
2025-05-14,6243007857,Bsc,88049450.0,1.430545004168704,325563378.0,5.501756360458798
2025-05-15,6140835126,Bsc,-102172731.0,-1.6365946245836982,201807040.0,3.397980899866715
2025-05-16,6109001292,Bsc,-31833834.0,-0.5183958426960067,-75544557.0,-1.2215053270599463
2025-05-17,6068480539,Bsc,-40520753.0,-0.6632958656116794,-332862279.0,-5.199882094488384
2025-05-18,6020142678,Bsc,-48337861.0,-0.7965397711890088,-167887147.0,-2.71309531059023
2025-05-19,6072538132,Bsc,52395454.0,0.870335751201945,-84597516.0,-1.3739751864566996
2025-05-20,6063593821,Bsc,-8944311.0,-0.14729114590268377,-91364586.0,-1.4844062292296178
2025-05-21,6057780168,Bsc,-5813653.0,-0.09587800851478256,-185227689.0,-2.9669622919393346
2025-05-22,6415514385,Bsc,357734217.0,5.90536808994353,274679259.0,4.472995176780126
2025-05-23,6506099343,Bsc,90584958.0,1.411967187101859,397098051.0,6.5002122608816215
2025-05-24,6253290096,Bsc,-252809247.0,-3.885726818358548,184809557.0,3.0454008348925754
2025-05-25,6262956257,Bsc,9666161.0,0.1545772041854132,242813579.0,4.033352563010473
2025-05-26,6368711381,Bsc,105755124.0,1.6885815525503611,296173249.0,4.877256306375055
2025-05-27,6382205345,Bsc,13493964.0,0.2118790316084418,318611524.0,5.254499780254984
2025-05-28,6455861916,Bsc,73656571.0,1.1540927785675947,398081748.0,6.571412909680219
2025-05-29,6421708048,Bsc,-34153868.0,-0.5290365321376278,6193663.0,0.0965419548350166
2025-05-30,6297616437,Bsc,-124091611.0,-1.9323770260569195,-208482906.0,-3.204422419776143
2025-05-31,6125955192,Bsc,-171661245.0,-2.7258129598279335,-127334904.0,-2.0362865314924594
2025-06-01,6097211562,Bsc,-28743630.0,-0.46921058184585807,-165744695.0,-2.646429069574774
2025-06-02,6124505633,Bsc,27294071.0,0.44764841636963926,-244205748.0,-3.834460904109227
2025-06-03,6232079501,Bsc,107573868.0,1.7564498172778498,-150125844.0,-2.3522565615600732
2025-06-04,5911814789,Bsc,-320264712.0,-5.138970257818598,-544047127.0,-8.427180352969621
2025-06-05,5888334190,Bsc,-23480599.0,-0.39718089686587854,-533373858.0,-8.305794253074394
2025-06-06,5666939255,Bsc,-221394935.0,-3.75989079179625,-630677182.0,-10.014537854268502
2025-06-07,5800017286,Bsc,133078031.0,2.3483228778671705,-325937906.0,-5.320605453099758
2025-06-08,5859509575,Bsc,59492289.0,1.0257260636722831,-237701987.0,-3.8985359878512926
2025-06-09,5871289862,Bsc,11780287.0,0.2010456139582395,-253215771.0,-4.134468742025888
2025-06-10,6095142963,Bsc,223853101.0,3.8126733011227376,-136936538.0,-2.1972848385202304
2025-06-11,6143045494,Bsc,47902531.0,0.7859131654628593,231230705.0,3.9113320232942117
2025-06-12,6075622434,Bsc,-67423060.0,-1.0975510447684744,187288244.0,3.1806660076811877
2025-06-13,5903569400,Bsc,-172053034.0,-2.8318585604853896,236630145.0,4.1756252246963665
2025-06-14,5927367481,Bsc,23798081.0,0.40311342829306707,127350195.0,2.195686473338565
2025-06-15,5867073322,Bsc,-60294159.0,-1.0172164825830499,7563747.0,0.12908498404493596
2025-06-16,5899095519,Bsc,32022197.0,0.5457950709415016,27805657.0,0.47358685490836994
2025-06-17,5949072534,Bsc,49977015.0,0.8471979278693142,-146070429.0,-2.3965053795572455
2025-06-18,5879557812,Bsc,-69514722.0,-1.168496796815155,-263487682.0,-4.289202843399941
2025-06-19,5885859665,Bsc,6301853.0,0.10718243108585046,-189762769.0,-3.123346966692042
2025-06-20,5876317652,Bsc,-9542013.0,-0.16211757573394436,-27251748.0,-0.4616147647895863
2025-06-21,5837804052,Bsc,-38513600.0,-0.6554036435877819,-89563429.0,-1.511015291140505
2025-06-22,5730793523,Bsc,-107010529.0,-1.833061336879549,-136279799.0,-2.322790112218065
2025-06-23,5647139277,Bsc,-83654246.0,-1.4597323331273726,-251956242.0,-4.271099547184665
2025-06-24,5846578299,Bsc,199439022.0,3.531682365481714,-102494235.0,-1.722860738614751
2025-06-25,5830959619,Bsc,-15618680.0,-0.2671422360437936,-48598193.0,-0.8265620401046614
2025-06-26,5901102133,Bsc,70142514.0,1.2029325974311833,15242468.0,0.25896757428041095
2025-06-27,5862349208,Bsc,-38752925.0,-0.656706563055176,-13968444.0,-0.2377074356292863
2025-06-28,5917223346,Bsc,54874138.0,0.9360434879095214,79419294.0,1.3604309650097068
2025-06-29,5933296305,Bsc,16072959.0,0.2716300883059519,202502782.0,3.5335906133640016
2025-06-30,5971118979,Bsc,37822674.0,0.6374647759985752,323979702.0,5.7370588205522655
2025-07-01,5950621991,Bsc,-20496988.0,-0.34326879219935824,104043692.0,1.7795655284013945
2025-07-02,5870239863,Bsc,-80382128.0,-1.3508189248380043,39280244.0,0.673649734633841
2025-07-03,6013623047,Bsc,143383184.0,2.4425438712264658,112520914.0,1.906777945271676
2025-07-04,6045100278,Bsc,31477231.0,0.5234320600740583,182751070.0,3.1173692237680184
2025-07-05,5973062002,Bsc,-72038276.0,-1.1916804136760106,55838656.0,0.9436631462921952
2025-07-06,5972644477,Bsc,-417525.0,-0.006990133366435725,39348172.0,0.6631755769021863
2025-07-07,6033055683,Bsc,60411206.0,1.0114649588241376,61936704.0,1.0372713090766927
2025-07-08,5977645530,Bsc,-55410153.0,-0.91844259213677,27023539.0,0.45412965301563357
2025-07-09,6002209341,Bsc,24563811.0,0.4109278624288004,131969478.0,2.2481104874743085
2025-07-10,6117595309,Bsc,115385968.0,1.9223915969044825,103972262.0,1.7289454491476342
2025-07-11,6229273815,Bsc,111678506.0,1.8255294827316026,184173537.0,3.046658095487098
2025-07-12,6245370692,Bsc,16096877.0,0.258406958468238,272308690.0,4.55894631445013
2025-07-13,6224130403,Bsc,-21240289.0,-0.3400965298538283,251485926.0,4.210629428362012
2025-07-14,6273010276,Bsc,48879873.0,0.7853285492932516,239954593.0,3.977330984631
2025-07-15,6310005321,Bsc,36995045.0,0.589749472299439,332359791.0,5.5600451604563395
2025-07-16,6357510941,Bsc,47505620.0,0.752861805708771,355301600.0,5.91951362930645
2025-07-17,6419952405,Bsc,62441464.0,0.982168408037043,302357096.0,4.942417416123979
2025-07-18,6484672911,Bsc,64720506.0,1.008115043806157,255399096.0,4.0999818531817
2025-07-19,6505653731,Bsc,20980820.0,0.3235447691495752,260283039.0,4.167615532147817
2025-07-20,6552638964,Bsc,46985233.0,0.7222215467157733,328508561.0,5.277983264001995
2025-07-21,6627769147,Bsc,75130183.0,1.1465637495482905,354758871.0,5.6553210562602985
2025-07-22,6681835773,Bsc,54066626.0,0.8157590404981541,371830452.0,5.892712178269166
2025-07-23,6823248163,Bsc,141412390.0,2.1163703330066896,465737222.0,7.325779323420911
2025-07-24,6726013038,Bsc,-97235125.0,-1.4250562587957871,306060633.0,4.767334922321753
2025-07-25,6643820606,Bsc,-82192432.0,-1.222008216987347,159147695.0,2.4542131451231297
2025-07-26,6759880601,Bsc,116059995.0,1.7468863457148043,254226870.0,3.907783606566495
2025-07-27,6809863782,Bsc,49983181.0,0.7394092285092357,257224818.0,3.9255148866462086
2025-07-28,7038140786,Bsc,228277004.0,3.352152279512355,410371639.0,6.191700855871707
2025-07-29,6902691845,Bsc,-135448941.0,-1.9244988856919387,220856072.0,3.3053202668110515
2025-07-30,6827176915,Bsc,-75514930.0,-1.0939924843189952,3928752.0,0.05757891118931546
2025-07-31,6800682991,Bsc,-26493924.0,-0.388065584499353,74669953.0,1.110166640744481
2025-08-01,6706907319,Bsc,-93775672.0,-1.3789155019297672,63086713.0,0.9495547327546205
2025-08-02,6603158602,Bsc,-103748717.0,-1.546893554143658,-156721999.0,-2.3184137154259155
2025-08-03,6480743690,Bsc,-122414912.0,-1.853884169356801,-329120092.0,-4.832990828244443
2025-08-04,6580396046,Bsc,99652356.0,1.5376685264341994,-457744740.0,-6.503773566316385
2025-08-05,6660918035,Bsc,80521989.0,1.2236647830482283,-241773810.0,-3.502601817219031
2025-08-06,6595421879,Bsc,-65496156.0,-0.9832902259996112,-231755036.0,-3.3945954365238507
2025-08-07,6698463025,Bsc,103041146.0,1.562313190731368,-102219966.0,-1.5030838245993494
2025-08-08,6794807966,Bsc,96344941.0,1.438314142220709,87900647.0,1.3105988023867088
2025-08-09,6811474948,Bsc,16666982.0,0.24528996379880041,208316346.0,3.154798461707453
2025-08-10,6879947646,Bsc,68472698.0,1.0052550809146688,399203956.0,6.159847929427986
2025-08-11,6927868638,Bsc,47920992.0,0.6965313468316969,347472592.0,5.28042065509442
2025-08-12,6927761500,Bsc,-107138.0,-0.001546478514502514,266843465.0,4.006106419533495
2025-08-13,7094284959,Bsc,166523459.0,2.4037123535502802,498863080.0,7.56377816540279
2025-08-14,7208312280,Bsc,114027321.0,1.6073123881969575,509849255.0,7.611436430971419
2025-08-15,7042853304,Bsc,-165458976.0,-2.2953913422851913,248045338.0,3.6505128510058604
2025-08-16,6984646265,Bsc,-58207039.0,-0.8264695640748498,173171317.0,2.542346823882058
2025-08-17,7036604685,Bsc,51958420.0,0.7438947947924435,156657039.0,2.277009173043343
2025-08-18,7099776719,Bsc,63172034.0,0.8977630096893785,171908081.0,2.481399258309658
2025-08-19,7023403572,Bsc,-76373147.0,-1.075711955780445,95642072.0,1.3805624226526758
2025-08-20,7095657980,Bsc,72254408.0,1.0287662848829315,1373021.0,0.019353902584051674
2025-08-21,7414081788,Bsc,318423808.0,4.4875867593606955,205769508.0,2.8546142287831033
2025-08-22,7280941043,Bsc,-133140745.0,-1.7957819836233013,238087739.0,3.3805579744899283
2025-08-23,7607813239,Bsc,326872196.0,4.489422370948315,623166974.0,8.921954675395426
2025-08-24,7523855601,Bsc,-83957638.0,-1.1035712281895593,487250916.0,6.924517403097519
2025-08-25,7426694500,Bsc,-97161101.0,-1.2913738135416408,326917781.0,4.6046205949705765
2025-08-26,7177592372,Bsc,-249102128.0,-3.3541453468969307,154188800.0,2.195357256910313
2025-08-27,7394927037,Bsc,217334665.0,3.027960543535868,299269057.0,4.217636445323714
2025-08-28,7396017239,Bsc,1090202.0,0.014742566012415637,-18064549.0,-0.24365187108184028
2025-08-29,7477380240,Bsc,81363001.0,1.1000920951206528,196439197.0,2.697991864511251
2025-08-30,7282822303,Bsc,-194557937.0,-2.601953234358989,-324990936.0,-4.271804864162487
2025-08-31,7278626345,Bsc,-4195958.0,-0.05761444980294517,-245229256.0,-3.2593562264460085
2025-09-01,7244163588,Bsc,-34462757.0,-0.47347885942343737,-182530912.0,-2.457767880448025
2025-09-02,7159096018,Bsc,-85067570.0,-1.1742911236973574,-18496354.0,-0.25769579883296867
2025-09-03,7222250881,Bsc,63154863.0,0.8821625361806973,-172676156.0,-2.3350623357881295
2025-09-04,7232426072,Bsc,10175191.0,0.14088670094205558,-163591167.0,-2.2118819049983585
2025-09-05,7180138207,Bsc,-52287865.0,-0.7229643895349303,-297242033.0,-3.975216231614298
2025-09-06,7206753590,Bsc,26615383.0,0.37068065032581643,-76068713.0,-1.044494975095922
2025-09-07,7217406126,Bsc,10652536.0,0.1478132402747967,-61220219.0,-0.8410957795910834
2025-09-08,7317568803,Bsc,100162677.0,1.3877932771328094,73405215.0,1.0133014544508212
2025-09-09,7311013463,Bsc,-6555340.0,-0.08958357859665256,151917445.0,2.12201993964094
2025-09-10,7266403578,Bsc,-44609885.0,-0.6101737498605986,44152697.0,0.6113426094924934
2025-09-11,7338258457,Bsc,71854879.0,0.98886441179169,105832385.0,1.4633040690139154
2025-09-12,7406189667,Bsc,67931210.0,0.9257129657950447,226051460.0,3.148288424025325
2025-09-13,7511634444,Bsc,105444777.0,1.4237385449340278,304880854.0,4.230488113580688
2025-09-14,7544335023,Bsc,32700579.0,0.43533240659920924,326928897.0,4.529728427256852
2025-09-15,7512283774,Bsc,-32051249.0,-0.424838622652457,194714971.0,2.6609243622030876
2025-09-16,7460184418,Bsc,-52099356.0,-0.6935222039976097,149170955.0,2.040359462541441
2025-09-17,7597308750,Bsc,137124332.0,1.8380823357281306,330905172.0,4.553905772614386
2025-09-18,7722888718,Bsc,125579968.0,1.6529533303487165,384630261.0,5.241437914102076
2025-09-19,7742868409,Bsc,19979691.0,0.2587074827769209,336678742.0,4.545910341726067
2025-09-20,7689736478,Bsc,-53131931.0,-0.6862047524692771,178102034.0,2.3710157267072596
2025-09-21,7939413111,Bsc,249676633.0,3.24688152467012,395078088.0,5.236751639416171
2025-09-22,7929928993,Bsc,-9484118.0,-0.11945615963552259,417645219.0,5.559497372097
2025-09-23,7674158024,Bsc,-255770969.0,-3.225387884630204,213973606.0,2.868207996088179
2025-09-24,7710975555,Bsc,36817531.0,0.47975987573956047,113666805.0,1.4961456581582322
2025-09-25,7731945062,Bsc,20969507.0,0.2719436321698909,9056344.0,0.11726627601007511
2025-09-26,7405660122,Bsc,-326284940.0,-4.219959368355896,-337208287.0,-4.355082240685415
2025-09-27,7460592596,Bsc,54932474.0,0.7417633687618386,-229143882.0,-2.9798665098026533
2025-09-28,7496155841,Bsc,35563245.0,0.4766812360061934,-443257270.0,-5.582997934518241
2025-09-29,7661877109,Bsc,165721268.0,2.210750036620013,-268051884.0,-3.3802557908982234
2025-09-30,7803473926,Bsc,141596817.0,1.8480695394301527,129315902.0,1.68508260574749
2025-10-01,7719733016,Bsc,-83740910.0,-1.0731234677543777,8757461.0,0.11357137547041152
2025-10-02,7892488447,Bsc,172755431.0,2.237842042489624,160543385.0,2.076364791946328
2025-10-03,8067828063,Bsc,175339616.0,2.2216011740460395,662167941.0,8.941376326911055
2025-10-04,8554326382,Bsc,486498319.0,6.030102714151009,1093733786.0,14.66014625415153
2025-10-05,8473741845,Bsc,-80584537.0,-0.9420325271849106,977586004.0,13.041164361246626
2025-10-06,8531653940,Bsc,57912095.0,0.683430013084152,869776831.0,11.352007068585323
2025-10-07,8849741558,Bsc,318087618.0,3.728323021971991,1046267632.0,13.407716126454838
2025-10-08,9133476222,Bsc,283734664.0,3.206135028242829,1413743206.0,18.313369167947393
2025-10-09,9185419538,Bsc,51943316.0,0.5687135405781474,1292931091.0,16.381792633367166
2025-10-10,9017284423,Bsc,-168135115.0,-1.8304565654777782,949456360.0,11.76842580910118
2025-10-11,8245820958,Bsc,-771463465.0,-8.555385732674258,-308505424.0,-3.60642568711379
2025-10-12,8204035514,Bsc,-41785444.0,-0.5067469232334032,-269706331.0,-3.182848096312285
2025-10-13,9029560243,Bsc,825524729.0,10.062422664934356,497906303.0,5.835988033523076
2025-10-14,9150660410,Bsc,121100167.0,1.341152434238202,300918852.0,3.400312314521492
2025-10-15,8789957677,Bsc,-360702733.0,-3.9418218668219596,-343518545.0,-3.761093111213887
2025-10-16,8600731594,Bsc,-189226083.0,-2.1527530615435553,-584687944.0,-6.365391821039323
2025-10-17,8385422588,Bsc,-215309006.0,-2.5033801328040783,-631861835.0,-7.007229730808284
2025-10-18,8106003058,Bsc,-279419530.0,-3.332205706601654,-139817900.0,-1.6956213421581823
2025-10-19,8186362263,Bsc,80359205.0,0.9913542398764852,-17673251.0,-0.21542143460789864
2025-10-20,8286761954,Bsc,100399691.0,1.2264261924222142,-742798289.0,-8.226295290247831
2025-10-21,8299271404,Bsc,12509450.0,0.1509570332711485,-851389006.0,-9.304126345565045
2025-10-22,8110353140,Bsc,-188918264.0,-2.276323484359688,-679604537.0,-7.731601925436671
2025-10-23,8132893260,Bsc,22540120.0,0.27791786141633246,-467838334.0,-5.439517893179824
2025-10-24,8615893408,Bsc,483000148.0,5.938847745310261,230470820.0,2.7484699498605547
2025-10-25,8376875248,Bsc,-239018160.0,-2.774154097334436,270872190.0,3.34162457208389
2025-10-26,8440231230,Bsc,63355982.0,0.7563199895465278,253868967.0,3.1011206057593554
2025-10-27,8589817323,Bsc,149586093.0,1.7722985179400075,303055369.0,3.6571023842879358
2025-10-28,8660166037,Bsc,70348714.0,0.8189779986546908,360894633.0,4.34850983215298
2025-10-29,8517567781,Bsc,-142598256.0,-1.6465995616106954,407214641.0,5.020923675833933
2025-10-30,8540853594,Bsc,23285813.0,0.2733857082058533,407960334.0,5.016177158090485
2025-10-31,8360766496,Bsc,-180087098.0,-2.108537466635796,-255126912.0,-2.96111964155813
2025-11-01,8307268736,Bsc,-53497760.0,-0.6398666919545604,-69606512.0,-0.8309364761832749
2025-11-02,8276817967,Bsc,-30450769.0,-0.36655572327930486,-163413263.0,-1.9361230580883015
2025-11-03,8300634106,Bsc,23816139.0,0.28774511043925255,-289183217.0,-3.366581687665071
2025-11-04,7846080127,Bsc,-454553979.0,-5.476135596332721,-814085910.0,-9.400349906940242
2025-11-05,7484493956,Bsc,-361586171.0,-4.6084944984911225,-1033073825.0,-12.128742048926933
2025-11-06,7579917270,Bsc,95423314.0,1.274946770763341,-960936324.0,-11.251057209024907
2025-11-07,7451181869,Bsc,-128735401.0,-1.6983747502035684,-909584627.0,-10.87920141574541
2025-11-08,7686722199,Bsc,235540330.0,3.161113688285422,-620546537.0,-7.469922506669702
2025-11-09,8064353795,Bsc,377631596.0,4.9127779855128395,-212464172.0,-2.566978914446383
2025-11-10,7800088236,Bsc,-264265559.0,-3.2769588948819206,-500545870.0,-6.030212434471571
2025-11-11,7718545648,Bsc,-81542588.0,-1.045405968917812,-127534479.0,-1.6254547103225159
2025-11-12,7513111437,Bsc,-205434211.0,-2.6615663153230384,28617481.0,0.3823569257753068
2025-11-13,7421498227,Bsc,-91613210.0,-1.2193777607081735,-158419043.0,-2.089983800047468
2025-11-14,7231377144,Bsc,-190121083.0,-2.5617614824500534,-219804725.0,-2.9499310158362713
2025-11-15,7173984006,Bsc,-57393138.0,-0.7936681610863028,-512738193.0,-6.670440009744394
2025-11-16,7251531570,Bsc,77547564.0,1.080955351101176,-812822225.0,-10.079198478419437
2025-11-17,7192044231,Bsc,-59487339.0,-0.8203417226521181,-608044005.0,-7.795347778165828
2025-11-18,7088044705,Bsc,-103999526.0,-1.44603568414845,-630500943.0,-8.168649532614648
2025-11-19,7198809899,Bsc,110765194.0,1.5627045061082256,-314301538.0,-4.18337383433649
2025-11-20,7090145304,Bsc,-108664595.0,-1.509479990784235,-331352923.0,-4.464771301763726
2025-11-21,6856644558,Bsc,-233500746.0,-3.2933139729628302,-374732586.0,-5.182036264156431
2025-11-22,6688721777,Bsc,-167922781.0,-2.449051858814466,-485262229.0,-6.764194464249551
2025-11-23,6677907469,Bsc,-10814308.0,-0.1616797403232728,-573624101.0,-7.910385488399663
2025-11-24,6779078929,Bsc,101171460.0,1.515017398334062,-412965302.0,-5.741973891372753
2025-11-25,6893807717,Bsc,114728788.0,1.6923949285972295,-194236988.0,-2.7403465424390316
2025-11-26,6894698020,Bsc,890303.0,0.012914531947338936,-304111879.0,-4.224474368218067
2025-11-27,7067342241,Bsc,172644221.0,2.5040142512289476,-22803063.0,-0.3216163001220185
2025-11-28,7073855527,Bsc,6513286.0,0.0921603309687491,217210969.0,3.167890170806187
2025-11-29,7047475588,Bsc,-26379939.0,-0.3729216535354851,358753811.0,5.363563068710975
2025-11-30,7015450587,Bsc,-32025001.0,-0.454418047996219,337543118.0,5.054624065501567
2025-12-01,6877175359,Bsc,-138275228.0,-1.9710099342190701,98096430.0,1.4470465829857337
2025-12-02,6571084326,Bsc,-306091033.0,-4.450824895709915,-322723391.0,-4.681351790595645
2025-12-03,6942916033,Bsc,371831707.0,5.658605011790252,48218013.0,0.6993491645338246
2025-12-04,7121688656,Bsc,178772623.0,2.5748924824999353,54346415.0,0.7689795279011369
2025-12-05,7043519221,Bsc,-78169435.0,-1.09762499844952,-30336306.0,-0.42885108247135983
2025-12-06,6919881613,Bsc,-123637608.0,-1.7553385476876238,-127593975.0,-1.810491904608491
2025-12-07,6949656514,Bsc,29774901.0,0.43028049705451377,-65794073.0,-0.9378452913904045
2025-12-08,6932568692,Bsc,-17087822.0,-0.24588009444174164,55393333.0,0.8054663449508892
2025-12-09,6994086901,Bsc,61518209.0,0.8873797250792625,423002575.0,6.437332927326667
2025-12-10,7036347351,Bsc,42260450.0,0.6042311254948585,93431318.0,1.3457071575677437
2025-12-11,6989198093,Bsc,-47149258.0,-0.6700814449317805,-132490563.0,-1.8603812859521285
2025-12-12,6883352229,Bsc,-105845864.0,-1.5144207188233727,-160166992.0,-2.2739625885092707
2025-12-13,6805661129,Bsc,-77691100.0,-1.1286811631211147,-114220484.0,-1.650613267507639
2025-12-14,6865634033,Bsc,59972904.0,0.8812208375237107,-84022481.0,-1.2090163136946108
2025-12-15,6749527074,Bsc,-116106959.0,-1.6911323621667917,-183041618.0,-2.6403145231178926
2025-12-16,6598590803,Bsc,-150936271.0,-2.2362495823066597,-395496098.0,-5.654720960693993
2025-12-17,6682465277,Bsc,83874474.0,1.2710967614762092,-353882074.0,-5.029343441234557
2025-12-18,6528383200,Bsc,-154082077.0,-2.3057669679231507,-460814893.0,-6.593244129988629
2025-12-19,6391035572,Bsc,-137347628.0,-2.1038536463362068,-492316657.0,-7.152280467732552
2025-12-20,6532500647,Bsc,141465075.0,2.213492217439339,-273160482.0,-4.013724410050623
2025-12-21,6526277291,Bsc,-6223356.0,-0.09526759102362892,-339356742.0,-4.942831796289537
2025-12-22,6510667283,Bsc,-15610008.0,-0.23918701740618387,-238859791.0,-3.538911517521237
2025-12-23,6574710688,Bsc,64043405.0,0.9836688347939937,-23880115.0,-0.36189719461227066
2025-12-24,6473844414,Bsc,-100866274.0,-1.5341553231246863,-208620863.0,-3.1219146580235946
2025-12-25,6432399960,Bsc,-41444454.0,-0.6401830403952036,-95983240.0,-1.4702451902639524
2025-12-26,6362794040,Bsc,-69605920.0,-1.082114303103754,-28241532.0,-0.44189289328524506
2025-12-27,6349917836,Bsc,-12876204.0,-0.20236713492615133,-182582811.0,-2.7949910894207064
2025-12-28,6413378880,Bsc,63461044.0,0.9993994511270143,-112898411.0,-1.729905211899152
2025-12-29,6518249516,Bsc,104870636.0,1.635185414150997,7582233.0,0.11645861584415051
2025-12-30,6491090816,Bsc,-27158700.0,-0.4166563420644587,-83619872.0,-1.2718410888044263
2025-12-31,6610434966,Bsc,119344150.0,1.8385838895648599,136590552.0,2.1098831430767184
2026-01-01,6601964294,Bsc,-8470672.0,-0.12814091725533716,169564334.0,2.6360974916740165
2026-01-02,6631899937,Bsc,29935643.0,0.4534353969046112,269105897.0,4.229366773594334
2026-01-03,6741972836,Bsc,110072899.0,1.6597490922004576,392055000.0,6.174174377143871
2026-01-04,6730825722,Bsc,-11147114.0,-0.16533905239840552,317446842.0,4.949759681124588
2026-01-05,6813486287,Bsc,82660565.0,1.22808951552289,295236771.0,4.529387380389438
2026-01-06,6906622927,Bsc,93136640.0,1.3669454384564128,415532111.0,6.401575987440311
2026-01-07,6867979480,Bsc,-38643447.0,-0.5595129111353625,257544514.0,3.896029766946496
2026-01-08,6823208635,Bsc,-44770845.0,-0.6518779668805874,221244341.0,3.3511896027834
2026-01-09,6784941237,Bsc,-38267398.0,-0.5608416809022243,153041300.0,2.307653937089249
2026-01-10,6835974068,Bsc,51032831.0,0.7521484596167971,94001232.0,1.3942689222665283
2026-01-11,6891011388,Bsc,55037320.0,0.8051130600046585,160185666.0,2.3798813491252124
2026-01-12,6888837066,Bsc,-2174322.0,-0.03155301707651326,75350779.0,1.1059063719518702
2026-01-13,6918387391,Bsc,29550325.0,0.4289595575695415,11764464.0,0.17033598220643764
2026-01-14,7195862389,Bsc,277474998.0,4.010688941196938,327882909.0,4.7740810809761
2026-01-15,7181920664,Bsc,-13941725.0,-0.19374640934368692,358712029.0,5.257233776495829
2026-01-16,7101643026,Bsc,-80277638.0,-1.1177739459361957,316701789.0,4.6677160190119915
2026-01-17,7112057216,Bsc,10414190.0,0.14664479701207433,276083148.0,4.038680446322607
2026-01-18,7169713350,Bsc,57656134.0,0.8106815264406375,278701962.0,4.0444275347640835
2026-01-19,6985053184,Bsc,-184660166.0,-2.5755585612080245,96216118.0,1.396696090765115
2026-01-20,7016945465,Bsc,31892281.0,0.45657892874821915,98558074.0,1.4245816030512115
2026-01-21,6752273103,Bsc,-264672362.0,-3.7719027933189153,-443589286.0,-6.164504850427599
2026-01-22,6802167789,Bsc,49894686.0,0.7389316936519119,-379752875.0,-5.287622806856451
2026-01-23,6811141322,Bsc,8973533.0,0.13192166495086255,-290501704.0,-4.090626675213571
2026-01-24,6800664118,Bsc,-10477204.0,-0.15382449878346138,-311393098.0,-4.378382914291789
2026-01-25,6799615910,Bsc,-1048208.0,-0.015413318196755288,-370097440.0,-5.161955882099523
2026-01-26,6649958249,Bsc,-149657661.0,-2.200972275211943,-335094935.0,-4.797314009971609
2026-01-27,6749628883,Bsc,99670634.0,1.4988159364006215,-267316582.0,-3.8095861416246546
2026-01-28,6834359197,Bsc,84730314.0,1.255332929687536,82086094.0,1.2156808936464536
2026-01-29,6843944069,Bsc,9584872.0,0.14024536498180584,41776280.0,0.6141612688172371
2026-01-30,6592624801,Bsc,-251319268.0,-3.672140880553998,-218516521.0,-3.2082218040931143
2026-01-31,6615280552,Bsc,22655751.0,0.34365297106795367,-185383566.0,-2.725962682222849
2026-02-01,6184578740,Bsc,-430701812.0,-6.510711202864794,-615037170.0,-9.045175170784026
2026-02-02,6069381871,Bsc,-115196869.0,-1.8626469779573052,-580576378.0,-8.730526662890025
2026-02-03,6172495429,Bsc,103113558.0,1.6989136652067582,-577133454.0,-8.550595358710778
2026-02-04,6046919334,Bsc,-125576095.0,-2.03444614004914,-787439863.0,-11.521780466933219
2026-02-05,5760689651,Bsc,-286229683.0,-4.7334794329174645,-1083254418.0,-15.827926223223498
2026-02-06,5106675512,Bsc,-654014139.0,-11.353052822181963,-1485949289.0,-22.539570108321715
2026-02-07,5540860332,Bsc,434184820.0,8.50229898061321,-1074420220.0,-16.241491370689786
2026-02-08,5512805320,Bsc,-28055012.0,-0.5063295286108271,-671773420.0,-10.862072393955813
2026-02-09,5545351661,Bsc,32546341.0,0.5903771149313952,-524030210.0,-8.633996363021069
2026-02-10,5537166558,Bsc,-8185103.0,-0.1476029565007586,-635328871.0,-10.292901441693392
2026-02-11,5460556948,Bsc,-76609610.0,-1.3835525660559345,-586362386.0,-9.696877924318613
2026-02-12,5437963234,Bsc,-22593714.0,-0.41376207986028035,-322726417.0,-5.602218424385663
2026-02-13,5646109838,Bsc,208146604.0,3.8276574342871017,539434326.0,10.563317068656541
2026-02-14,5766547581,Bsc,120437743.0,2.1331101670998054,225687249.0,4.073144520474448
2026-02-15,5882246365,Bsc,115698784.0,2.0063787279101186,369441045.0,6.7015071919862335
2026-02-16,5809582354,Bsc,-72664011.0,-1.2353105682951115,264230693.0,4.764904178364615
2026-02-17,5846870904,Bsc,37288550.0,0.6418456220751656,309704346.0,5.593191802268338
2026-02-18,5784855160,Bsc,-62015744.0,-1.0606655255133712,324298212.0,5.938921891818727
2026-02-19,5679778992,Bsc,-105076168.0,-1.81640101772228,241815758.0,4.446807519552265
2026-02-20,5635582693,Bsc,-44196299.0,-0.7781341327233071,-10527145.0,-0.18644952546175153
2026-02-21,5713746575,Bsc,78163882.0,1.3869707226031425,-52801006.0,-0.9156432901719636
2026-02-22,5702885374,Bsc,-10861201.0,-0.19008895227383693,-179360991.0,-3.0491920921098647
2026-02-23,5666196065,Bsc,-36689309.0,-0.6433464219230189,-143386289.0,-2.468099774870669
2026-02-24,5458845782,Bsc,-207350283.0,-3.659426546864475,-388025122.0,-6.6364578313939155
2026-02-25,5425496426,Bsc,-33349356.0,-0.6109232121919606,-359358734.0,-6.212061046658945
2026-02-26,5726154112,Bsc,300657686.0,5.541570068301804,46375120.0,0.8164951499929796
2026-02-27,5720502595,Bsc,-5651517.0,-0.09869655774993324,84919902.0,1.5068522036856935
2026-02-28,5679459135,Bsc,-41043460.0,-0.7174799647127861,-34287440.0,-0.6000868178162033
2026-03-01,5681119899,Bsc,1660764.0,0.029241587280126602,-21765475.0,-0.3816572414243269
2026-03-02,5674451609,Bsc,-6668290.0,-0.11737632928982,8255544.0,0.14569817043561528
2026-03-03,5616882068,Bsc,-57569541.0,-1.0145392888484817,158036286.0,2.89504947219994
2026-03-04,5639177804,Bsc,22295736.0,0.396941501175907,213681378.0,3.9384668465727524
2026-03-05,5956544967,Bsc,317367163.0,5.627897789902714,230390855.0,4.023483309979059
2026-03-06,5968568850,Bsc,12023883.0,0.20186002232189804,248066255.0,4.336441612959363
2026-03-07,5848939241,Bsc,-119629609.0,-2.0043265313090974,169480106.0,2.9840888361282403
2026-03-08,5807568907,Bsc,-41370334.0,-0.7073134511297652,126449008.0,2.2257760837305574
2026-03-09,5752914227,Bsc,-54654680.0,-0.9410939564423182,78462618.0,1.3827348157406716
2026-03-10,5849430699,Bsc,96516472.0,1.6776970452127005,232548631.0,4.140172931969777
2026-03-11,5918972431,Bsc,69541732.0,1.1888632514594821,279794627.0,4.961620944130107
2026-03-12,5890258370,Bsc,-28714061.0,-0.48511901913266264,-66286597.0,-1.1128363399795727
2026-03-13,5803459961,Bsc,-86798409.0,-1.4735925582157416,-165108889.0,-2.766306180752187
2026-03-14,5797914642,Bsc,-5545319.0,-0.09555194723949167,-51024599.0,-0.8723735518113562
2026-03-15,5813902467,Bsc,15987825.0,0.2757513000309464,6333560.0,0.10905699271799296
2026-03-16,5875363844,Bsc,61461377.0,1.0571449615616624,122449617.0,2.1284797959495005
2026-03-17,5957300435,Bsc,81936591.0,1.3945790111990153,107869736.0,1.8441065729429162
2026-03-18,5891198271,Bsc,-66102164.0,-1.1095993012479322,-27774160.0,-0.46923955676049234
2026-03-19,5761778365,Bsc,-129419906.0,-2.1968350078638843,-128480005.0,-2.1812286818243543
2026-03-20,5707303427,Bsc,-54474938.0,-0.9454535483507831,-96156534.0,-1.6568828706699845
2026-03-21,5747643301,Bsc,40339874.0,0.7068114481028065,-50271341.0,-0.8670590049021265
2026-03-22,5678935081,Bsc,-68708220.0,-1.195415519053622,-134967386.0,-2.3214594115756437
2026-03-23,5386858179,Bsc,-292076902.0,-5.14316324863795,-488505665.0,-8.314475119679077
2026-03-24,5449619445,Bsc,62761266.0,1.16508109021074,-507680990.0,-8.521997430535833
2026-03-25,5474702831,Bsc,25083386.0,0.4602777543120773,-416495440.0,-7.069791591470276
2026-03-26,5521407125,Bsc,46704294.0,0.8530927694475166,-240371240.0,-4.1718237803130105
2026-03-27,5380684150,Bsc,-140722975.0,-2.5486795632734704,-326619277.0,-5.722830075142593
2026-03-28,5267135720,Bsc,-113548430.0,-2.1102972565301026,-480507581.0,-8.36008005083404
2017-09-27,0,Ethereum,,,,
2017-09-28,0,Ethereum,0.0,,,
2017-09-29,0,Ethereum,0.0,,,
2017-09-30,0,Ethereum,0.0,,,
2017-10-01,0,Ethereum,0.0,,,
2017-10-02,0,Ethereum,0.0,,,
2017-10-03,0,Ethereum,0.0,,,
2017-10-04,0,Ethereum,0.0,,0.0,
2017-10-05,0,Ethereum,0.0,,0.0,
2017-10-06,0,Ethereum,0.0,,0.0,
2017-10-07,0,Ethereum,0.0,,0.0,
2017-10-08,0,Ethereum,0.0,,0.0,
2017-10-09,0,Ethereum,0.0,,0.0,
2017-10-10,0,Ethereum,0.0,,0.0,
2017-10-11,0,Ethereum,0.0,,0.0,
2017-10-12,0,Ethereum,0.0,,0.0,
2017-10-13,0,Ethereum,0.0,,0.0,
2017-10-14,0,Ethereum,0.0,,0.0,
2017-10-15,0,Ethereum,0.0,,0.0,
2017-10-16,0,Ethereum,0.0,,0.0,
2017-10-17,0,Ethereum,0.0,,0.0,
2017-10-18,0,Ethereum,0.0,,0.0,
2017-10-19,0,Ethereum,0.0,,0.0,
2017-10-20,0,Ethereum,0.0,,0.0,
2017-10-21,0,Ethereum,0.0,,0.0,
2017-10-22,0,Ethereum,0.0,,0.0,
2017-10-23,0,Ethereum,0.0,,0.0,
2017-10-24,0,Ethereum,0.0,,0.0,
2017-10-25,0,Ethereum,0.0,,0.0,
2017-10-26,0,Ethereum,0.0,,0.0,
2017-10-27,0,Ethereum,0.0,,0.0,
2017-10-28,0,Ethereum,0.0,,0.0,
2017-10-29,0,Ethereum,0.0,,0.0,
2017-10-30,0,Ethereum,0.0,,0.0,
2017-10-31,0,Ethereum,0.0,,0.0,
2017-11-01,0,Ethereum,0.0,,0.0,
2017-11-02,0,Ethereum,0.0,,0.0,
2017-11-03,0,Ethereum,0.0,,0.0,
2017-11-04,0,Ethereum,0.0,,0.0,
2017-11-05,0,Ethereum,0.0,,0.0,
2017-11-06,0,Ethereum,0.0,,0.0,
2017-11-07,0,Ethereum,0.0,,0.0,
2017-11-08,0,Ethereum,0.0,,0.0,
2017-11-09,0,Ethereum,0.0,,0.0,
2017-11-10,0,Ethereum,0.0,,0.0,
2017-11-11,0,Ethereum,0.0,,0.0,
2017-11-12,0,Ethereum,0.0,,0.0,
2017-11-13,0,Ethereum,0.0,,0.0,
2017-11-14,0,Ethereum,0.0,,0.0,
2017-11-15,0,Ethereum,0.0,,0.0,
2017-11-16,0,Ethereum,0.0,,0.0,
2017-11-17,0,Ethereum,0.0,,0.0,
2017-11-18,0,Ethereum,0.0,,0.0,
2017-11-19,0,Ethereum,0.0,,0.0,
2017-11-20,0,Ethereum,0.0,,0.0,
2017-11-21,0,Ethereum,0.0,,0.0,
2017-11-22,0,Ethereum,0.0,,0.0,
2017-11-23,0,Ethereum,0.0,,0.0,
2017-11-24,0,Ethereum,0.0,,0.0,
2017-11-25,0,Ethereum,0.0,,0.0,
2017-11-26,0,Ethereum,0.0,,0.0,
2017-11-27,0,Ethereum,0.0,,0.0,
2017-11-28,0,Ethereum,0.0,,0.0,
2017-11-29,0,Ethereum,0.0,,0.0,
2017-11-30,0,Ethereum,0.0,,0.0,
2017-12-01,0,Ethereum,0.0,,0.0,
2017-12-02,0,Ethereum,0.0,,0.0,
2017-12-03,0,Ethereum,0.0,,0.0,
2017-12-04,0,Ethereum,0.0,,0.0,
2017-12-05,0,Ethereum,0.0,,0.0,
2017-12-06,0,Ethereum,0.0,,0.0,
2017-12-07,0,Ethereum,0.0,,0.0,
2017-12-08,0,Ethereum,0.0,,0.0,
2017-12-09,0,Ethereum,0.0,,0.0,
2017-12-10,0,Ethereum,0.0,,0.0,
2017-12-11,0,Ethereum,0.0,,0.0,
2017-12-12,0,Ethereum,0.0,,0.0,
2017-12-13,0,Ethereum,0.0,,0.0,
2017-12-14,0,Ethereum,0.0,,0.0,
2017-12-15,0,Ethereum,0.0,,0.0,
2017-12-16,0,Ethereum,0.0,,0.0,
2017-12-17,0,Ethereum,0.0,,0.0,
2017-12-18,0,Ethereum,0.0,,0.0,
2017-12-19,0,Ethereum,0.0,,0.0,
2017-12-20,0,Ethereum,0.0,,0.0,
2017-12-21,0,Ethereum,0.0,,0.0,
2017-12-22,0,Ethereum,0.0,,0.0,
2017-12-23,0,Ethereum,0.0,,0.0,
2017-12-24,0,Ethereum,0.0,,0.0,
2017-12-25,0,Ethereum,0.0,,0.0,
2017-12-26,0,Ethereum,0.0,,0.0,
2017-12-27,0,Ethereum,0.0,,0.0,
2017-12-28,0,Ethereum,0.0,,0.0,
2017-12-29,0,Ethereum,0.0,,0.0,
2017-12-30,0,Ethereum,0.0,,0.0,
2017-12-31,0,Ethereum,0.0,,0.0,
2018-01-01,0,Ethereum,0.0,,0.0,
2018-01-02,0,Ethereum,0.0,,0.0,
2018-01-03,0,Ethereum,0.0,,0.0,
2018-01-04,0,Ethereum,0.0,,0.0,
2018-01-05,0,Ethereum,0.0,,0.0,
2018-01-06,0,Ethereum,0.0,,0.0,
2018-01-07,0,Ethereum,0.0,,0.0,
2018-01-08,0,Ethereum,0.0,,0.0,
2018-01-09,0,Ethereum,0.0,,0.0,
2018-01-10,0,Ethereum,0.0,,0.0,
2018-01-11,0,Ethereum,0.0,,0.0,
2018-01-12,0,Ethereum,0.0,,0.0,
2018-01-13,0,Ethereum,0.0,,0.0,
2018-01-14,0,Ethereum,0.0,,0.0,
2018-01-15,0,Ethereum,0.0,,0.0,
2018-01-16,0,Ethereum,0.0,,0.0,
2018-01-17,0,Ethereum,0.0,,0.0,
2018-01-18,0,Ethereum,0.0,,0.0,
2018-01-19,0,Ethereum,0.0,,0.0,
2018-01-20,0,Ethereum,0.0,,0.0,
2018-01-21,0,Ethereum,0.0,,0.0,
2018-01-22,0,Ethereum,0.0,,0.0,
2018-01-23,0,Ethereum,0.0,,0.0,
2018-01-24,0,Ethereum,0.0,,0.0,
2018-01-25,0,Ethereum,0.0,,0.0,
2018-01-26,0,Ethereum,0.0,,0.0,
2018-01-27,0,Ethereum,0.0,,0.0,
2018-01-28,0,Ethereum,0.0,,0.0,
2018-01-29,0,Ethereum,0.0,,0.0,
2018-01-30,0,Ethereum,0.0,,0.0,
2018-01-31,0,Ethereum,0.0,,0.0,
2018-02-01,0,Ethereum,0.0,,0.0,
2018-02-02,0,Ethereum,0.0,,0.0,
2018-02-03,0,Ethereum,0.0,,0.0,
2018-02-04,0,Ethereum,0.0,,0.0,
2018-02-05,0,Ethereum,0.0,,0.0,
2018-02-06,0,Ethereum,0.0,,0.0,
2018-02-07,0,Ethereum,0.0,,0.0,
2018-02-08,0,Ethereum,0.0,,0.0,
2018-02-09,0,Ethereum,0.0,,0.0,
2018-02-10,0,Ethereum,0.0,,0.0,
2018-02-11,0,Ethereum,0.0,,0.0,
2018-02-12,6685317,Ethereum,6685317.0,inf,6685317.0,inf
2018-02-13,6685317,Ethereum,0.0,0.0,6685317.0,inf
2018-02-14,6685317,Ethereum,0.0,0.0,6685317.0,inf
2018-02-15,7335070,Ethereum,649753.0,9.71910531692064,7335070.0,inf
2018-02-16,11799306,Ethereum,4464236.0,60.86153233711471,11799306.0,inf
2018-02-17,11799306,Ethereum,0.0,0.0,11799306.0,inf
2018-02-18,11799306,Ethereum,0.0,0.0,11799306.0,inf
2018-02-19,11799306,Ethereum,0.0,0.0,5113989.0,76.49583407937126
2018-02-20,11799306,Ethereum,0.0,0.0,5113989.0,76.49583407937126
2018-02-21,11620897,Ethereum,-178409.0,-1.5120296058090177,4935580.0,73.82716481507158
2018-02-22,9686994,Ethereum,-1933903.0,-16.641598320680405,2351924.0,32.06409754780799
2018-02-23,11924788,Ethereum,2237794.0,23.10101565046907,125482.0,1.0634693260773043
2018-02-24,11924788,Ethereum,0.0,0.0,125482.0,1.0634693260773043
2018-02-25,11924788,Ethereum,0.0,0.0,125482.0,1.0634693260773043
2018-02-26,11293138,Ethereum,-631650.0,-5.296949513903304,-506168.0,-4.289811621124162
2018-02-27,11293138,Ethereum,0.0,0.0,-506168.0,-4.289811621124162
2018-02-28,18351636,Ethereum,7058498.0,62.5025391525367,6730739.0,57.91927249677886
2018-03-01,18351636,Ethereum,0.0,0.0,8664642.0,89.44613778020303
2018-03-02,18351636,Ethereum,0.0,0.0,6426848.0,53.89486169481587
2018-03-03,18351636,Ethereum,0.0,0.0,6426848.0,53.89486169481587
2018-03-04,18351636,Ethereum,0.0,0.0,6426848.0,53.89486169481587
2018-03-05,18351636,Ethereum,0.0,0.0,7058498.0,62.5025391525367
2018-03-06,15284730,Ethereum,-3066906.0,-16.711894242017443,3991592.0,35.34528666877177
2018-03-07,15284730,Ethereum,0.0,0.0,-3066906.0,-16.711894242017443
2018-03-08,14201508,Ethereum,-1083222.0,-7.0869554123625385,-4150128.0,-22.61448516088702
2018-03-09,14201508,Ethereum,0.0,0.0,-4150128.0,-22.61448516088702
2018-03-10,14201508,Ethereum,0.0,0.0,-4150128.0,-22.61448516088702
2018-03-11,14201508,Ethereum,0.0,0.0,-4150128.0,-22.61448516088702
2018-03-12,14201508,Ethereum,0.0,0.0,-4150128.0,-22.61448516088702
2018-03-13,14201508,Ethereum,0.0,0.0,-1083222.0,-7.0869554123625385
2018-03-14,14529180,Ethereum,327672.0,2.3073042665609833,-755550.0,-4.943168770400264
2018-03-15,10883302,Ethereum,-3645878.0,-25.093487726079523,-3318206.0,-23.365166572451322
2018-03-16,10883302,Ethereum,0.0,0.0,-3318206.0,-23.365166572451322
2018-03-17,10883302,Ethereum,0.0,0.0,-3318206.0,-23.365166572451322
2018-03-18,10883302,Ethereum,0.0,0.0,-3318206.0,-23.365166572451322
2018-03-19,10883302,Ethereum,0.0,0.0,-3318206.0,-23.365166572451322
2018-03-20,10883302,Ethereum,0.0,0.0,-3318206.0,-23.365166572451322
2018-03-21,10883302,Ethereum,0.0,0.0,-3645878.0,-25.093487726079523
2018-03-22,10883302,Ethereum,0.0,0.0,0.0,0.0
2018-03-23,10883302,Ethereum,0.0,0.0,0.0,0.0
2018-03-24,10883302,Ethereum,0.0,0.0,0.0,0.0
2018-03-25,10883302,Ethereum,0.0,0.0,0.0,0.0
2018-03-26,10883302,Ethereum,0.0,0.0,0.0,0.0
2018-03-27,10883302,Ethereum,0.0,0.0,0.0,0.0
2018-03-28,10883302,Ethereum,0.0,0.0,0.0,0.0
2018-03-29,10975192,Ethereum,91890.0,0.8443209606790347,91890.0,0.8443209606790347
2018-03-30,8872233,Ethereum,-2102959.0,-19.161022422204553,-2011069.0,-18.478481990116602
2018-03-31,8872233,Ethereum,0.0,0.0,-2011069.0,-18.478481990116602
2018-04-01,8872233,Ethereum,0.0,0.0,-2011069.0,-18.478481990116602
2018-04-02,8872233,Ethereum,0.0,0.0,-2011069.0,-18.478481990116602
2018-04-03,8709109,Ethereum,-163124.0,-1.8385901271979699,-2174193.0,-19.977328571788235
2018-04-04,8709109,Ethereum,0.0,0.0,-2174193.0,-19.977328571788235
2018-04-05,8709109,Ethereum,0.0,0.0,-2266083.0,-20.647319882877678
2018-04-06,8994812,Ethereum,285703.0,3.2805077993627085,122579.0,1.3816025796437037
2018-04-07,11513795,Ethereum,2518983.0,28.004843236301102,2641562.0,29.773361452522717
2018-04-08,11513795,Ethereum,0.0,0.0,2641562.0,29.773361452522717
2018-04-09,11513795,Ethereum,0.0,0.0,2641562.0,29.773361452522717
2018-04-10,11513795,Ethereum,0.0,0.0,2804686.0,32.20405210222999
2018-04-11,11513795,Ethereum,0.0,0.0,2804686.0,32.20405210222999
2018-04-12,11513795,Ethereum,0.0,0.0,2804686.0,32.20405210222999
2018-04-13,11513795,Ethereum,0.0,0.0,2518983.0,28.004843236301102
2018-04-14,11599561,Ethereum,85766.0,0.7448977509153076,85766.0,0.7448977509153076
2018-04-15,11860237,Ethereum,260676.0,2.2472919449279205,346442.0,3.008929722997511
2018-04-16,16745423,Ethereum,4885186.0,41.18961535085681,5231628.0,45.43791165293458
2018-04-17,16745423,Ethereum,0.0,0.0,5231628.0,45.43791165293458
2018-04-18,16745423,Ethereum,0.0,0.0,5231628.0,45.43791165293458
2018-04-19,16745423,Ethereum,0.0,0.0,5231628.0,45.43791165293458
2018-04-20,19173183,Ethereum,2427760.0,14.4980511988261,7659388.0,66.5235745468805
2018-04-21,19173183,Ethereum,0.0,0.0,7573622.0,65.2923158040205
2018-04-22,19557950,Ethereum,384767.0,2.0067977236747803,7697713.0,64.90353438974282
2018-04-23,21963401,Ethereum,2405451.0,12.2990957641266,5217978.0,31.160622218978883
2018-04-24,21963401,Ethereum,0.0,0.0,5217978.0,31.160622218978883
2018-04-25,21963401,Ethereum,0.0,0.0,5217978.0,31.160622218978883
2018-04-26,21963401,Ethereum,0.0,0.0,5217978.0,31.160622218978883
2018-04-27,22367479,Ethereum,404078.0,1.8397788211397703,3194296.0,16.66022798614084
2018-04-28,28948697,Ethereum,6581218.0,29.423154929529606,9775514.0,50.98534760764552
2018-04-29,28977326,Ethereum,28629.0,0.09889564286780228,9419376.0,48.16136660539576
2018-04-30,28969763,Ethereum,-7563.0,-0.026099716723348987,7006362.0,31.900168830865482
2018-05-01,28984307,Ethereum,14544.0,0.05020406967084501,7020906.0,31.966388083521302
2018-05-02,28977941,Ethereum,-6366.0,-0.021963609480124546,7014540.0,31.937403501397622
2018-05-03,35203792,Ethereum,6225851.0,21.484794244007887,13240391.0,60.28388317455935
2018-05-04,29514151,Ethereum,-5689641.0,-16.162011751461325,7146672.0,31.951173397770937
2018-05-05,29565821,Ethereum,51670.0,0.1750685628734594,617124.0,2.1317850679082317
2018-05-06,29590838,Ethereum,25017.0,0.08461459602289167,613512.0,2.1172139900003106
2018-05-07,29584982,Ethereum,-5856.0,-0.01978990929557556,615219.0,2.1236590717017556
2018-05-08,23996888,Ethereum,-5588094.0,-18.888279195167335,-4987419.0,-17.207308078816585
2018-05-09,24006329,Ethereum,9441.0,0.039342601423975054,-4971612.0,-17.156539865962184
2018-05-10,29220087,Ethereum,5213758.0,21.718264379364282,-5983705.0,-16.997330855721447
2018-05-11,29200576,Ethereum,-19511.0,-0.06677255957520112,-313575.0,-1.0624564467397346
2018-05-12,29180118,Ethereum,-20458.0,-0.07006026182496683,-385703.0,-1.3045570424037978
2018-05-13,29161024,Ethereum,-19094.0,-0.0654349649991115,-429814.0,-1.4525239197348827
2018-05-14,29172651,Ethereum,11627.0,0.03987171369566056,-412331.0,-1.3937172583035506
2018-05-15,29192404,Ethereum,19753.0,0.06771067874495884,5195516.0,21.6507907191966
2018-05-16,27637293,Ethereum,-1555111.0,-5.327108380659573,3630964.0,15.125028070722513
2018-05-17,27621514,Ethereum,-15779.0,-0.05709314584463332,-1598573.0,-5.470801644088197
2018-05-18,26702764,Ethereum,-918750.0,-3.3262115899946654,-2497812.0,-8.553981948849232
2018-05-19,30301579,Ethereum,3598815.0,13.477312685683017,1121461.0,3.843236686020246
2018-05-20,30305637,Ethereum,4058.0,0.013392041385040798,1144613.0,3.925146798685808
2018-05-21,30318592,Ethereum,12955.0,0.04274782278954614,1145941.0,3.9281346079929502
2018-05-22,29046638,Ethereum,-1271954.0,-4.195293765620778,-145766.0,-0.49932852395437877
2018-05-23,29017571,Ethereum,-29067.0,-0.10007010105610448,1380278.0,4.9942590252959995
2018-05-24,28956511,Ethereum,-61060.0,-0.2104242288232916,1334997.0,4.83317822477074
2018-05-25,28999900,Ethereum,43389.0,0.14984194746390234,2297136.0,8.602615070110353
2018-05-26,28971623,Ethereum,-28277.0,-0.09750723278355578,-1329956.0,-4.389065005490311
2018-05-27,24783617,Ethereum,-4188006.0,-14.455545000016045,-5522020.0,-18.221098602877085
2018-05-28,24794527,Ethereum,10910.0,0.044021015980022504,-5524065.0,-18.220057844374825
2018-05-29,24743844,Ethereum,-50683.0,-0.20441204625520903,-4302794.0,-14.813397681342677
2018-05-30,31952258,Ethereum,7208414.0,29.13215101097468,2934687.0,10.113482620581848
2018-05-31,31943323,Ethereum,-8935.0,-0.027963594935920266,2986812.0,10.314820041682516
2018-06-01,31963581,Ethereum,20258.0,0.06341857420406605,2963681.0,10.21962489525825
2018-06-02,31952510,Ethereum,-11071.0,-0.034636294350121055,2980887.0,10.288988642438145
2018-06-03,31986000,Ethereum,33490.0,0.10481179725787548,7202383.0,29.061064815519067
2018-06-04,30750887,Ethereum,-1235113.0,-3.861417495154129,5956360.0,24.022882146531764
2018-06-05,30741186,Ethereum,-9701.0,-0.03154705748813491,5997342.0,24.237713428843154
2018-06-06,30734367,Ethereum,-6819.0,-0.022181967865519958,-1217891.0,-3.8115960380640357
2018-06-07,30749864,Ethereum,15497.0,0.05042238221466544,-1193459.0,-3.7361767277624858
2018-06-08,30135166,Ethereum,-614698.0,-1.999026727402764,-1828415.0,-5.720307120782242
2018-06-09,30137891,Ethereum,2725.0,0.009042591635299857,-1814619.0,-5.67911253294342
2018-06-10,30134960,Ethereum,-2931.0,-0.009725298960039375,-1851040.0,-5.7870318264240606
2018-06-11,20200363,Ethereum,-9934597.0,-32.967015718620495,-10550524.0,-34.30965747427058
2018-06-12,20202458,Ethereum,2095.0,0.01037110075694514,-10538728.0,-34.28211260294252
2018-06-13,20177422,Ethereum,-25036.0,-0.12392551441017252,-10556945.0,-34.34899114727171
2018-06-14,20171150,Ethereum,-6272.0,-0.031084248522927904,-10578714.0,-34.40247410525132
2018-06-15,21673737,Ethereum,1502587.0,7.449188568822307,-8461429.0,-28.078255815813325
2018-06-16,21665463,Ethereum,-8274.0,-0.038175234847592776,-8472428.0,-28.11221262960968
2018-06-17,24002627,Ethereum,2337164.0,10.787510056904859,-6132333.0,-20.349564094327654
2018-06-18,24004364,Ethereum,1737.0,0.00723670788200792,3804001.0,18.831349713864043
2018-06-19,24031704,Ethereum,27340.0,0.11389595658521934,3829246.0,18.954356940130744
2018-06-20,24037291,Ethereum,5587.0,0.02324845545700338,3859869.0,19.12964401497872
2018-06-21,24045886,Ethereum,8595.0,0.03575694116280115,3874736.0,19.2092964456662
2018-06-22,23763827,Ethereum,-282059.0,-1.1730031490625903,2090090.0,9.64342235951281
2018-06-23,21165759,Ethereum,-2598068.0,-10.932868683146024,-499704.0,-2.306454286252735
2018-06-24,21175105,Ethereum,9346.0,0.044156224210989414,-2827522.0,-11.780052241781702
2018-06-25,21162437,Ethereum,-12668.0,-0.059824968990707106,-2841927.0,-11.839209737029488
2018-06-26,21165475,Ethereum,3038.0,0.014355624543616052,-2866229.0,-11.926865444081702
2018-06-27,19744994,Ethereum,-1420481.0,-6.711311699831923,-4292297.0,-17.856825047381587
2018-06-28,19764441,Ethereum,19447.0,0.09849078708252801,-4281445.0,-17.805311894101138
2018-06-29,19771694,Ethereum,7253.0,0.03669721799872683,-3992133.0,-16.79920073479747
2018-06-30,22475278,Ethereum,2703584.0,13.674012960143923,1309519.0,6.186969245941043
2018-07-01,22483726,Ethereum,8448.0,0.037587966653851446,1308621.0,6.1799976906844245
2018-07-02,22490475,Ethereum,6749.0,0.03001726671103544,1328038.0,6.275449278360523
2018-07-03,22513321,Ethereum,22846.0,0.10158078030810813,1347846.0,6.368134898933286
2018-07-04,22493042,Ethereum,-20279.0,-0.09007556015392382,2748048.0,13.917694783801915
2018-07-05,22510025,Ethereum,16983.0,0.07550334899120159,2745584.0,13.89153379040673
2018-07-06,22526670,Ethereum,16645.0,0.0739448312474078,2754976.0,13.933940106497712
2018-07-07,22495522,Ethereum,-31148.0,-0.13827165755080362,20244.0,0.09007230077420214
2018-07-08,25093689,Ethereum,2598167.0,11.549707537348986,2609963.0,11.608231660535262
2018-07-09,23126728,Ethereum,-1966961.0,-7.8384688676104926,636253.0,2.8289887163343685
2018-07-10,19628038,Ethereum,-3498690.0,-15.12833981529942,-2885283.0,-12.815892422090903
2018-07-11,19573614,Ethereum,-54424.0,-0.2772768220644317,-2919428.0,-12.97924931629968
2018-07-12,19899688,Ethereum,326074.0,1.665885513017673,-2610337.0,-11.596330968090884
2018-07-13,19890030,Ethereum,-9658.0,-0.04853342424263607,-2636640.0,-11.70452623490289
2018-07-14,19896837,Ethereum,6807.0,0.034223176133973965,-2598685.0,-11.552010217855802
2018-07-15,19888431,Ethereum,-8406.0,-0.04224792111429121,-5205258.0,-20.743295256428816
2018-07-16,19913834,Ethereum,25403.0,0.1277275215928242,-3212894.0,-13.892557563698594
2018-07-17,19929339,Ethereum,15505.0,0.07786044616018284,301301.0,1.5350540894612186
2018-07-18,19924898,Ethereum,-4441.0,-0.022283729530614416,351284.0,1.794681350107341
2018-07-19,19894895,Ethereum,-30003.0,-0.15058044462762377,-4793.0,-0.02408580476236377
2018-07-20,20149827,Ethereum,254932.0,1.2813940460605577,259797.0,1.3061669590241909
2018-07-21,20590476,Ethereum,440649.0,2.186862448000171,693639.0,3.4861772250533996
2018-07-22,20596340,Ethereum,5864.0,0.028479186202390316,707909.0,3.5594009401747284
2018-07-23,20605860,Ethereum,9520.0,0.04622180445652546,692026.0,3.475101781003098
2018-07-24,20578762,Ethereum,-27098.0,-0.1315062802523137,649423.0,3.2586278952854375
2018-07-25,20265462,Ethereum,-313300.0,-1.5224433811907634,340564.0,1.7092383609692785
2018-07-26,20259382,Ethereum,-6080.0,-0.030001783329691722,364487.0,1.8320629488117524
2018-07-27,20250097,Ethereum,-9285.0,-0.04583061813040468,100270.0,0.49762213839354974
2018-07-28,17813102,Ethereum,-2436995.0,-12.034485563204955,-2777374.0,-13.48863425983935
2018-07-29,17815710,Ethereum,2608.0,0.014640908697427513,-2780630.0,-13.500602534236661
2018-07-30,17814972,Ethereum,-738.0,-0.004142411388596834,-2790888.0,-13.544147150373732
2018-07-31,17810324,Ethereum,-4648.0,-0.026090414287482933,-2768438.0,-13.45288895415575
2018-08-01,17795180,Ethereum,-15144.0,-0.08502933467128271,-2470282.0,-12.1896160077673
2018-08-02,16575227,Ethereum,-1219953.0,-6.8555249230409565,-3684155.0,-18.184932788176855
2018-08-03,16575865,Ethereum,638.0,0.0038491177224875273,-3674232.0,-18.144268642268724
2018-08-04,16174201,Ethereum,-401664.0,-2.42318575832996,-1638901.0,-9.200536773437884
2018-08-05,16159086,Ethereum,-15115.0,-0.09345129320452727,-1656624.0,-9.29866954502515
2018-08-06,358439,Ethereum,-15800647.0,-97.78181142175987,-17456533.0,-97.98799010180875
2018-08-07,367117,Ethereum,8678.0,2.4210535125920973,-17443207.0,-97.93874047434511
2018-08-08,367758,Ethereum,641.0,0.17460373668340967,-17427422.0,-97.93338420853287
2018-08-09,340001,Ethereum,-27757.0,-7.547626428249011,-16235226.0,-97.94874000820623
2018-08-10,337587,Ethereum,-2414.0,-0.7099979117708433,-16238278.0,-97.96338230312566
2018-08-11,16800664,Ethereum,16463077.0,4876.691638007388,626463.0,3.873223783975477
2018-08-12,16800809,Ethereum,145.0,0.0008630611266324806,641723.0,3.9712827817117935
2018-08-13,16533578,Ethereum,-267231.0,-1.5905841200861248,16175139.0,4512.66156863511
2018-08-14,16535473,Ethereum,1895.0,0.011461523936318052,16168356.0,4404.142548560813
2018-08-15,16534267,Ethereum,-1206.0,-0.007293410959574587,16166509.0,4395.963921926919
2018-08-16,16552382,Ethereum,18115.0,0.10956034519098434,16212381.0,4768.333328431387
2018-08-17,16562358,Ethereum,9976.0,0.06026927121425274,16224771.0,4806.100649610323
2018-08-18,16790597,Ethereum,228239.0,1.3780586073553147,-10067.0,-0.05992025077103946
2018-08-19,16788445,Ethereum,-2152.0,-0.01281669734554125,-12364.0,-0.0735916943047199
2018-08-20,16786536,Ethereum,-1909.0,-0.01137091612712915,252958.0,1.529965262207611
2018-08-21,16782137,Ethereum,-4399.0,-0.02620552566652279,246664.0,1.491726302598062
2018-08-22,16948572,Ethereum,166435.0,0.9917390139289273,414305.0,2.5057355127989567
2018-08-23,12059764,Ethereum,-4888808.0,-28.84495519740542,-4492618.0,-27.14182164234731
2018-08-24,14320257,Ethereum,2260493.0,18.744089851177858,-2242101.0,-13.537329648350793
2018-08-25,12189870,Ethereum,-2130387.0,-14.876737198222067,-4600727.0,-27.400615951892593
2018-08-26,13119602,Ethereum,929732.0,7.627087081322448,-3668843.0,-21.85338189451137
2018-08-27,20787329,Ethereum,7667727.0,58.44481410335467,4000793.0,23.833344771071285
2018-08-28,21681043,Ethereum,893714.0,4.299320995015754,4898906.0,29.19119299288284
2018-08-29,13842550,Ethereum,-7838493.0,-36.1536712048401,-3106022.0,-18.32615750754695
2018-08-30,13838204,Ethereum,-4346.0,-0.03139594944573387,1778440.0,14.74688891092728
2018-08-31,13826746,Ethereum,-11458.0,-0.08279976216566398,-493511.0,-3.4462440164307107
2018-09-01,33918185,Ethereum,20091439.0,145.30851293572616,21728315.0,178.24894769181293
2018-09-02,34461150,Ethereum,542965.0,1.6008079441750755,21341548.0,162.66917243373692
2018-09-03,34454043,Ethereum,-7107.0,-0.020623223543037028,13666714.0,65.74540673311131
2018-09-04,34394921,Ethereum,-59122.0,-0.17159669766476648,12713878.0,58.640527579784795
2018-09-05,34281081,Ethereum,-113840.0,-0.3309791000828288,20438531.0,147.65004280280726
2018-09-06,34141470,Ethereum,-139611.0,-0.40725378525841016,20303266.0,146.71893838246638
2018-09-07,31632459,Ethereum,-2509011.0,-7.348866349339966,17805713.0,128.77732041942477
2018-09-08,31627730,Ethereum,-4729.0,-0.01494983365030178,-2290455.0,-6.75288197172107
2018-09-09,31565234,Ethereum,-62496.0,-0.1975987527400802,-2895916.0,-8.403422404649874
2018-09-10,30914431,Ethereum,-650803.0,-2.061771504687726,-3539612.0,-10.273430029677499
2018-09-11,32694805,Ethereum,1780374.0,5.759038553871498,-1700116.0,-4.942927474669878
2018-09-12,32416971,Ethereum,-277834.0,-0.8497802632558948,-1864110.0,-5.437722340202744
2018-09-13,32697437,Ethereum,280466.0,0.8651826230155812,-1444033.0,-4.229557192470034
2018-09-14,31981413,Ethereum,-716024.0,-2.189847479482876,348954.0,1.1031516708833733
2018-09-15,17286027,Ethereum,-14695386.0,-45.949770887233775,-14341703.0,-45.345344101521036
2018-09-16,18181250,Ethereum,895223.0,5.178882342368207,-13383984.0,-42.40102892948615
2018-09-17,16785441,Ethereum,-1395809.0,-7.6771894121691275,-14128990.0,-45.70354214185601
2018-09-18,17156973,Ethereum,371532.0,2.2134181639910544,-15537832.0,-47.52385585416399
2018-09-19,17052370,Ethereum,-104603.0,-0.6096821391512353,-15364601.0,-47.396781765945995
2018-09-20,17295231,Ethereum,242861.0,1.4242067231710287,-15402206.0,-47.10523947182772
2018-09-21,17467378,Ethereum,172147.0,0.9953437453364966,-14514035.0,-45.38271964406325
2018-09-22,17735981,Ethereum,268603.0,1.5377408103265378,449954.0,2.602992578919383
2018-09-23,12120894,Ethereum,-5615087.0,-31.659297560140597,-6060356.0,-33.33299965623926
2018-09-24,12001453,Ethereum,-119441.0,-0.9854141121933724,-4783988.0,-28.50081806012723
2018-09-25,10599223,Ethereum,-1402230.0,-11.683835282277899,-6557750.0,-38.22206865978048
2018-09-26,15541932,Ethereum,4942709.0,46.63274845712746,-1510438.0,-8.857642661987752
2018-09-27,11336827,Ethereum,-4205105.0,-27.056513952062076,-5958404.0,-34.451138582653215
2018-09-28,14120352,Ethereum,2783525.0,24.552945899236178,-3347026.0,-19.16158223632648
2018-09-29,15375082,Ethereum,1254730.0,8.885968281810541,-2360899.0,-13.311352780542563
2018-09-30,15840876,Ethereum,465794.0,3.0295383140070298,3719982.0,30.690656976292342
2018-10-01,16736615,Ethereum,895739.0,5.654605212489505,4735162.0,39.454906001798285
2018-10-02,17016009,Ethereum,279394.0,1.669357871947219,6416786.0,60.54015468869747
2018-10-03,16680954,Ethereum,-335055.0,-1.9690574916832682,1139022.0,7.328702763594652
2018-10-04,14741093,Ethereum,-1939861.0,-11.629196987174717,3404266.0,30.028384485359094
2018-10-05,15414443,Ethereum,673350.0,4.567843103628744,1294091.0,9.164721955939914
2018-10-06,16097534,Ethereum,683091.0,4.4314997304800485,722452.0,4.6988497362160375
2018-10-07,15813653,Ethereum,-283881.0,-1.763506137026949,-27223.0,-0.1718528697529087
2018-10-08,14055504,Ethereum,-1758149.0,-11.117918168559793,-2681111.0,-16.019434037288903
2018-10-09,14110331,Ethereum,54827.0,0.390074948575303,-2905678.0,-17.07614282526532
2018-10-10,14232859,Ethereum,122528.0,0.8683566671823684,-2448095.0,-14.675989155056723
2018-10-11,14193284,Ethereum,-39575.0,-0.2780537627752766,-547809.0,-3.7162034049985304
2018-10-12,11928443,Ethereum,-2264841.0,-15.957131556023253,-3486000.0,-22.615153852785987
2018-10-13,12858389,Ethereum,929946.0,7.796038426808938,-3239145.0,-20.121995083222068
2018-10-14,13118608,Ethereum,260219.0,2.023729411203856,-2695045.0,-17.042520156474914
2018-10-15,13107525,Ethereum,-11083.0,-0.0844830488112791,-947979.0,-6.744539363369684
2018-10-16,15120367,Ethereum,2012842.0,15.356384977331716,1010036.0,7.15813115936117
2018-10-17,14676038,Ethereum,-444329.0,-2.9386125349999737,443179.0,3.113773557371702
2018-10-18,16459120,Ethereum,1783082.0,12.14961422149492,2265836.0,15.964141913879825
2018-10-19,15766661,Ethereum,-692459.0,-4.207144731917623,3838218.0,32.17702427718354
2018-10-20,16173353,Ethereum,406692.0,2.579442787537567,3314964.0,25.78055462468898
2018-10-21,15344886,Ethereum,-828467.0,-5.122419574963832,2226278.0,16.97038283330061
2018-10-22,16626445,Ethereum,1281559.0,8.351701016221291,3518920.0,26.84656332908004
2018-10-23,17177485,Ethereum,551040.0,3.314238251171542,2057118.0,13.604947551868275
2018-10-24,17060213,Ethereum,-117272.0,-0.6827076257088893,2384175.0,16.245358590649595
2018-10-25,17745805,Ethereum,685592.0,4.018660259400053,1286685.0,7.817459256630976
2018-10-26,18335693,Ethereum,589888.0,3.3240982868909086,2569032.0,16.294077737829205
2018-10-27,16297339,Ethereum,-2038354.0,-11.116863704033442,123986.0,0.7666066523126069
2018-10-28,18124774,Ethereum,1827435.0,11.213088222561973,2779888.0,18.116055081803808
2018-10-29,18378903,Ethereum,254129.0,1.4021085173255177,1752458.0,10.5401846275617
2018-10-30,17137508,Ethereum,-1241395.0,-6.754456454773172,-39977.0,-0.2327290636551238
2018-10-31,15904405,Ethereum,-1233103.0,-7.195346021136794,-1155808.0,-6.774874381697349
2018-11-01,16170857,Ethereum,266452.0,1.6753346006971093,-1574948.0,-8.875043989269582
2018-11-02,16004698,Ethereum,-166159.0,-1.0275212995823235,-2330995.0,-12.712881918343633
2018-11-03,11825468,Ethereum,-4179230.0,-26.112520211252964,-4471871.0,-27.43927091410444
2018-11-04,18343307,Ethereum,6517839.0,55.11696450406867,218533.0,1.205714344355413
2018-11-05,16132848,Ethereum,-2210459.0,-12.050493403397766,-2246055.0,-12.220832766787005
2018-11-06,16123521,Ethereum,-9327.0,-0.05781372266074891,-1013987.0,-5.916770396255977
2018-11-07,16610845,Ethereum,487324.0,3.022441562236944,706440.0,4.441788297015825
2018-11-08,16583198,Ethereum,-27647.0,-0.1664394556688764,412341.0,2.5499019625243147
2018-11-09,15826144,Ethereum,-757054.0,-4.565187004340176,-178554.0,-1.115634921696118
2018-11-10,15734245,Ethereum,-91899.0,-0.5806784015108146,3908777.0,33.05388843807282
2018-11-11,16062153,Ethereum,327908.0,2.0840402574130446,-2281154.0,-12.435892830011507
2018-11-12,15554185,Ethereum,-507968.0,-3.1625150127756796,-578663.0,-3.586862034527316
2018-11-13,15761892,Ethereum,207707.0,1.335376941961286,-361629.0,-2.2428661828889584
2018-11-14,15442880,Ethereum,-319012.0,-2.0239448411396244,-1167965.0,-7.031340067287362
2018-11-15,12952073,Ethereum,-2490807.0,-16.129161140927085,-3631125.0,-21.896409848088403
2018-11-16,12990309,Ethereum,38236.0,0.29521143063353517,-2835835.0,-17.918673051376256
2018-11-17,12813281,Ethereum,-177028.0,-1.3627697385797388,-2920964.0,-18.564373441496564
2018-11-18,12519141,Ethereum,-294140.0,-2.2955868992493023,-3543012.0,-22.058138781270475
2018-11-19,23183102,Ethereum,10663961.0,85.18125165296884,7628917.0,49.0473592798337
2018-11-20,10263670,Ethereum,-12919432.0,-55.72779691000799,-5498222.0,-34.88300769983705
2018-11-21,8741508,Ethereum,-1522162.0,-14.830582043265228,-6701372.0,-43.39457406908556
2018-11-22,9535385,Ethereum,793877.0,9.081693913681722,-3416688.0,-26.3794683677277
2018-11-23,10694808,Ethereum,1159423.0,12.159162949372249,-2295501.0,-17.67087295613984
2018-11-24,10583791,Ethereum,-111017.0,-1.0380457507979557,-2229490.0,-17.39983693481787
2018-11-25,9642573,Ethereum,-941218.0,-8.893013854865428,-2876568.0,-22.977359229359262
2018-11-26,10688756,Ethereum,1046183.0,10.849624887465193,-12494346.0,-53.894194141922846
2018-11-27,10013259,Ethereum,-675497.0,-6.319697072325347,-250411.0,-2.439780312500306
2018-11-28,11008664,Ethereum,995405.0,9.940869401260866,2267156.0,25.935525083315135
2018-11-29,12544817,Ethereum,1536153.0,13.954036566108297,3009432.0,31.560676364929165
2018-11-30,12491893,Ethereum,-52924.0,-0.4218794104369983,1797085.0,16.80334046202605
2018-12-01,12166000,Ethereum,-325893.0,-2.6088359866675126,1582209.0,14.949359827683661
2018-12-02,13221851,Ethereum,1055851.0,8.678702942627003,3579278.0,37.11953230740384
2018-12-03,12384552,Ethereum,-837299.0,-6.332691239675892,1695796.0,15.865232586467503
2018-12-04,10976654,Ethereum,-1407898.0,-11.368178679374108,963395.0,9.621193259856753
2018-12-05,10974056,Ethereum,-2598.0,-0.023668414801081283,-34608.0,-0.31437057212392316
2018-12-06,9090091,Ethereum,-1883965.0,-17.167444744222195,-3454726.0,-27.53907051812713
2018-12-07,8277595,Ethereum,-812496.0,-8.938260354049266,-4214298.0,-33.73626399137425
2018-12-08,8813639,Ethereum,536044.0,6.475842318934433,-3352361.0,-27.555161926680917
2018-12-09,9296580,Ethereum,482941.0,5.47947334806882,-3925271.0,-29.687757031901207
2018-12-10,8282530,Ethereum,-1014050.0,-10.907774687035444,-4102022.0,-33.122086289435416
2018-12-11,8164333,Ethereum,-118197.0,-1.427063952681129,-2812321.0,-25.620931478754816
2018-12-12,8027331,Ethereum,-137002.0,-1.6780550229884006,-2946725.0,-26.85174014056425
2018-12-13,8382716,Ethereum,355385.0,4.427187567075541,-707375.0,-7.781825286457533
2018-12-14,7975874,Ethereum,-406842.0,-4.853343474835603,-301721.0,-3.6450321621195547
2018-12-15,7395409,Ethereum,-580465.0,-7.277760405944223,-1418230.0,-16.091310297596717
2018-12-16,7772209,Ethereum,376800.0,5.0950528902458325,-1524371.0,-16.397115928653328
2018-12-17,8236167,Ethereum,463958.0,5.969448325437465,-46363.0,-0.5597685731292268
2018-12-18,9340631,Ethereum,1104464.0,13.409927214928974,1176298.0,14.407766072256
2018-12-19,9786858,Ethereum,446227.0,4.777268259499823,1759527.0,21.91920328188783
2018-12-20,9593244,Ethereum,-193614.0,-1.9783060099574312,1210528.0,14.440761204363838
2018-12-21,10845835,Ethereum,1252591.0,13.05701178871297,2869961.0,35.983028317648944
2018-12-22,11597399,Ethereum,751564.0,6.929517183324285,4201990.0,56.81889940096618
2018-12-23,12002498,Ethereum,405099.0,3.493015977116931,4230289.0,54.42839995682051
2018-12-24,13135497,Ethereum,1132999.0,9.43969330384391,4899330.0,59.485559241331565
2018-12-25,14344601,Ethereum,1209104.0,9.204859169013545,5003970.0,53.57207666163024
2018-12-26,13105091,Ethereum,-1239510.0,-8.640951393489438,3318233.0,33.90498768859218
2018-12-27,13964751,Ethereum,859660.0,6.559740790811763,4371507.0,45.56860015235722
2018-12-28,12584979,Ethereum,-1379772.0,-9.880390993008037,1739144.0,16.035132380310046
2018-12-29,12995052,Ethereum,410073.0,3.2584321356436075,1397653.0,12.051434981240195
2018-12-30,4149781,Ethereum,-8845271.0,-68.06645329314574,-7852717.0,-65.4256888857636
2018-12-31,3926020,Ethereum,-223761.0,-5.392115873102698,-9209477.0,-70.11137073838927
2019-01-01,3802744,Ethereum,-123276.0,-3.139973815721775,-10541857.0,-73.49006779623916
2019-01-02,4008486,Ethereum,205742.0,5.410356311126918,-9096605.0,-69.4127572254172
2019-01-03,5319596,Ethereum,1311110.0,32.70835921592341,-8645155.0,-61.906975641742555
2019-01-04,289570752,Ethereum,284251156.0,5343.472624612847,276985773.0,2200.9236010644117
2019-01-05,304883618,Ethereum,15312866.0,5.288125922330722,291888566.0,2246.1515813865153
2019-01-06,314016364,Ethereum,9132746.0,2.9954859693379854,309866583.0,7467.058695386577
2019-01-07,302615159,Ethereum,-11401205.0,-3.630767790177969,298689139.0,7607.937274899263
2019-01-08,301528544,Ethereum,-1086615.0,-0.359074873707832,297725800.0,7829.235941204562
2019-01-09,294935504,Ethereum,-6593040.0,-2.1865392617688606,290927018.0,7257.778073816398
2019-01-10,122685489,Ethereum,-172250015.0,-58.40260418426939,117365893.0,2206.293353856195
2019-01-11,260106725,Ethereum,137421236.0,112.01099422605716,-29464027.0,-10.175070098239757
2019-01-12,292940172,Ethereum,32833447.0,12.623067319770364,-11943446.0,-3.917378729086063
2019-01-13,260217997,Ethereum,-32722175.0,-11.170258683401057,-53798367.0,-17.132345051928567
2019-01-14,194196424,Ethereum,-66021573.0,-25.37163984088311,-108418735.0,-35.82726501814141
2019-01-15,263607393,Ethereum,69410969.0,35.742660740241014,-37921151.0,-12.5763055453881
2019-01-16,264927702,Ethereum,1320309.0,0.500861901092442,-30007802.0,-10.174360696838992
2019-01-17,270539227,Ethereum,5611525.0,2.1181344788171685,147853738.0,120.51444649660237
2019-01-18,279843104,Ethereum,9303877.0,3.4390121917514005,19736379.0,7.587800353873964
2019-01-19,246234892,Ethereum,-33608212.0,-12.009662385677366,-46705280.0,-15.943624147254209
2019-01-20,253866163,Ethereum,7631271.0,3.0991834414758834,-6351834.0,-2.4409664486042426
2019-01-21,250653941,Ethereum,-3212222.0,-1.2653210502890033,56457517.0,29.072377254485392
2019-01-22,242704516,Ethereum,-7949425.0,-3.1714741720338613,-20902877.0,-7.929548849944434
2019-01-23,238042263,Ethereum,-4662253.0,-1.9209584876451191,-26885439.0,-10.148217342707333
2019-01-24,245751182,Ethereum,7708919.0,3.238466523904626,-24788045.0,-9.162458721743894
2019-01-25,243997393,Ethereum,-1753789.0,-0.7136441768975876,-35845711.0,-12.809217196218636
2019-01-26,244144401,Ethereum,147008.0,0.06024982406267476,-2090491.0,-0.8489824423420833
2019-01-27,247621419,Ethereum,3477018.0,1.4241645459647456,-6244744.0,-2.459856771065627
2019-01-28,241999811,Ethereum,-5621608.0,-2.2702430277245167,-8654130.0,-3.452620758913183
2019-01-29,113101993,Ethereum,-128897818.0,-53.26360275545835,-129602523.0,-53.399304279941795
2019-01-30,220276514,Ethereum,107174521.0,94.75917988465508,-17765749.0,-7.463275124384106
2019-01-31,224991272,Ethereum,4714758.0,2.140381611450426,-20759910.0,-8.44753210586796
2019-02-01,230868863,Ethereum,5877591.0,2.6123640031689765,-13128530.0,-5.3806025706184535
2019-02-02,229338297,Ethereum,-1530566.0,-0.6629590409513164,-14806104.0,-6.064486402045322
2019-02-03,232341479,Ethereum,3003182.0,1.3094986922310703,-15279940.0,-6.1706859050024265
2019-02-04,232426627,Ethereum,85148.0,0.036647782551124664,-9573184.0,-3.9558642465220784
2019-02-05,231779965,Ethereum,-646662.0,-0.2782219956235954,118677972.0,104.9300448666718
2019-02-06,233650015,Ethereum,1870050.0,0.806821245313416,13373501.0,6.07123326820036
2019-02-07,225717422,Ethereum,-7932593.0,-3.3950748943885167,726150.0,0.32274585300358094
2019-02-08,231314639,Ethereum,5597217.0,2.4797452276413168,445776.0,0.19308623701239647
2019-02-09,237932307,Ethereum,6617668.0,2.860894593013641,8594010.0,3.7473069750753485
2019-02-10,263945502,Ethereum,26013195.0,10.93302348386005,31604023.0,13.602402436286454
2019-02-11,261409662,Ethereum,-2535840.0,-0.9607437826313125,28983035.0,12.469756746071958
2019-02-12,266842887,Ethereum,5433225.0,2.0784331223380637,35062922.0,15.127675940411844
2019-02-13,265032641,Ethereum,-1810246.0,-0.6783939494703461,31382626.0,13.431467573413158
2019-02-14,270656042,Ethereum,5623401.0,2.1217767663568754,44938620.0,19.90923855226381
2019-02-15,267234814,Ethereum,-3421228.0,-1.2640501112478386,35920175.0,15.528708064170548
2019-02-16,279959533,Ethereum,12724719.0,4.761624733519931,42027226.0,17.663522255512774
2019-02-17,271616640,Ethereum,-8342893.0,-2.980035332463571,7671138.0,2.9063340507314184
2019-02-18,284669961,Ethereum,13053321.0,4.805788408250677,23260299.0,8.898025735559845
2019-02-19,308871100,Ethereum,24201139.0,8.501472693144475,42028213.0,15.750171748066876
2019-02-20,328181470,Ethereum,19310370.0,6.251918680640567,63148829.0,23.82681195860701
2019-02-21,325575107,Ethereum,-2606363.0,-0.794183474161414,54919065.0,20.29109145104546
2019-02-22,325103155,Ethereum,-471952.0,-0.14495948549284599,57868341.0,21.65449184326709
2019-02-23,333555760,Ethereum,8452605.0,2.5999763059820102,53596227.0,19.144276469413878
2019-02-24,335154182,Ethereum,1598422.0,0.4792068348632217,63537542.0,23.392359908435644
2019-02-25,367148268,Ethereum,31994086.0,9.546079899429682,82478307.0,28.973308848698643
2019-02-26,313312485,Ethereum,-53835783.0,-14.663226737596924,4441385.0,1.4379412641713607
2019-02-27,312348327,Ethereum,-964158.0,-0.30773047553467325,-15833143.0,-4.824508525725113
2019-02-28,315587243,Ethereum,3238916.0,1.0369564105269014,-9987864.0,-3.067760337094816
2019-03-01,313264205,Ethereum,-2323038.0,-0.7361000964161257,-11838950.0,-3.64159800294771
2019-03-02,317917225,Ethereum,4653020.0,1.4853340808599569,-15638535.0,-4.688432003092979
2019-03-03,306928585,Ethereum,-10988640.0,-3.4564468785860836,-28225597.0,-8.421675311215427
2019-03-04,308802967,Ethereum,1874382.0,0.6106899427435142,-58345301.0,-15.89148202109999
2019-03-05,291872587,Ethereum,-16930380.0,-5.482583332821411,-21439898.0,-6.842975950990271
2019-03-06,299413989,Ethereum,7541402.0,2.583799348035387,-12934338.0,-4.14099800829092
2019-03-07,323339859,Ethereum,23925870.0,7.990899182736588,7752616.0,2.456568246011126
2019-03-08,325847315,Ethereum,2507456.0,0.7754862044397681,12583110.0,4.016772359931764
2019-03-09,317686632,Ethereum,-8160683.0,-2.504449975289802,-230593.0,-0.0725324021056073
2019-03-10,327652303,Ethereum,9965671.0,3.136950062160637,20723718.0,6.751967399843184
2019-03-11,317114163,Ethereum,-10538140.0,-3.2162569600495017,8311196.0,2.691423622234823
2019-03-12,314311842,Ethereum,-2802321.0,-0.8836946837975201,22439255.0,7.6880310105998495
2019-03-13,316017852,Ethereum,1706010.0,0.5427762406737369,16603863.0,5.545453322155902
2019-03-14,310309736,Ethereum,-5708116.0,-1.8062637803132664,-13030123.0,-4.02985361603686
2019-03-15,313273709,Ethereum,2963973.0,0.9551659700422599,-12573606.0,-3.858741631797702
2019-03-16,319734544,Ethereum,6460835.0,2.0623610645858603,2047912.0,0.6446327272593644
2019-03-17,338848314,Ethereum,19113770.0,5.978012185008064,11196011.0,3.4170402275487843
2019-03-18,338427917,Ethereum,-420397.0,-0.12406642814224433,21313754.0,6.721161173744239
2019-03-19,334112955,Ethereum,-4314962.0,-1.2750017901153265,19801113.0,6.299830408553309
2019-03-20,331367254,Ethereum,-2745701.0,-0.8217882482288053,15349402.0,4.8571312990254745
2019-03-21,332058133,Ethereum,690879.0,0.20849344395388325,21748397.0,7.0086092948111745
2019-03-22,329173533,Ethereum,-2884600.0,-0.8687033122600885,15899824.0,5.07537771067792
2019-03-23,321656817,Ethereum,-7516716.0,-2.283511657664161,1922273.0,0.6012090454636576
2019-03-24,324065528,Ethereum,2408711.0,0.7488450027160365,-14782786.0,-4.362655910986768
2019-03-25,324888324,Ethereum,822796.0,0.25389803262259036,-13539593.0,-4.000731712685512
2019-03-26,319263059,Ethereum,-5625265.0,-1.731445725947356,-14849896.0,-4.444573542501518
2019-03-27,316212716,Ethereum,-3050343.0,-0.9554324917998125,-15154538.0,-4.573336024325448
2019-03-28,331333288,Ethereum,15120572.0,4.781772280150798,-724845.0,-0.21828858502918047
2019-03-29,325149316,Ethereum,-6183972.0,-1.866390194999057,-4024217.0,-1.2225214352212244
2019-03-30,334364887,Ethereum,9215571.0,2.8342581535678146,12708070.0,3.950816313648975
2019-03-31,340535136,Ethereum,6170249.0,1.8453639242328679,16469608.0,5.082184489551755
2019-04-01,337701754,Ethereum,-2833382.0,-0.8320380778563785,12813430.0,3.943949059862173
2019-04-02,335250863,Ethereum,-2450891.0,-0.7257560764697746,15987804.0,5.007721234669993
2019-04-03,366236322,Ethereum,30985459.0,9.24246957121182,50023606.0,15.819606065430957
2019-04-04,397580056,Ethereum,31343734.0,8.558335729463785,66246768.0,19.99399710179437
2019-04-05,382233613,Ethereum,-15346443.0,-3.8599629856684747,57084297.0,17.556333103281084
2019-04-06,391714035,Ethereum,9480422.0,2.4802690494935664,57349148.0,17.15166580873666
2019-04-07,391038985,Ethereum,-675050.0,-0.17233234954167065,50503849.0,14.830730712028494
2019-04-08,402160711,Ethereum,11121726.0,2.844147623797655,64458957.0,19.087539888821546
2019-04-09,422159412,Ethereum,19998701.0,4.97281321943952,86908549.0,25.923437816773042
2019-04-10,421201009,Ethereum,-958403.0,-0.22702395653326768,54964687.0,15.007983560953297
2019-04-11,431439729,Ethereum,10238720.0,2.430839381013916,33859673.0,8.516441528948327
2019-04-12,395146858,Ethereum,-36292871.0,-8.41203731610911,12913245.0,3.378364581452975
2019-04-13,396666901,Ethereum,1520043.0,0.3846779923022847,4952866.0,1.264408613799084
2019-04-14,389297705,Ethereum,-7369196.0,-1.8577794067067832,-1741280.0,-0.44529575484654194
2019-04-15,389969859,Ethereum,672154.0,0.17265809465791815,-12190852.0,-3.0313383845196107
2019-04-16,392816437,Ethereum,2846578.0,0.7299482086383424,-29342975.0,-6.950685965044878
2019-04-17,383270419,Ethereum,-9546018.0,-2.4301472903996646,-37930590.0,-9.00534167523801
2019-04-18,396528397,Ethereum,13257978.0,3.4591706906553554,-34911332.0,-8.091821325986414
2019-04-19,402965067,Ethereum,6436670.0,1.6232557488184085,7818209.0,1.97855780495666
2019-04-20,405717234,Ethereum,2752167.0,0.6829790533679159,9050333.0,2.281595206755105
2019-04-21,399268586,Ethereum,-6448648.0,-1.5894439426253237,9970881.0,2.561248338209432
2019-04-22,389058388,Ethereum,-10210198.0,-2.5572254762862845,-911471.0,-0.23372857644364808
2019-04-23,396465156,Ethereum,7406768.0,1.903767719306959,3648719.0,0.9288610802200115
2019-04-24,403778689,Ethereum,7313533.0,1.8446849336742233,20508270.0,5.3508616849452295
2019-04-25,379574360,Ethereum,-24204329.0,-5.99445430365445,-16954037.0,-4.275617365179518
2019-04-26,374166223,Ethereum,-5408137.0,-1.4247898619917265,-28798844.0,-7.146734632458851
2019-04-27,358142236,Ethereum,-16023987.0,-4.282585122602045,-47574998.0,-11.726146688656558
2019-04-28,356347839,Ethereum,-1794397.0,-0.5010291497705377,-42920747.0,-10.749843214562338
2019-04-29,360706733,Ethereum,4358894.0,1.223213254844513,-28351655.0,-7.287249388387429
2019-04-30,350720090,Ethereum,-9986643.0,-2.7686322672551777,-45745066.0,-11.538231117591579
2019-05-01,366040359,Ethereum,15320269.0,4.368232512714054,-37738330.0,-9.346290685489844
2019-05-02,373150581,Ethereum,7110222.0,1.9424694095002693,-6423779.0,-1.692363783475781
2019-05-03,366280821,Ethereum,-6869760.0,-1.8410154907409937,-7885402.0,-2.107459603589068
2019-05-04,374710083,Ethereum,8429262.0,2.3013113209113367,16567847.0,4.6260522593040365
2019-05-05,369623355,Ethereum,-5086728.0,-1.357510307508858,13275516.0,3.725437493111894
2019-05-06,370720025,Ethereum,1096670.0,0.2966993251819705,10013292.0,2.7760202635308096
2019-05-07,371802886,Ethereum,1082861.0,0.2920967109883099,21082796.0,6.011288375296675
2019-05-08,401883452,Ethereum,30080566.0,8.090460599598458,35843093.0,9.792115027403314
2019-05-09,381493104,Ethereum,-20390348.0,-5.073696838853669,8342523.0,2.2356987834892372
2019-05-10,382347098,Ethereum,853994.0,0.2238556846888562,16066277.0,4.386327669610646
2019-05-11,379417468,Ethereum,-2929630.0,-0.7662226326090704,4707385.0,1.2562739070995255
2019-05-12,408271574,Ethereum,28854106.0,7.60484385500142,38648219.0,10.456108489140249
2019-05-13,412618499,Ethereum,4346925.0,1.064714096406827,41898474.0,11.301918206333749
2019-05-14,419160659,Ethereum,6542160.0,1.5855227082293366,47357773.0,12.737333351414604
2019-05-15,447939612,Ethereum,28778953.0,6.865852599015021,46056160.0,11.46007872949195
2019-05-16,493000209,Ethereum,45060597.0,10.059524943286323,111507105.0,29.22912729767193
2019-05-17,499487803,Ethereum,6487594.0,1.315941429955858,117140705.0,30.637267972673342
2019-05-18,463519040,Ethereum,-35968763.0,-7.201129393744177,84101572.0,22.1659726009241
2019-05-19,473558786,Ethereum,10039746.0,2.165983516016956,65287212.0,15.991123594610102
2019-05-20,505816926,Ethereum,32258140.0,6.811855455681481,93198427.0,22.587069466315903
2019-05-21,496273047,Ethereum,-9543879.0,-1.8868247599923116,77112388.0,18.39685722986708
2019-05-22,495081036,Ethereum,-1192011.0,-0.2401925728599985,47141424.0,10.52405787233659
2019-05-23,494013869,Ethereum,-1067167.0,-0.21555400477912823,1013660.0,0.20561046050184828
2019-05-24,469154720,Ethereum,-24859149.0,-5.032075121761414,-30333083.0,-6.072837578378265
2019-05-25,494262395,Ethereum,25107675.0,5.351683342331071,30743355.0,6.6325980913319205
2019-05-26,502071339,Ethereum,7808944.0,1.5799186988522562,28512553.0,6.020910992030459
2019-05-27,484952780,Ethereum,-17118559.0,-3.4095869790328748,-20864146.0,-4.124841405564195
2019-05-28,511748306,Ethereum,26795526.0,5.525388678048193,15475259.0,3.118295279896599
2019-05-29,499082529,Ethereum,-12665777.0,-2.475001255793119,4001493.0,0.8082501063522818
2019-05-30,493867373,Ethereum,-5215156.0,-1.044948620110886,-146496.0,-0.029654228189290865
2019-05-31,512854276,Ethereum,18986903.0,3.8445347957821063,43699556.0,9.314529756835865
2019-06-01,471640023,Ethereum,-41214253.0,-8.036250242749265,-22622372.0,-4.57699639479957
2019-06-02,497170371,Ethereum,25530348.0,5.413100406027249,-4900968.0,-0.9761497260053709
2019-06-03,499175684,Ethereum,2005313.0,0.4033452347464994,14222904.0,2.9328430697933117
2019-06-04,486311416,Ethereum,-12864268.0,-2.57710229330802,-25436890.0,-4.970586067753391
2019-06-05,455320557,Ethereum,-30990859.0,-6.372636541191124,-43761972.0,-8.768484059677428
2019-06-06,457368543,Ethereum,2047986.0,0.4497899267921657,-36498830.0,-7.390411271408281
2019-06-07,461496263,Ethereum,4127720.0,0.9024932001062469,-51358013.0,-10.014153221177391
2019-06-08,465263193,Ethereum,3766930.0,0.8162427958815277,-6376830.0,-1.3520544671841828
2019-06-09,465872717,Ethereum,609524.0,0.13100627970801249,-31297654.0,-6.2951567160063115
2019-06-10,455038876,Ethereum,-10833841.0,-2.3254937678610643,-44136808.0,-8.841938703087948
2019-06-11,457207489,Ethereum,2168613.0,0.4765775221368118,-29103927.0,-5.984627553962252
2019-06-12,452679683,Ethereum,-4527806.0,-0.990317549238573,-2640874.0,-0.5800032437366931
2019-06-13,469940966,Ethereum,17261283.0,3.8131340213030995,12572423.0,2.7488604523464133
2019-06-14,481044134,Ethereum,11103168.0,2.3626729319869533,19547871.0,4.235759326181143
2019-06-15,479528759,Ethereum,-1515375.0,-0.31501787318333196,14265566.0,3.0661282075670204
2019-06-16,490892636,Ethereum,11363877.0,2.369800932002075,25019919.0,5.370548239252226
2019-06-17,504375708,Ethereum,13483072.0,2.746643769168289,49336832.0,10.842333392191318
2019-06-18,508338611,Ethereum,3962903.0,0.785704572433521,51131122.0,11.183351810757403
2019-06-19,499785707,Ethereum,-8552904.0,-1.6825210233735288,47106024.0,10.406038920902926
2019-06-20,499623672,Ethereum,-162035.0,-0.032420895141760386,29682706.0,6.316262711176357
2019-06-21,501475713,Ethereum,1852041.0,0.3706871999451522,20431579.0,4.2473398085340675
2019-06-22,539348283,Ethereum,37872570.0,7.552224169229116,59819524.0,12.474647844843867
2019-06-23,568485744,Ethereum,29137461.0,5.402346112595291,77593108.0,15.80653330476931
2019-06-24,566786356,Ethereum,-1699388.0,-0.2989323862446769,62410648.0,12.37384097015235
2019-06-25,568168873,Ethereum,1382517.0,0.24392206787702264,59830262.0,11.769765409379861
2019-06-26,566722497,Ethereum,-1446376.0,-0.25456797595456715,66936790.0,13.393098094339862
2019-06-27,592157474,Ethereum,25434977.0,4.488083168507062,92533802.0,18.520700116066568
2019-06-28,551010458,Ethereum,-41147016.0,-6.9486610921337455,49534745.0,9.877795417781288
2019-06-29,543944425,Ethereum,-7066033.0,-1.2823772938262423,4596142.0,0.852165872195787
2019-06-30,540856458,Ethereum,-3087967.0,-0.567698988734,-27629286.0,-4.860154593428112
2019-07-01,533072090,Ethereum,-7784368.0,-1.4392669043437722,-33714266.0,-5.948319969791227
2019-07-02,526079720,Ethereum,-6992370.0,-1.3117118924759308,-42089153.0,-7.407859705119746
2019-07-03,498206970,Ethereum,-27872750.0,-5.298198911754282,-68515527.0,-12.089784217618593
2019-07-04,527745384,Ethereum,29538414.0,5.9289443501763905,-64412090.0,-10.877527149138032
2019-07-05,532809136,Ethereum,5063752.0,0.959506639663954,-18201322.0,-3.303262530817519
2019-07-06,532251501,Ethereum,-557635.0,-0.10465942911309645,-11692924.0,-2.149654167335202
2019-07-07,523994915,Ethereum,-8256586.0,-1.5512564989459743,-16861543.0,-3.1175634034862565
2019-07-08,532011419,Ethereum,8016504.0,1.529882021851292,-1060671.0,-0.19897327582841795
2019-07-09,559125387,Ethereum,27113968.0,5.096501133559306,33045667.0,6.281494181148051
2019-07-10,564100959,Ethereum,4975572.0,0.8898848300730178,65893989.0,13.2262278466317
2019-07-11,555865864,Ethereum,-8235095.0,-1.459861903904336,28120480.0,5.328417993325352
2019-07-12,500263848,Ethereum,-55602016.0,-10.002775777575001,-32545288.0,-6.108245110872124
2019-07-13,506732437,Ethereum,6468589.0,1.2930354703544422,-25519064.0,-4.794549935895809
2019-07-14,489755810,Ethereum,-16976627.0,-3.3502151747984543,-34239105.0,-6.534243753109703
2019-07-15,451794549,Ethereum,-37961261.0,-7.751058838893609,-80216870.0,-15.078035383296918
2019-07-16,451403011,Ethereum,-391538.0,-0.0866628428489502,-107722376.0,-19.26622873949381
2019-07-17,460499059,Ethereum,9096048.0,2.0150614369738973,-103601900.0,-18.365843621974765
2019-07-18,439671234,Ethereum,-20827825.0,-4.522881120588784,-116194630.0,-20.90335772084756
2019-07-19,431444670,Ethereum,-8226564.0,-1.8710716926275017,-68819178.0,-13.756576309707668
2019-07-20,431705872,Ethereum,261202.0,0.060541250863055396,-75026565.0,-14.805952712279202
2019-07-21,450227146,Ethereum,18521274.0,4.290252971124753,-39528664.0,-8.071096491943608
2019-07-22,483695497,Ethereum,33468351.0,7.43365905351252,31900948.0,7.060941321804215
2019-07-23,433600867,Ethereum,-50094630.0,-10.356645929246678,-17802144.0,-3.9437362104791096
2019-07-24,407711854,Ethereum,-25889013.0,-5.970701391609534,-52787205.0,-11.463042967911907
2019-07-25,442205436,Ethereum,34493582.0,8.46028430657304,2534202.0,0.5763856727547534
2019-07-26,423403534,Ethereum,-18801902.0,-4.2518477769233005,-8041136.0,-1.8637699244262285
2019-07-27,420269111,Ethereum,-3134423.0,-0.7402921204715307,-11436761.0,-2.649202093781111
2019-07-28,406240990,Ethereum,-14028121.0,-3.3378900882392037,-43986156.0,-9.769769857457689
2019-07-29,407973227,Ethereum,1732237.0,0.42640625703476154,-75722270.0,-15.654946235730616
2019-07-30,406597757,Ethereum,-1375470.0,-0.3371471236273016,-27003110.0,-6.227642067883599
2019-07-31,406048733,Ethereum,-549024.0,-0.13502878226649973,-1663121.0,-0.4079157826007207
2019-08-01,414628768,Ethereum,8580035.0,2.1130554789835942,-27576668.0,-6.236166667114418
2019-08-02,414551646,Ethereum,-77122.0,-0.01860025303406232,-8851888.0,-2.090650476242839
2019-08-03,425911889,Ethereum,11360243.0,2.7403685667671818,5642778.0,1.3426582759255012
2019-08-04,431983427,Ethereum,6071538.0,1.4255385108538299,25742437.0,6.3367404160766805
2019-08-05,427006937,Ethereum,-4976490.0,-1.1520094728078578,19033710.0,4.665431146049204
2019-08-06,449849181,Ethereum,22842244.0,5.349384757184872,43251424.0,10.637398572761935
2019-08-07,437042159,Ethereum,-12807022.0,-2.8469590567066105,30993426.0,7.6329325721600005
2019-08-08,435120148,Ethereum,-1922011.0,-0.4397770238911858,20491380.0,4.942102811351479
2019-08-09,429256312,Ethereum,-5863836.0,-1.347636055685475,14704666.0,3.547125223572256
2019-08-10,432278022,Ethereum,3021710.0,0.7039407262111608,6366133.0,1.4947065729832287
2019-08-11,432311896,Ethereum,33874.0,0.007836160590191099,328469.0,0.07603740779620338
2019-08-12,438922507,Ethereum,6610611.0,1.5291300242175065,11915570.0,2.7904862819593923
2019-08-13,441783545,Ethereum,2861038.0,0.6518321467620769,-8065636.0,-1.7929644735754202
2019-08-14,446093224,Ethereum,4309679.0,0.9755182257863426,9051065.0,2.0709821269210726
2019-08-15,444067541,Ethereum,-2025683.0,-0.45409409760502895,8947393.0,2.05630399813157
2019-08-16,412741629,Ethereum,-31325912.0,-7.054312488018577,-16514683.0,-3.84727784736687
2019-08-17,412940794,Ethereum,199165.0,0.048254158535576686,-19337228.0,-4.473331285854732
2019-08-18,418397984,Ethereum,5457190.0,1.321542961919131,-13913912.0,-3.2184892733092885
2019-08-19,421458457,Ethereum,3060473.0,0.7314741267969493,-17464050.0,-3.9788458603696064
2019-08-20,450295295,Ethereum,28836838.0,6.842154314630355,8511750.0,1.9266788218651243
2019-08-21,445264270,Ethereum,-5031025.0,-1.1172723889997571,-828954.0,-0.18582528390971298
2019-08-22,429924070,Ethereum,-15340200.0,-3.445189976730001,-14143471.0,-3.1849819439966676
2019-08-23,428797363,Ethereum,-1126707.0,-0.26207116061215396,16055734.0,3.8900205048131964
2019-08-24,435354164,Ethereum,6556801.0,1.529114114444785,22413370.0,5.427744201024609
2019-08-25,433578904,Ethereum,-1775260.0,-0.40777374992558846,15180920.0,3.6283444425009526
2019-08-26,435995124,Ethereum,2416220.0,0.5572734230630427,14536667.0,3.449134015123101
2019-08-27,437690999,Ethereum,1695875.0,0.3889665059648717,-12604296.0,-2.7991178544292783
2019-08-28,430961023,Ethereum,-6729976.0,-1.5376089559474782,-14303247.0,-3.2123051328596386
2019-08-29,441490142,Ethereum,10529119.0,2.443171989593118,11566072.0,2.6902592357762156
2019-08-30,410202805,Ethereum,-31287337.0,-7.086757783144337,-18594558.0,-4.336444111947579
2019-08-31,421345895,Ethereum,11143090.0,2.716483130825975,-14008269.0,-3.2176719917625496
2019-09-01,417007111,Ethereum,-4338784.0,-1.029743982672482,-16571793.0,-3.8220939365629314
2019-09-02,416659578,Ethereum,-347533.0,-0.08333982582853228,-19335546.0,-4.434807853493339
2019-09-03,422722835,Ethereum,6063257.0,1.4552064371360807,-14968164.0,-3.4198016486969185
2019-09-04,436113531,Ethereum,13390696.0,3.167724781179615,5152508.0,1.1955856156393052
2019-09-05,446392486,Ethereum,10278955.0,2.3569447562038714,4902344.0,1.11040848563273
2019-09-06,433387931,Ethereum,-13004555.0,-2.913255802428538,23185126.0,5.652112983478985
2019-09-07,437775541,Ethereum,4387610.0,1.0123978279404477,16429646.0,3.8993250426706982
2019-09-08,424394180,Ethereum,-13381361.0,-3.0566716837202246,7387069.0,1.7714491684051925
2019-09-09,446321533,Ethereum,21927353.0,5.166742154663861,29661955.0,7.118990313958418
2019-09-10,449809067,Ethereum,3487534.0,0.7813949680084198,27086232.0,6.407563007567352
2019-09-11,450771092,Ethereum,962025.0,0.21387407915456347,14657561.0,3.3609507520645954
2019-09-12,445977377,Ethereum,-4793715.0,-1.0634477421191835,-415109.0,-0.09299193266438799
2019-09-13,448313809,Ethereum,2336432.0,0.5238902510519061,14925878.0,3.443999459228131
2019-09-14,453766821,Ethereum,5453012.0,1.2163381744058732,15991280.0,3.6528491206867075
2019-09-15,453545900,Ethereum,-220921.0,-0.04868601884843171,29151720.0,6.86901974009162
2019-09-16,472787145,Ethereum,19241245.0,4.242403029109076,26465612.0,5.929718833440201
2019-09-17,486065976,Ethereum,13278831.0,2.808627759961624,36256909.0,8.060510927851073
2019-09-18,500441333,Ethereum,14375357.0,2.9574908983137638,49670241.0,11.01894994632886
2019-09-19,523302994,Ethereum,22861661.0,4.568299916985463,77325617.0,17.338461766862224
2019-09-20,518946995,Ethereum,-4355999.0,-0.8324047540228641,70633186.0,15.75530010051509
2019-09-21,537046203,Ethereum,18099208.0,3.4876795076152156,83279382.0,18.352902448105613
2019-09-22,532688656,Ethereum,-4357547.0,-0.8113914548987133,79142756.0,17.44977873242819
2019-09-23,522348678,Ethereum,-10339978.0,-1.9410922090295046,49561533.0,10.482842760033172
2019-09-24,518673870,Ethereum,-3674808.0,-0.7035162822791707,32607894.0,6.708532505883524
2019-09-25,488283596,Ethereum,-30390274.0,-5.859225952523883,-12157737.0,-2.4294030485287665
2019-09-26,428232618,Ethereum,-60050978.0,-12.298381205499275,-95070376.0,-18.1673671066365
2019-09-27,438795860,Ethereum,10563242.0,2.4667065412565137,-80151135.0,-15.444955992085474
2019-09-28,444108768,Ethereum,5312908.0,1.2107926451266016,-92937435.0,-17.305295984003077
2019-09-29,460828355,Ethereum,16719587.0,3.7647504856287872,-71860301.0,-13.490112881247462
2019-09-30,452610684,Ethereum,-8217671.0,-1.783239010976223,-69737994.0,-13.350851057385082
2019-10-01,457597405,Ethereum,4986721.0,1.1017682914440385,-61076465.0,-11.775504518860757
2019-10-02,471477481,Ethereum,13880076.0,3.033250592843717,-16806115.0,-3.4418758151359197
2019-10-03,464897643,Ethereum,-6579838.0,-1.395578424242916,36665025.0,8.561941211119972
2019-10-04,465893454,Ethereum,995811.0,0.21420005349435112,27097594.0,6.175444317090872
2019-10-05,463516060,Ethereum,-2377394.0,-0.5102870580362295,19407292.0,4.369941194225646
2019-10-06,463042644,Ethereum,-473416.0,-0.10213583537967974,2214289.0,0.480501899671526
2019-10-07,458374933,Ethereum,-4667711.0,-1.0080520791082903,5764249.0,1.2735556635689038
2019-10-08,461647655,Ethereum,3272722.0,0.7139836331320426,4050250.0,0.8851120997943607
2019-10-09,479056604,Ethereum,17408949.0,3.7710467737564812,7579123.0,1.6075259806523023
2019-10-10,490075304,Ethereum,11018700.0,2.300083102497008,25177661.0,5.415742879987029
2019-10-11,507194268,Ethereum,17118964.0,3.49312929263621,41300814.0,8.864862479909409
2019-10-12,497095115,Ethereum,-10099153.0,-1.9911804287188861,33579055.0,7.244421045518901
2019-10-13,493799862,Ethereum,-3295253.0,-0.6629019076158094,30757218.0,6.642415854899109
2019-10-14,491074338,Ethereum,-2725524.0,-0.5519491214438621,32699405.0,7.133768154813125
2019-10-15,494255076,Ethereum,3180738.0,0.6477100825415194,32607421.0,7.063270147012868
2019-10-16,497751898,Ethereum,3496822.0,0.7074933915296899,18695294.0,3.90252296782867
2019-10-17,477919375,Ethereum,-19832523.0,-3.9844193622743385,-12155929.0,-2.4804206416408237
2019-10-18,485394030,Ethereum,7474655.0,1.5639991578077383,-21800238.0,-4.298202754925451
2019-10-19,483030202,Ethereum,-2363828.0,-0.4869915684789117,-14064913.0,-2.8294208845725644
2019-10-20,485164862,Ethereum,2134660.0,0.4419309581805475,-8635000.0,-1.7486841662989416
2019-10-21,481667993,Ethereum,-3496869.0,-0.7207589159661798,-9406345.0,-1.9154625424552374
2019-10-22,490413955,Ethereum,8745962.0,1.815765657486823,-3841121.0,-0.7771535764662496
2019-10-23,497627312,Ethereum,7213357.0,1.4708710725819474,-124586.0,-0.025029738811765956
2019-10-24,513833716,Ethereum,16206404.0,3.2567352332140587,35914341.0,7.514727981053282
2019-10-25,485364560,Ethereum,-28469156.0,-5.540538721674704,-29470.0,-0.006071356089809576
2019-10-26,505328036,Ethereum,19963476.0,4.1130889325747155,22297834.0,4.6162401248773355
2019-10-27,560722501,Ethereum,55394465.0,10.96208028323209,75557639.0,15.573600835090984
2019-10-28,578513288,Ethereum,17790787.0,3.172832723543584,96845295.0,20.10623425418263
2019-10-29,592535489,Ethereum,14022201.0,2.4238338670623527,102121534.0,20.823537535753857
2019-10-30,604452646,Ethereum,11917157.0,2.011214048986698,106825334.0,21.466935480422357
2019-10-31,582575042,Ethereum,-21877604.0,-3.6194074332830395,68741326.0,13.378126786837786
2019-11-01,553649043,Ethereum,-28925999.0,-4.965197084429851,68284483.0,14.06869982431349
2019-11-02,557410512,Ethereum,3761469.0,0.6793959183272635,52082476.0,10.30666661843398
2019-11-03,560235654,Ethereum,2825142.0,0.5068332834024414,-486847.0,-0.08682494444788302
2019-11-04,556666347,Ethereum,-3569307.0,-0.6371081480651353,-21846941.0,-3.7763939831923055
2019-11-05,596576660,Ethereum,39910313.0,7.169521422497627,4041171.0,0.6820133266313144
2019-11-06,593178137,Ethereum,-3398523.0,-0.5696707946971968,-11274509.0,-1.8652427240760217
2019-11-07,594431955,Ethereum,1253818.0,0.21137292860138324,11856913.0,2.0352593477562575
2019-11-08,588958993,Ethereum,-5472962.0,-0.9207045405222214,35309950.0,6.377677419736827
2019-11-09,600236534,Ethereum,11277541.0,1.9148261821345436,42826022.0,7.68303092210072
2019-11-10,599964521,Ethereum,-272013.0,-0.04531763473097916,39728867.0,7.091456374891836
2019-11-11,591878322,Ethereum,-8086199.0,-1.347779529783233,35211975.0,6.325508123450474
2019-11-12,594492907,Ethereum,2614585.0,0.4417436663612051,-2083753.0,-0.34928503572365655
2019-11-13,608296499,Ethereum,13803592.0,2.321910293203877,15118362.0,2.5487051961256
2019-11-14,600898372,Ethereum,-7398127.0,-1.2162041064122553,6466417.0,1.0878313229308212
2019-11-15,595419805,Ethereum,-5478567.0,-0.9117293797560877,6460812.0,1.096988428190948
2019-11-16,583732548,Ethereum,-11687257.0,-1.962859969026387,-16503986.0,-2.7495803845888567
2019-11-17,563338941,Ethereum,-20393607.0,-3.4936559679382473,-36625580.0,-6.104624309943151
2019-11-18,593678746,Ethereum,30339805.0,5.385710589461978,1800424.0,0.3041881976545868
2019-11-19,605885676,Ethereum,12206930.0,2.0561507519421873,11392769.0,1.9163843446831974
2019-11-20,592789954,Ethereum,-13095722.0,-2.1614179900169783,-15506545.0,-2.549175447416141
2019-11-21,609416934,Ethereum,16626980.0,2.8048687208352963,8518562.0,1.417637723272125
2019-11-22,604283335,Ethereum,-5133599.0,-0.8423787908722558,8863530.0,1.4886186058255202
2019-11-23,566659421,Ethereum,-37623914.0,-6.226204136508251,-17073127.0,-2.924820118133964
2019-11-24,570918387,Ethereum,4258966.0,0.7515918455011539,7579446.0,1.34545039377989
2019-11-25,575259311,Ethereum,4340924.0,0.7603405493401993,-18419435.0,-3.1025929636362637
2019-11-26,585191621,Ethereum,9932310.0,1.7265796155014446,-20694055.0,-3.4155049078928856
2019-11-27,610145138,Ethereum,24953517.0,4.264161704393232,17355184.0,2.927712233126001
2019-11-28,614064647,Ethereum,3919509.0,0.6423896145182351,4647713.0,0.7626491389883139
2019-11-29,660153112,Ethereum,46088465.0,7.505474419536151,55869777.0,9.24562597775429
2019-11-30,641808977,Ethereum,-18344135.0,-2.7787697530387456,75149556.0,13.261855925271915
2019-12-01,623877755,Ethereum,-17931222.0,-2.7938565278123217,52959368.0,9.276171376838139
2019-12-02,607194743,Ethereum,-16683012.0,-2.6740834829092397,31935432.0,5.551484589529743
2019-12-03,599121018,Ethereum,-8073725.0,-1.3296763671091227,13929397.0,2.38031381519046
2019-12-04,620903309,Ethereum,21782291.0,3.635708036535612,10758171.0,1.7632150663798196
2019-12-05,616893987,Ethereum,-4009322.0,-0.6457240510534978,2829340.0,0.46075604805173587
2019-12-06,620476030,Ethereum,3582043.0,0.5806577913686217,-39677082.0,-6.010284777692599
2019-12-07,614213765,Ethereum,-6262265.0,-1.0092678358582186,-27595212.0,-4.299598944375626
2019-12-08,615203375,Ethereum,989610.0,0.16111817357267189,-8674380.0,-1.3903973864238806
2019-12-09,607627369,Ethereum,-7576006.0,-1.2314636602895779,432626.0,0.07124995810445789
2019-12-10,634049181,Ethereum,26421812.0,4.348357784390711,34928163.0,5.8299011302587855
2019-12-11,619849616,Ethereum,-14199565.0,-2.239505297933664,-1053693.0,-0.16970323474311266
2019-12-12,605506704,Ethereum,-14342912.0,-2.313934159152564,-11387283.0,-1.8459059806008482
2019-12-13,606065178,Ethereum,558474.0,0.0922325048278827,-14410852.0,-2.3225477380649173
2019-12-14,617427272,Ethereum,11362094.0,1.8747313675889776,3213507.0,0.5231903260911164
2019-12-15,608262030,Ethereum,-9165242.0,-1.4844245493580988,-6941345.0,-1.1283008647343662
2019-12-16,621099253,Ethereum,12837223.0,2.1104758092495013,13471884.0,2.217129228752701
2019-12-17,621405714,Ethereum,306461.0,0.049341711251416065,-12643467.0,-1.9940830110464214
2019-12-18,597405598,Ethereum,-24000116.0,-3.8622296929828326,-22444018.0,-3.620881165472889
2019-12-19,561311124,Ethereum,-36094474.0,-6.041870735868127,-44195580.0,-7.298941482900578
2019-12-20,592657997,Ethereum,31346873.0,5.584580753828061,-13407181.0,-2.21216817706692
2019-12-21,595096723,Ethereum,2438726.0,0.411489596418968,-22330549.0,-3.6167092081413554
2019-12-22,596505625,Ethereum,1408902.0,0.23675176581336999,-11756405.0,-1.9327862697594345
2019-12-23,603633415,Ethereum,7127790.0,1.1949241886864082,-17465838.0,-2.812084850470753
2019-12-24,617169609,Ethereum,13536194.0,2.2424527310172193,-4236105.0,-0.6816971431968466
2019-12-25,603135320,Ethereum,-14034289.0,-2.2739760343578386,5729722.0,0.9591008218172048
2019-12-26,596748745,Ethereum,-6386575.0,-1.058895870996246,35437621.0,6.313365170364937
2019-12-27,594105107,Ethereum,-2643638.0,-0.44300688055908255,1447110.0,0.24417286315634446
2019-12-28,584917668,Ethereum,-9187439.0,-1.5464332643752243,-10179055.0,-1.7104874899470768
2019-12-29,597478008,Ethereum,12560340.0,2.147368884059775,972383.0,0.16301321550824532
2019-12-30,601487306,Ethereum,4009298.0,0.6710369162240326,-2146109.0,-0.35553184211977173
2019-12-31,613380004,Ethereum,11892698.0,1.9772151267977156,-3789605.0,-0.6140297488303581
2020-01-01,607332562,Ethereum,-6047442.0,-0.9859209561060345,4197242.0,0.6959038644926308
2020-01-02,606865359,Ethereum,-467203.0,-0.07692704610822165,10116614.0,1.6952886930662991
2020-01-03,601231879,Ethereum,-5633480.0,-0.9282915751333887,7126772.0,1.1995810027601639
2020-01-04,609464833,Ethereum,8232954.0,1.3693475491840967,24547165.0,4.1966872164989955
2020-01-05,611312656,Ethereum,1847823.0,0.30318779689131325,13834648.0,2.315507485590995
2020-01-06,614940284,Ethereum,3627628.0,0.5934161454691056,13452978.0,2.2366187724666586
2020-01-07,628391024,Ethereum,13450740.0,2.1873245825606125,15011020.0,2.4472626923130125
2020-01-08,615663241,Ethereum,-12727783.0,-2.025455888752481,8330679.0,1.3716832459248263
2020-01-09,638475972,Ethereum,22812731.0,3.7053911100727976,31610613.0,5.208834633779125
2020-01-10,595229939,Ethereum,-43246033.0,-6.77332192541773,-6001940.0,-0.9982737458936408
2020-01-11,593684061,Ethereum,-1545878.0,-0.25971106268564137,-15780772.0,-2.5892834410677135
2020-01-12,616715757,Ethereum,23031696.0,3.87945331751125,5403101.0,0.8838523048670499
2020-01-13,599230318,Ethereum,-17485439.0,-2.835250891765362,-15709966.0,-2.5547140769200283
2020-01-14,618571876,Ethereum,19341558.0,3.2277335473536617,-9819148.0,-1.5625856552655026
2020-01-15,655173775,Ethereum,36601899.0,5.917161840057528,39510534.0,6.417556119774903
2020-01-16,716155639,Ethereum,60981864.0,9.30773885142151,77679667.0,12.166419788151405
2020-01-17,695449832,Ethereum,-20705807.0,-2.891244007924376,100219893.0,16.837172735022655
2020-01-18,734902436,Ethereum,39452604.0,5.67296189957236,141218375.0,23.786789014030816
2020-01-19,722303915,Ethereum,-12598521.0,-1.7143120478103846,105588158.0,17.121041063330566
2020-01-20,716064048,Ethereum,-6239867.0,-0.8638838680529615,116833730.0,19.497299534166768
2020-01-21,689575460,Ethereum,-26488588.0,-3.699192561612863,71003584.0,11.47863114293932
2020-01-22,723306346,Ethereum,33730886.0,4.8915438493127406,68132571.0,10.399160283849884
2020-01-23,720330464,Ethereum,-2975882.0,-0.4114276082958668,4174825.0,0.5829493999139013
2020-01-24,707422571,Ethereum,-12907893.0,-1.7919404558183416,11972739.0,1.7215819817754996
2020-01-25,698871473,Ethereum,-8551098.0,-1.2087680476341456,-36030963.0,-4.902822638078719
2020-01-26,695253169,Ethereum,-3618304.0,-0.5177352545909342,-27050746.0,-3.7450642919469757
2020-01-27,702454027,Ethereum,7200858.0,1.0357173934722574,-13610021.0,-1.9006709019973034
2020-01-28,728541959,Ethereum,26087932.0,3.7138276666182524,38966499.0,5.650795490895222
2020-01-29,759776417,Ethereum,31234458.0,4.287255883363605,36470071.0,5.042133419910577
2020-01-30,774672284,Ethereum,14895867.0,1.9605592733210608,54341820.0,7.544012465922867
2020-01-31,776206439,Ethereum,1534155.0,0.19803922661056905,68783868.0,9.723165590089721
2020-02-01,787764254,Ethereum,11557815.0,1.4890130278859992,88892781.0,12.719474815364219
2020-02-02,798788470,Ethereum,11024216.0,1.3994308505397068,103535301.0,14.89174096810193
2020-02-03,820986502,Ethereum,22198032.0,2.7789624955402825,118532475.0,16.874054449687147
2020-02-04,809492709,Ethereum,-11493793.0,-1.3999978041051908,80950750.0,11.111336691041561
2020-02-05,802182891,Ethereum,-7309818.0,-0.9030122098357296,42406474.0,5.581441204432647
2020-02-06,835594954,Ethereum,33412063.0,4.165142809060485,60922670.0,7.864315176661196
2020-02-07,871591970,Ethereum,35997016.0,4.307950380466274,95385531.0,12.288680717836709
2020-02-08,900880579,Ethereum,29288609.0,3.3603578289047364,113116325.0,14.359159409129528
2020-02-09,907158176,Ethereum,6277597.0,0.6968289855874499,108369706.0,13.566758919291866
2020-02-10,908285885,Ethereum,1127709.0,0.12431227870011163,87299383.0,10.6334736061227
2020-02-11,861087514,Ethereum,-47198371.0,-5.196422379722431,51594805.0,6.37372077924423
2020-02-12,899925302,Ethereum,38837788.0,4.510318332173613,97742411.0,12.184554432238581
2020-02-13,979931389,Ethereum,80006087.0,8.890303097623086,144336435.0,17.273492893783082
2020-02-14,1004962044,Ethereum,25030655.0,2.5543273009698497,133370074.0,15.301893384814003
2020-02-15,1036964909,Ethereum,32002865.0,3.1844849455826774,136084330.0,15.105701373988655
2020-02-16,1055097547,Ethereum,18132638.0,1.7486259990693753,147939371.0,16.308001726040764
2020-02-17,1008178689,Ethereum,-46918858.0,-4.446873953352104,99892804.0,10.997947413880604
2020-02-18,955224286,Ethereum,-52954403.0,-5.252481884191063,94136772.0,10.932311811456596
2020-02-19,1005089656,Ethereum,49865370.0,5.220278706356085,105164354.0,11.685898125798012
2020-02-20,977171420,Ethereum,-27918236.0,-2.777686133106516,-2759969.0,-0.28164920840187957
2020-02-21,885698851,Ethereum,-91472569.0,-9.360954191640191,-119263193.0,-11.867432577383985
2020-02-22,913902886,Ethereum,28204035.0,3.1843820242237086,-123062023.0,-11.867520485208626
2020-02-23,917192468,Ethereum,3289582.0,0.3599487484275299,-137905079.0,-13.070362962373562
2020-02-24,944593591,Ethereum,27401123.0,2.98749978396029,-63585098.0,-6.306927402231565
2020-02-25,950000082,Ethereum,5406491.0,0.5723616009586152,-5224204.0,-0.5469086241385646
2020-02-26,919292557,Ethereum,-30707525.0,-3.232370773626947,-85797099.0,-8.536263256498977
2020-02-27,837837072,Ethereum,-81455485.0,-8.860670564528462,-139334348.0,-14.258946296239404
2020-02-28,829575442,Ethereum,-8261630.0,-0.9860664174573541,-56123409.0,-6.336624343210307
2020-02-29,805408701,Ethereum,-24166741.0,-2.9131456618022744,-108494185.0,-11.871522309647242
2020-03-01,827142708,Ethereum,21734007.0,2.698506605778528,-90049760.0,-9.817978575026853
2020-03-02,820194967,Ethereum,-6947741.0,-0.8399688388475712,-124398624.0,-13.169539279671017
2020-03-03,812416576,Ethereum,-7778391.0,-0.9483587821138117,-137583506.0,-14.482473065723378
2020-03-04,836022679,Ethereum,23606103.0,2.9056648642284744,-83269878.0,-9.058038963324277
2020-03-05,818677774,Ethereum,-17344905.0,-2.074693119658777,-19159298.0,-2.286757012824092
2020-03-06,836095078,Ethereum,17417304.0,2.1274919819674887,6519636.0,0.785900313572685
2020-03-07,849525548,Ethereum,13430470.0,1.6063328625407935,44116847.0,5.47757268393354
2020-03-08,864526839,Ethereum,15001291.0,1.7658434211092144,37384131.0,4.51967122945367
2020-03-09,814793875,Ethereum,-49732964.0,-5.752622331254198,-5401092.0,-0.6585131849510595
2020-03-10,745730680,Ethereum,-69063195.0,-8.47615539574349,-66685896.0,-8.208337689062617
2020-03-11,747162968,Ethereum,1432288.0,0.19206504954307757,-88859711.0,-10.628863693780255
2020-03-12,753596940,Ethereum,6433972.0,0.8611203011335444,-65080834.0,-7.949505417988789
2020-03-13,526215500,Ethereum,-227381440.0,-30.172818907677623,-309879578.0,-37.06272003672769
2020-03-14,500864738,Ethereum,-25350762.0,-4.817562766585171,-348660810.0,-41.04182750252027
2020-03-15,500878204,Ethereum,13466.0,0.002688550216922714,-363648635.0,-42.06331354855717
2020-03-16,480452769,Ethereum,-20425435.0,-4.077924500783425,-334341106.0,-41.033826622714855
2020-03-17,407503260,Ethereum,-72949509.0,-15.183492261234111,-338227420.0,-45.355170314301674
2020-03-18,448877996,Ethereum,41374736.0,10.153228222026979,-298284972.0,-39.92234422410507
2020-03-19,443056136,Ethereum,-5821860.0,-1.2969804828659948,-310540804.0,-41.20781116759843
2020-03-20,475636695,Ethereum,32580559.0,7.353596159200926,-50578805.0,-9.611804479343544
2020-03-21,533013767,Ethereum,57377072.0,12.06321392002776,32149029.0,6.418704804090236
2020-03-22,493294754,Ethereum,-39719013.0,-7.451779946239179,-7583450.0,-1.514030744288486
2020-03-23,485592455,Ethereum,-7702299.0,-1.5613989278304818,5139686.0,1.0697588465766517
2020-03-24,475090969,Ethereum,-10501486.0,-2.1626130908479646,67587709.0,16.585808172430315
2020-03-25,516417986,Ethereum,41327017.0,8.698758700252206,67539990.0,15.046402497305756
2020-03-26,516810487,Ethereum,392501.0,0.07600451778222439,73754351.0,16.646728260185984
2020-03-27,523279907,Ethereum,6469420.0,1.2517973537173877,47643212.0,10.016723373288094
2020-03-28,526332929,Ethereum,3053022.0,0.5834395624902067,-6680838.0,-1.2534081507129202
2020-03-29,513006482,Ethereum,-13326447.0,-2.531942477040039,19711728.0,3.9959330279032423
2020-03-30,511092559,Ethereum,-1913923.0,-0.3730796914180101,25500104.0,5.251338594212718
2020-03-31,523812722,Ethereum,12720163.0,2.4888178816158346,48721753.0,10.255247137732892
2020-04-01,533584510,Ethereum,9771788.0,1.8655117734998505,17166524.0,3.3241530050039714
2020-04-02,538682854,Ethereum,5098344.0,0.9554895062452218,21872367.0,4.232183276110657
2020-04-03,553807708,Ethereum,15124854.0,2.8077474320354012,30527801.0,5.833933348409648
2020-04-04,580946144,Ethereum,27138436.0,4.900335551125989,54613215.0,10.376172948890305
2020-04-05,571129469,Ethereum,-9816675.0,-1.689773673753825,58122987.0,11.329873800697898
2020-04-06,574231231,Ethereum,3101762.0,0.5430926205630682,63138672.0,12.353666843347643
2020-04-07,596911718,Ethereum,22680487.0,3.949713247136155,73098996.0,13.955177667487039
2020-04-08,645726609,Ethereum,48814891.0,8.177907976670017,112142099.0,21.01674559480746
2020-04-09,633016429,Ethereum,-12710180.0,-1.9683531424674494,94333575.0,17.511894856040833
2020-04-10,635813911,Ethereum,2797482.0,0.44192881445734855,82006203.0,14.807703434853604
2020-04-11,588667228,Ethereum,-47146683.0,-7.415170096836709,7721084.0,1.3290533175481345
2020-04-12,593536071,Ethereum,4868843.0,0.8270959836751857,22406602.0,3.923208872277617
2020-04-13,589850034,Ethereum,-3686037.0,-0.6210299895993976,15618803.0,2.719950110132552
2020-04-14,584568119,Ethereum,-5281915.0,-0.8954674401188578,-12343599.0,-2.0679103170160973
2020-04-15,591749435,Ethereum,7181316.0,1.228482321664215,-53977174.0,-8.35913732649044
2020-04-16,678574070,Ethereum,86824635.0,14.672533654383635,45557641.0,7.196912894025376
2020-04-17,623647560,Ethereum,-54926510.0,-8.094401544108521,-12166351.0,-1.9135081490848305
2020-04-18,631478105,Ethereum,7830545.0,1.2556042069658657,42810877.0,7.272508976837422
2020-04-19,648221896,Ethereum,16743791.0,2.651523602706707,54685825.0,9.213563871166986
2020-04-20,679521433,Ethereum,31299537.0,4.828522022033033,89671399.0,15.202406345881458
2020-04-21,663745448,Ethereum,-15775985.0,-2.3216317004676412,79177329.0,13.544585554108867
2020-04-22,645172027,Ethereum,-18573421.0,-2.7982747084692616,53422592.0,9.027907563612626
2020-04-23,669172971,Ethereum,24000944.0,3.720084410913249,-9401099.0,-1.3854197228609144
2020-04-24,680914033,Ethereum,11741062.0,1.7545630963627268,57266473.0,9.182505740902759
2020-04-25,693315927,Ethereum,12401894.0,1.821359731030836,61837822.0,9.792552031554603
2020-04-26,704408112,Ethereum,11092185.0,1.5998745403118297,56186216.0,8.667744231830143
2020-04-27,705883573,Ethereum,1475461.0,0.2094611028556681,26362140.0,3.8795156002091824
2020-04-28,713439299,Ethereum,7555726.0,1.0703926665821317,49693851.0,7.486883887450779
2020-04-29,723938079,Ethereum,10498780.0,1.4715729866178862,78766052.0,12.208534887393686
2020-04-30,770128459,Ethereum,46190380.0,6.380432434746952,100955488.0,15.086605761905458
2020-05-01,758467133,Ethereum,-11661326.0,-1.514205307403138,77553100.0,11.389558188177329
2020-05-02,769976935,Ethereum,11509802.0,1.517508340074647,76661008.0,11.057153746880545
2020-05-03,775092921,Ethereum,5115986.0,0.664433669042297,70684809.0,10.034638698198295
2020-05-04,790069950,Ethereum,14977029.0,1.932288193353271,84186377.0,11.926382794574542
2020-05-05,753150629,Ethereum,-36919321.0,-4.672918011879834,39711330.0,5.566182022165278
2020-05-06,754979575,Ethereum,1828946.0,0.2428393377867044,31041496.0,4.287866172598442
2020-05-07,793149337,Ethereum,38169762.0,5.055734388576005,23020878.0,2.989225723445177
2020-05-08,775765757,Ethereum,-17383580.0,-2.19171588363819,17298624.0,2.2807348199226363
2020-05-09,792848459,Ethereum,17082702.0,2.2020438316407986,22871524.0,2.9704167696919415
2020-05-10,797801765,Ethereum,4953306.0,0.6247481399216603,22708844.0,2.929822139350957
2020-05-11,749611886,Ethereum,-48189879.0,-6.040332462789177,-40458064.0,-5.120820504564183
2020-05-12,726292803,Ethereum,-23319083.0,-3.110820870841957,-26857826.0,-3.5660630112811065
2020-05-13,719612596,Ethereum,-6680207.0,-0.9197677537774007,-35366979.0,-4.684494809015193
2020-05-14,731804703,Ethereum,12192107.0,1.6942598097601902,-61344634.0,-7.734310695137103
2020-05-15,750083898,Ethereum,18279195.0,2.4978242043355747,-25681859.0,-3.3105172235644353
2020-05-16,738021896,Ethereum,-12062002.0,-1.6080870462839902,-54826563.0,-6.915137738824817
2020-05-17,743461742,Ethereum,5439846.0,0.7370846352233507,-54340023.0,-6.811218699171462
2020-05-18,755745222,Ethereum,12283480.0,1.6522006858020744,6133336.0,0.8182015406303256
2020-05-19,772866862,Ethereum,17121640.0,2.265530697592677,46574059.0,6.412573387430354
2020-05-20,835133749,Ethereum,62266887.0,8.056612343148961,115521153.0,16.05324220867306
2020-05-21,848674748,Ethereum,13540999.0,1.621416810925691,116870045.0,15.970113955389543
2020-05-22,824268459,Ethereum,-24406289.0,-2.8758118534239707,74184561.0,9.890168446196945
2020-05-23,829002771,Ethereum,4734312.0,0.5743652991094361,90980875.0,12.32766608864948
2020-05-24,837018779,Ethereum,8016008.0,0.9669458632002526,93557037.0,12.583974630398664
2020-05-25,825092597,Ethereum,-11926182.0,-1.4248404335979625,69347375.0,9.176025594509142
2020-05-26,818368106,Ethereum,-6724491.0,-0.8149983437555908,45501244.0,5.887332765471842
2020-05-27,822595667,Ethereum,4227561.0,0.5165842814504717,-12538082.0,-1.5013262264892635
2020-05-28,839810096,Ethereum,17214429.0,2.0926962893909717,-8864652.0,-1.044528781007159
2020-05-29,839474531,Ethereum,-335565.0,-0.03995724766805431,15206072.0,1.8447960532722574
2020-05-30,861324660,Ethereum,21850129.0,2.6028340578685194,32321889.0,3.8988879326677273
2020-05-31,913611977,Ethereum,52287317.0,6.070570068201686,76593198.0,9.150714407089788
2020-06-01,929052557,Ethereum,15440580.0,1.6900588421248308,103959960.0,12.599793087223631
2020-06-02,932163230,Ethereum,3110673.0,0.33482206970558703,113795124.0,13.905126942960312
2020-06-03,961947498,Ethereum,29784268.0,3.1951773081630774,139351831.0,16.94050146267061
2020-06-04,951215396,Ethereum,-10732102.0,-1.1156640068520685,111405300.0,13.26553473584342
2020-06-05,952438705,Ethereum,1223309.0,0.1286048359965708,112964174.0,13.456533799236837
2020-06-06,968775632,Ethereum,16336927.0,1.715273320397026,107450972.0,12.475083669379682
2020-06-07,974057747,Ethereum,5282115.0,0.5452361543296869,60445770.0,6.616131522102409
2020-06-08,965613657,Ethereum,-8444090.0,-0.8668982948913384,36561100.0,3.9353101958041314
2020-06-09,966980117,Ethereum,1366460.0,0.1415120830255523,34816887.0,3.7350633322020155
2020-06-10,951606491,Ethereum,-15373626.0,-1.589859577226449,-10341007.0,-1.0750074220786665
2020-06-11,922437495,Ethereum,-29168996.0,-3.0652371832129544,-28777901.0,-3.025382171169144
2020-06-12,986845181,Ethereum,64407686.0,6.98233607687424,34406476.0,3.61246091946672
2020-06-13,967244397,Ethereum,-19600784.0,-1.986206588163908,-1531235.0,-0.1580587856900184
2020-06-14,962110619,Ethereum,-5133778.0,-0.5307632709915855,-11947128.0,-1.2265317982220192
2020-06-15,944669632,Ethereum,-17440987.0,-1.8127839622150588,-20944025.0,-2.168985996435635
2020-06-16,939295894,Ethereum,-5373738.0,-0.568848390799126,-27684223.0,-2.862956798521221
2020-06-17,1032685360,Ethereum,93389466.0,9.942496991262262,81078869.0,8.520209747077057
2020-06-18,1111684524,Ethereum,78999164.0,7.649877403123062,189247029.0,20.515973171710677
2020-06-19,1218645085,Ethereum,106960561.0,9.621485114782447,231799904.0,23.488983729454915
2020-06-20,1299509370,Ethereum,80864285.0,6.635589475175219,332264973.0,34.35170821671867
2020-06-21,1413776610,Ethereum,114267240.0,8.79310627825638,451665991.0,46.9453285391916
2020-06-22,1489464883,Ethereum,75688273.0,5.353623229061633,544795251.0,57.67045245718241
2020-06-23,1498615402,Ethereum,9150519.0,0.614349428740435,559319508.0,59.54667869547825
2020-06-24,1551846371,Ethereum,53230969.0,3.5520100039649893,519161011.0,50.272912845399496
2020-06-25,1623124898,Ethereum,71278527.0,4.593143260313104,511440374.0,46.00589132605393
2020-06-26,1636091228,Ethereum,12966330.0,0.7988497999123156,417446143.0,34.25494002628338
2020-06-27,1658877295,Ethereum,22786067.0,1.392713719751093,359367925.0,27.654123417363287
2020-06-28,1685133336,Ethereum,26256041.0,1.582759682053525,271356726.0,19.19374843809305
2020-06-29,1661040433,Ethereum,-24092903.0,-1.4297327389646952,171575550.0,11.519274603804131
2020-06-30,1677301440,Ethereum,16261007.0,0.9789651520180742,178686038.0,11.92340861848422
2020-07-01,1648275975,Ethereum,-29025465.0,-1.7304859047876375,96429604.0,6.2138627767554855
2020-07-02,1723695376,Ethereum,75419401.0,4.575653722065565,100570478.0,6.196102229959144
2020-07-03,1770498157,Ethereum,46802781.0,2.7152582557023797,134406929.0,8.215124358578851
2020-07-04,1823395182,Ethereum,52897025.0,2.987691616105992,164517887.0,9.917423518657543
2020-07-05,1842540988,Ethereum,19145806.0,1.0500085877708454,157407652.0,9.340961254356195
2020-07-06,1874062466,Ethereum,31521478.0,1.7107612913520809,213022033.0,12.824614546875402
2020-07-07,1984153122,Ethereum,110090656.0,5.874438979346164,306851682.0,18.294367051875902
2020-07-08,1978754308,Ethereum,-5398814.0,-0.27209664113816423,330478333.0,20.049939331306454
2020-07-09,2119782725,Ethereum,141028417.0,7.127131267880471,396087349.0,22.978964526734337
2020-07-10,2123972470,Ethereum,4189745.0,0.1976497378994413,353474313.0,19.96468121711803
2020-07-11,2136109155,Ethereum,12136685.0,0.571414421393146,312713973.0,17.15009319356642
2020-07-12,2175221657,Ethereum,39112502.0,1.831016074644376,332680669.0,18.05553695503461
2020-07-13,2199078615,Ethereum,23856958.0,1.096759859999863,325016149.0,17.3428663609978
2020-07-14,2216475682,Ethereum,17397067.0,0.7911070973695145,232322560.0,11.708902776909769
2020-07-15,2168840981,Ethereum,-47634701.0,-2.1491190445643737,190086673.0,9.60638075336031
2020-07-16,2210860774,Ethereum,42019793.0,1.9374307922116918,91078049.0,4.296574735035641
2020-07-17,2206273037,Ethereum,-4587737.0,-0.2075090866848095,82300567.0,3.874841513364813
2020-07-18,2314805956,Ethereum,108532919.0,4.919287739090472,178696801.0,8.365527603386912
2020-07-19,2330322325,Ethereum,15516369.0,0.6703097060806185,155100668.0,7.130338533586977
2020-07-20,2543198900,Ethereum,212876575.0,9.135069973635513,344120285.0,15.64838485776463
2020-07-21,2746492523,Ethereum,203293623.0,7.993618705953365,530016841.0,23.912594453630454
2020-07-22,2845854794,Ethereum,99362271.0,3.6177877845254836,677013813.0,31.21546572251901
2020-07-23,3011758473,Ethereum,165903679.0,5.829660717397789,800897699.0,36.22560535781616
2020-07-24,3224964910,Ethereum,213206437.0,7.079134628867689,1018691873.0,46.17252062261412
2020-07-25,3274580412,Ethereum,49615502.0,1.5384819179319331,959774456.0,41.462415176194575
2020-07-26,3301845088,Ethereum,27264676.0,0.8326158643130688,971522763.0,41.69048858938431
2020-07-27,3215741124,Ethereum,-86103964.0,-2.6077529897732155,672542224.0,26.444735565118393
2020-07-28,3185108226,Ethereum,-30632898.0,-0.9525921651894809,438615703.0,15.970030842133841
2020-07-29,3197292322,Ethereum,12184096.0,0.38253318680168125,351437528.0,12.349102587417526
2020-07-30,3315453607,Ethereum,118161285.0,3.695667242777678,303695134.0,10.083648364322206
2020-07-31,3425444022,Ethereum,109990415.0,3.3175072867186017,200479112.0,6.216474212738032
2020-08-01,3551206159,Ethereum,125762137.0,3.671411244565359,276625747.0,8.447669997239338
2020-08-02,3779576339,Ethereum,228370180.0,6.430777875883953,477731251.0,14.46861491885958
2020-08-03,3678577051,Ethereum,-100999288.0,-2.6722383394622073,462835927.0,14.392822965310303
2020-08-04,3818620818,Ethereum,140043767.0,3.807009206506362,633512592.0,19.88982938879893
2020-08-05,3865296066,Ethereum,46675248.0,1.2223064353492408,668003744.0,20.892795425791544
2020-08-06,4067646106,Ethereum,202350040.0,5.235046333964322,752192499.0,22.687468689408806
2020-08-07,4008810038,Ethereum,-58836068.0,-1.4464401884228262,583366016.0,17.03037656587927
2020-08-08,4077465485,Ethereum,68655447.0,1.7126141261173844,526259326.0,14.819171358617812
2020-08-09,4151224119,Ethereum,73758634.0,1.8089333746990732,371647780.0,9.833053936895219
2020-08-10,4238195481,Ethereum,86971362.0,2.0950774881542733,559618430.0,15.212904942357298
2020-08-11,4295980168,Ethereum,57784687.0,1.3634266578559373,477359350.0,12.500831393100098
2020-08-12,4224555773,Ethereum,-71424395.0,-1.6625867021460627,359259707.0,9.294493898155132
2020-08-13,4261512438,Ethereum,36956665.0,0.8748059437680533,193866332.0,4.766057000731627
2020-08-14,4467586148,Ethereum,206073710.0,4.835694204771901,458776110.0,11.444196797832905
2020-08-15,5275579765,Ethereum,807993617.0,18.08568632440839,1198114280.0,29.383799431474532
2020-08-16,5619922442,Ethereum,344342677.0,6.527105879139339,1468698323.0,35.37988508685479
2020-08-17,5706272938,Ethereum,86350496.0,1.536506898292167,1468077457.0,34.63921056924934
2020-08-18,5939841737,Ethereum,233568799.0,4.093193605314371,1643861569.0,38.26511074806247
2020-08-19,5905072723,Ethereum,-34769014.0,-0.5853525319272301,1680516950.0,39.77973165227282
2020-08-20,5946540625,Ethereum,41467902.0,0.7022420204663149,1685028187.0,39.540614078104454
2020-08-21,6193012496,Ethereum,246471871.0,4.144794201250401,1725426348.0,38.62099780151793
2020-08-22,6106343053,Ethereum,-86669443.0,-1.3994714697569077,830763288.0,15.747336311955085
2020-08-23,6057867006,Ethereum,-48476047.0,-0.7938637999740927,437944564.0,7.792715442602183
2020-08-24,6122994961,Ethereum,65127955.0,1.0750971412131438,416722023.0,7.302875756694127
2020-08-25,6206247618,Ethereum,83252657.0,1.359672146233537,266405881.0,4.485066989925435
2020-08-26,6444189534,Ethereum,237941916.0,3.8339094835645238,539116811.0,9.129723481645936
2020-08-27,6611778883,Ethereum,167589349.0,2.6006272490246785,665238258.0,11.186979118636732
2020-08-28,6635834732,Ethereum,24055849.0,0.3638332349838791,442822236.0,7.150352696462581
2020-08-29,7064295857,Ethereum,428461125.0,6.456778119169115,957952804.0,15.687831418664967
2020-08-30,7370933577,Ethereum,306637720.0,4.340669278398823,1313066571.0,21.675394486202435
2020-08-31,7736738479,Ethereum,365804902.0,4.962802855006654,1613743518.0,26.355460494065895
2020-09-01,7966264779,Ethereum,229526300.0,2.9667061982644016,1760017161.0,28.3587969628446
2020-09-02,8921870127,Ethereum,955605348.0,11.99565134363958,2477680593.0,38.448288647122844
2020-09-03,8743723559,Ethereum,-178146568.0,-1.9967402065277806,2131944676.0,32.24464571072681
2020-09-04,8336063461,Ethereum,-407660098.0,-4.662316863624893,1700228729.0,25.621926971764132
2020-09-05,8195102135,Ethereum,-140961326.0,-1.6909819204170229,1130806278.0,16.007345967531727
2020-09-06,7045450256,Ethereum,-1149651879.0,-14.028524111859653,-325483321.0,-4.415767929528314
2020-09-07,7280681184,Ethereum,235230928.0,3.3387635914351232,-456057295.0,-5.89469705144986
2020-09-08,7252540113,Ethereum,-28141071.0,-0.3865170069779045,-713724666.0,-8.959338985084464
2020-09-09,7123809946,Ethereum,-128730167.0,-1.774966632301067,-1798060181.0,-20.15340007649945
2020-09-10,7306826536,Ethereum,183016590.0,2.569082996139782,-1436897023.0,-16.433468113490257
2020-09-11,7979131929,Ethereum,672305393.0,9.201058622202396,-356931532.0,-4.281775608713778
2020-09-12,7960315221,Ethereum,-18816708.0,-0.23582399899431117,-234786914.0,-2.8649662948953547
2020-09-13,8164805165,Ethereum,204489944.0,2.5688674169653147,1119354909.0,15.887627736023568
2020-09-14,7974547916,Ethereum,-190257249.0,-2.3302117460876404,693866732.0,9.530244690906663
2020-09-15,8137560641,Ethereum,163012725.0,2.044162587234988,885020528.0,12.202904281958027
2020-09-16,8033870461,Ethereum,-103690180.0,-1.2742169868150799,910060515.0,12.774912889288913
2020-09-17,7736142750,Ethereum,-297727711.0,-3.705906293178407,429316214.0,5.875549554718473
2020-09-18,8232180597,Ethereum,496037847.0,6.411953127416115,253048668.0,3.171380925289613
2020-09-19,8691042811,Ethereum,458862214.0,5.574005679214822,730727590.0,9.179631330079463
2020-09-20,9363150422,Ethereum,672107611.0,7.733336788415457,1198345257.0,14.676960843314868
2020-09-21,9453038760,Ethereum,89888338.0,0.9600223637205918,1478490844.0,18.540121140078437
2020-09-22,8777476910,Ethereum,-675561850.0,-7.146504601870474,639916269.0,7.863735795415994
2020-09-23,8859060458,Ethereum,81583548.0,0.9294646837185505,825189997.0,10.27138788216515
2020-09-24,8914905214,Ethereum,55844756.0,0.6303688327306878,1178762464.0,15.23708264044119
2020-09-25,9237389634,Ethereum,322484420.0,3.617362296724913,1005209037.0,12.210726248721038
2020-09-26,9474344868,Ethereum,236955234.0,2.565175264750552,783302057.0,9.012751105179206
2020-09-27,9745048400,Ethereum,270703532.0,2.85722691934418,381897978.0,4.078733767885212
2020-09-28,9677113782,Ethereum,-67934618.0,-0.6971193493507943,224075022.0,2.3704020229786904
2020-09-29,9788284275,Ethereum,111170493.0,1.1487980352859362,1010807365.0,11.515921663643546
2020-09-30,9793862520,Ethereum,5578245.0,0.05698899667481161,934802062.0,10.551932300629518
2020-10-01,9652339787,Ethereum,-141522733.0,-1.445014494649044,737434573.0,8.271928363769131
2020-10-02,9741698237,Ethereum,89358450.0,0.9257698337593823,504308603.0,5.459427641157344
2020-10-03,9319220388,Ethereum,-422477849.0,-4.336798766722049,-155124480.0,-1.6373108870454955
2020-10-04,9470427073,Ethereum,151206685.0,1.6225250472099884,-274621327.0,-2.8180601647909698
2020-10-05,9460009570,Ethereum,-10417503.0,-0.11000035077298742,-217104212.0,-2.2434810305095976
2020-10-06,9318430545,Ethereum,-141579025.0,-1.496605515590399,-469853730.0,-4.800164327062317
2020-10-07,8898054359,Ethereum,-420376186.0,-4.511233774506818,-895808161.0,-9.146627892424208
2020-10-08,8655472186,Ethereum,-242582173.0,-2.726238379906487,-996867601.0,-10.3277300944441
2020-10-09,8905414256,Ethereum,249942070.0,2.887676889589863,-836283981.0,-8.584581052035723
2020-10-10,9296409633,Ethereum,390995377.0,4.390535529962203,-22810755.0,-0.24477106507077018
2020-10-11,9438525994,Ethereum,142116361.0,1.5287230942956809,-31901079.0,-0.3368494235170161
2020-10-12,9548567875,Ethereum,110041881.0,1.1658799379262508,88558305.0,0.9361333553069562
2020-10-13,9566161083,Ethereum,17593208.0,0.1842497035190238,247730538.0,2.6585006649314513
2020-10-14,9623865818,Ethereum,57704735.0,0.6032172623827936,725811459.0,8.156968138387155
2020-10-15,9621219838,Ethereum,-2645980.0,-0.02749394110473924,965747652.0,11.157654155045083
2020-10-16,9500515335,Ethereum,-120704503.0,-1.2545654816374263,595101079.0,6.6824637450082935
2020-10-17,9317741653,Ethereum,-182773682.0,-1.9238291351065917,21332020.0,0.22946514667636642
2020-10-18,9275673126,Ethereum,-42068527.0,-0.45148844609202987,-162852868.0,-1.7254057265247202
2020-10-19,9386616205,Ethereum,110943079.0,1.1960649916502808,-161951670.0,-1.6960833511381446
2020-10-20,9412997952,Ethereum,26381747.0,0.2810570542550517,-153163131.0,-1.6010929532870422
2020-10-21,9180407801,Ethereum,-232590151.0,-2.470946580314315,-443458017.0,-4.607899002192839
2020-10-22,9311846334,Ethereum,131438533.0,1.431728697124801,-309373504.0,-3.2155330530760473
2020-10-23,9491751240,Ethereum,179904906.0,1.9320003740087577,-8764095.0,-0.09224862747931883
2020-10-24,9578318659,Ethereum,86567419.0,0.9120278946543436,260577006.0,2.7965682641147627
2020-10-25,9694397747,Ethereum,116079088.0,1.211894197014729,418724621.0,4.514223553504726
2020-10-26,9698769137,Ethereum,4371390.0,0.04509191921027167,312152932.0,3.325510761095396
2020-10-27,9420191570,Ethereum,-278577567.0,-2.8722981552086857,7193618.0,0.0764221774686824
2020-10-28,9569760266,Ethereum,149568696.0,1.5877457999508682,389352465.0,4.241123852445727
2020-10-29,9492031914,Ethereum,-77728352.0,-0.8122288316475212,180185580.0,1.9350145345729652
2020-10-30,9438271587,Ethereum,-53760327.0,-0.5663732221623419,-53479653.0,-0.5634329392728565
2020-10-31,9287650994,Ethereum,-150620593.0,-1.5958493206262525,-290667665.0,-3.0346418337928505
2020-11-01,9459029754,Ethereum,171378760.0,1.8452325578417472,-235367993.0,-2.427876379147287
2020-11-02,9450038206,Ethereum,-8991548.0,-0.09505782552590158,-248730931.0,-2.56456182724375
2020-11-03,9236763462,Ethereum,-213274744.0,-2.2568664734560318,-183428108.0,-1.947180231282708
2020-11-04,9197781257,Ethereum,-38982205.0,-0.42203316302699134,-371979009.0,-3.887025365949748
2020-11-05,9289302380,Ethereum,91521123.0,0.995034785485327,-202729534.0,-2.1357864768763557
2020-11-06,9501352545,Ethereum,212050165.0,2.282735089521326,63080958.0,0.668352859085819
2020-11-07,10132011217,Ethereum,630658672.0,6.637567325421245,844360223.0,9.0912139522197
2020-11-08,10106141591,Ethereum,-25869626.0,-0.25532567469521705,647111837.0,6.841207331294763
2020-11-09,10321814582,Ethereum,215672991.0,2.134078461675881,871776376.0,9.225109539202636
2020-11-10,10775871420,Ethereum,454056838.0,4.399002078489378,1539107958.0,16.66284910652831
2020-11-11,10846635637,Ethereum,70764217.0,0.6566913638989869,1648854380.0,17.92665354750782
2020-11-12,11272439467,Ethereum,425803830.0,3.9256765346435962,1983137087.0,21.34861161662389
2020-11-13,11152869407,Ethereum,-119570060.0,-1.0607292268017154,1651516862.0,17.38191330316541
2020-11-14,11443475613,Ethereum,290606206.0,2.6056631293253085,1311464396.0,12.943771655123705
2020-11-15,11257705890,Ethereum,-185769723.0,-1.6233680158234676,1151564299.0,11.39469785408036
2020-11-16,11290916734,Ethereum,33210844.0,0.29500543294083137,969102152.0,9.388873868069636
2020-11-17,11366438149,Ethereum,75521415.0,0.6688687622023126,590566729.0,5.480454489313136
2020-11-18,11018345066,Ethereum,-348093083.0,-3.062464058106229,171709429.0,1.5830662589445321
2020-11-19,11156909982,Ethereum,138564916.0,1.257583740298518,-115529485.0,-1.024884501160661
2020-11-20,11147436116,Ethereum,-9473866.0,-0.08491478388984453,-5433291.0,-0.04871653026430334
2020-11-21,11831364281,Ethereum,683928165.0,6.135295666941332,387888668.0,3.389605405890417
2020-11-22,11912858151,Ethereum,81493870.0,0.6887952062373026,655152261.0,5.8195894208069365
2020-11-23,11906199116,Ethereum,-6659035.0,-0.05589787870882157,615282382.0,5.449357182373138
2020-11-24,12042340577,Ethereum,136141461.0,1.1434502285204262,675902428.0,5.946475220643022
2020-11-25,12049343386,Ethereum,7002809.0,0.058151560780261846,1030998320.0,9.357106841583818
2020-11-26,11815022071,Ethereum,-234321315.0,-1.9446811954272558,658112089.0,5.898694979718977
2020-11-27,10757255688,Ethereum,-1057766383.0,-8.95272456237124,-390180428.0,-3.5001808841045645
2020-11-28,10662707337,Ethereum,-94548351.0,-0.878926314872952,-1168656944.0,-9.877617798285087
2020-11-29,10983905436,Ethereum,321198099.0,3.0123503238753457,-928952715.0,-7.797899573932399
2020-11-30,11570261784,Ethereum,586356348.0,5.33832298007777,-335937332.0,-2.8215329571345316
2020-12-01,12246336421,Ethereum,676074637.0,5.843209510911107,203995844.0,1.6939883297240277
2020-12-02,12179260427,Ethereum,-67075994.0,-0.5477229409195261,129917041.0,1.078208470271913
2020-12-03,12304342478,Ethereum,125082051.0,1.027008591775469,489320407.0,4.141510731503728
2020-12-04,12588382114,Ethereum,284039636.0,2.3084503418842495,1831126426.0,17.02224506983383
2020-12-05,11962693376,Ethereum,-625688738.0,-4.970366583519493,1299986039.0,12.191894590307273
2020-12-06,12327091156,Ethereum,364397780.0,3.046118198858694,1343185720.0,12.228671557911252
2020-12-07,12393723332,Ethereum,66632176.0,0.5405344631330022,823461548.0,7.1170520025634065
2020-12-08,12474872386,Ethereum,81149054.0,0.6547592827933935,228535965.0,1.866157821763803
2020-12-09,12080287702,Ethereum,-394584684.0,-3.1630358354833743,-98972725.0,-0.8126332924172419
2020-12-10,12058007862,Ethereum,-22279840.0,-0.1844313690998578,-246334616.0,-2.002013650387602
2020-12-11,11851708576,Ethereum,-206299286.0,-1.7108902926671554,-736673538.0,-5.8520112539380165
2020-12-12,11578207744,Ethereum,-273500832.0,-2.3076911674477563,-384485632.0,-3.214039012078751
2020-12-13,12031722306,Ethereum,453514562.0,3.916966874558092,-295368850.0,-2.3960952852712047
2020-12-14,12372554399,Ethereum,340832093.0,2.8327789183601126,-21168933.0,-0.17080365950514764
2020-12-15,12362354921,Ethereum,-10199478.0,-0.08243631566351439,-112517465.0,-0.9019528338123362
2020-12-16,12656995053,Ethereum,294640132.0,2.3833657412593245,576707351.0,4.773953776817086
2020-12-17,12890835514,Ethereum,233840461.0,1.8475195733332894,832827652.0,6.906842834500049
2020-12-18,13325904385,Ethereum,435068871.0,3.375024609750832,1474195809.0,12.438677508366025
2020-12-19,13311010136,Ethereum,-14894249.0,-0.1117691420386091,1732802392.0,14.966067549599504
2020-12-20,13729571479,Ethereum,418561343.0,3.144474677154574,1697849173.0,14.111439159074624
2020-12-21,13490009047,Ethereum,-239562432.0,-1.7448645965857046,1117454648.0,9.031721437331619
2020-12-22,13042909119,Ethereum,-447099928.0,-3.3143041375456206,680554198.0,5.5050530610793125
2020-12-23,13346362558,Ethereum,303453439.0,2.326577884054637,689367505.0,5.44653373184818
2020-12-24,13271196094,Ethereum,-75166464.0,-0.5631981273799935,380360580.0,2.950627828482588
2020-12-25,13199797164,Ethereum,-71398930.0,-0.5379992089204366,-126107221.0,-0.9463314260452771
2020-12-26,13799787212,Ethereum,599990048.0,4.545448998537349,488777076.0,3.671975838092778
2020-12-27,14018583650,Ethereum,218796438.0,1.585505882364191,289012171.0,2.1050341697995245
2020-12-28,14073579566,Ethereum,54995916.0,0.39230722142176155,583570519.0,4.325946090672028
2020-12-29,14869415427,Ethereum,795835861.0,5.6548219112829035,1826506308.0,14.003826073887705
2020-12-30,14921260380,Ethereum,51844953.0,0.34866840095044704,1574897822.0,11.800202603187815
2020-12-31,14478281864,Ethereum,-442978516.0,-2.968774116386008,1207085770.0,9.095531114529543
2021-01-01,14712679754,Ethereum,234397890.0,1.6189620578034525,1512882590.0,11.461407862585249
2021-01-02,14783924321,Ethereum,71244567.0,0.48423922895914906,984137109.0,7.131538290273176
2021-01-03,15242808981,Ethereum,458884660.0,3.1039435134835758,1224225331.0,8.73287460106571
2021-01-04,16802476327,Ethereum,1559667346.0,10.232151750665563,2728896761.0,19.390210914021267
2021-01-05,17609835968,Ethereum,807359641.0,4.805003889234172,2740420541.0,18.429914440509364
2021-01-06,19234507151,Ethereum,1624671183.0,9.225930246893267,4313246771.0,28.90671874328621
2021-01-07,20653266427,Ethereum,1418759276.0,7.376114526158983,6174984563.0,42.649981682937074
2021-01-08,21127889801,Ethereum,474623374.0,2.2980547686128894,6415210047.0,43.603273871681125
2021-01-09,21586516948,Ethereum,458627147.0,2.170719136268362,6802592627.0,46.01344324616961
2021-01-10,21517822149,Ethereum,-68694799.0,-0.31823012098468606,6275013168.0,41.16703932865482
2021-01-11,21697948732,Ethereum,180126583.0,0.8371041537229784,4895472405.0,29.135422123067876
2021-01-12,19307881232,Ethereum,-2390067500.0,-11.015177192649295,1698045264.0,9.642595576049828
2021-01-13,19567100700,Ethereum,259219468.0,1.3425578129742322,332593549.0,1.7291503566427835
2021-01-14,20501450015,Ethereum,934349315.0,4.775103523640567,-151816412.0,-0.7350721617648381
2021-01-15,21521581980,Ethereum,1020131965.0,4.975901530153304,393692179.0,1.8633767153658942
2021-01-16,20921363227,Ethereum,-600218753.0,-2.7889155804521337,-665153721.0,-3.081338794036559
2021-01-17,21699964413,Ethereum,778601186.0,3.721560481274855,182142264.0,0.8464716491230151
2021-01-18,21805800537,Ethereum,105836124.0,0.48772487357904293,107851805.0,0.49705991258492954
2021-01-19,22230192326,Ethereum,424391789.0,1.946233472510639,2922311094.0,15.135327687621647
2021-01-20,23454539464,Ethereum,1224347138.0,5.507586799274011,3887438764.0,19.867219081670086
2021-01-21,22494525872,Ethereum,-960013592.0,-4.093082251619173,1993075857.0,9.721633618801384
2021-01-22,20334936254,Ethereum,-2159589618.0,-9.600511832472735,-1186645726.0,-5.513747674788727
2021-01-23,21363755487,Ethereum,1028819233.0,5.059367878754117,442392260.0,2.114547963246838
2021-01-24,21933130297,Ethereum,569374810.0,2.6651438242984327,233165884.0,1.0744989234190427
2021-01-25,23748106103,Ethereum,1814975806.0,8.27504228271625,1942305566.0,8.907288511166112
2021-01-26,23999556372,Ethereum,251450269.0,1.0588224084455922,1769364046.0,7.959283572776776
2021-01-27,23597687807,Ethereum,-401868565.0,-1.6744833061533404,143148343.0,0.6103225485186714
2021-01-28,22630130090,Ethereum,-967557717.0,-4.100222551096655,135604218.0,0.6028320791094943
2021-01-29,23977226808,Ethereum,1347096718.0,5.952668909293046,3642290554.0,17.911492362232217
2021-01-30,25073387875,Ethereum,1096161067.0,4.571675764581196,3709632388.0,17.36413988756489
2021-01-31,24942392185,Ethereum,-130995690.0,-0.5224491028219314,3009261888.0,13.720166010282654
2021-02-01,24828452408,Ethereum,-113939777.0,-0.4568117450599707,1080346305.0,4.5491893135155115
2021-02-02,25327996206,Ethereum,499543798.0,2.0119812132915804,1328439834.0,5.535268291666728
2021-02-03,26769288073,Ethereum,1441291867.0,5.690508855408671,3171600266.0,13.440300981773223
2021-02-04,30279666894,Ethereum,3510378821.0,13.113456030011616,7649536804.0,33.8024429094212
2021-02-05,31167528548,Ethereum,887861654.0,2.9322041656142828,7190301740.0,29.988045730129876
2021-02-06,33368613573,Ethereum,2201085025.0,7.062109597846966,8295225698.0,33.08378484532977
2021-02-07,33052913390,Ethereum,-315700183.0,-0.9460991908139871,8110521205.0,32.517014185502035
2021-02-08,32327714264,Ethereum,-725199126.0,-2.194055082053392,7499261856.0,30.204306465688767
2021-02-09,34825546627,Ethereum,2497832363.0,7.7265975026931555,9497550421.0,37.49823058939856
2021-02-10,36110903925,Ethereum,1285357298.0,3.6908460095884665,9341615852.0,34.89676612439361
2021-02-11,37061089624,Ethereum,950185699.0,2.6312985711282044,6781422730.0,22.395962127786007
2021-02-12,38157792671,Ethereum,1096703047.0,2.9591764789608233,6990264123.0,22.428034716434265
2021-02-13,38877824723,Ethereum,720032052.0,1.8869855974327,5509211150.0,16.510158979028546
2021-02-14,38208944559,Ethereum,-668880164.0,-1.7204670497017127,5156031169.0,15.599324356563171
2021-02-15,38606368072,Ethereum,397423513.0,1.0401321407512931,6278653808.0,19.42189217810515
2021-02-16,38110264946,Ethereum,-496103126.0,-1.285029260133408,3284718319.0,9.431921784835339
2021-02-17,38524833662,Ethereum,414568716.0,1.0878137860952153,2413929737.0,6.684766856054258
2021-02-18,39114197401,Ethereum,589363739.0,1.5298281211823417,2053107777.0,5.539793346147204
2021-02-19,40115772620,Ethereum,1001575219.0,2.5606436679035394,1957979949.0,5.131271522653003
2021-02-20,40436643877,Ethereum,320871257.0,0.799863086371233,1558819154.0,4.009532850941144
2021-02-21,41653145633,Ethereum,1216501756.0,3.0084142484731125,3444201074.0,9.01412251438054
2021-02-22,41714663192,Ethereum,61517559.0,0.14769006773707183,3108295120.0,8.051249768440005
2021-02-23,38862165049,Ethereum,-2852498143.0,-6.838118600816245,751900103.0,1.9729595269552647
2021-02-24,33776691085,Ethereum,-5085473964.0,-13.085925494855722,-4748142577.0,-12.324887937630368
2021-02-25,36558829193,Ethereum,2782138108.0,8.236858077656773,-2555368208.0,-6.53309636345668
2021-02-26,35268658773,Ethereum,-1290170420.0,-3.5290255417890437,-4847113847.0,-12.08281314413333
2021-02-27,33695949363,Ethereum,-1572709410.0,-4.4592265901645,-6740694514.0,-16.66976748739043
2021-02-28,33903934616,Ethereum,207985253.0,0.6172411133439581,-7749211017.0,-18.604143574838762
2021-03-01,33043599381,Ethereum,-860335235.0,-2.537567526436857,-8671063811.0,-20.786608706606856
2021-03-02,36054588248,Ethereum,3010988867.0,9.11216974967719,-2807576801.0,-7.2244477307428
2021-03-03,36544098495,Ethereum,489510247.0,1.357691963177965,2767407410.0,8.19324605549947
2021-03-04,38098579310,Ethereum,1554480815.0,4.253712306551183,1539750117.0,4.21170521865295
2021-03-05,37485136665,Ethereum,-613442645.0,-1.610145722255285,2216477892.0,6.28455396125478
2021-03-06,36779406959,Ethereum,-705729706.0,-1.8826920982228712,3083457596.0,9.150825705435706
2021-03-07,38169212325,Ethereum,1389805366.0,3.778759585627056,4265277709.0,12.58047998649432
2021-03-08,37176095757,Ethereum,-993116568.0,-2.601878601905361,4132496376.0,12.50619319146018
2021-03-09,38191435330,Ethereum,1015339573.0,2.731162464280068,2136847082.0,5.9266994461336875
2021-03-10,40000864100,Ethereum,1809428770.0,4.737786769115382,3456765605.0,9.45916234730202
2021-03-11,39683177555,Ethereum,-317686545.0,-0.794199205811652,1584598245.0,4.1592056021471535
2021-03-12,39796135266,Ethereum,112957711.0,0.2846488561644156,2310998601.0,6.165106510490026
2021-03-13,41413872493,Ethereum,1617737227.0,4.065061132662606,4634465534.0,12.600707616537399
2021-03-14,44030977766,Ethereum,2617105273.0,6.319392791491207,5861765441.0,15.357313090688729
2021-03-15,43397003455,Ethereum,-633974311.0,-1.4398370037776997,6220907698.0,16.733622967464633
2021-03-16,41943396713,Ethereum,-1453606742.0,-3.34955555976878,3751961383.0,9.824091057538165
2021-03-17,42404471364,Ethereum,461074651.0,1.0992782824789549,2403607264.0,6.008888352989361
2021-03-18,42789195648,Ethereum,384724284.0,0.907272916333568,3106018093.0,7.8270397795013436
2021-03-19,43216495284,Ethereum,427299636.0,0.9986157242008575,3420360018.0,8.594703970971263
2021-03-20,43956905309,Ethereum,740410025.0,1.7132579125964442,2543032816.0,6.14053374610124
2021-03-21,45133042777,Ethereum,1176137468.0,2.6756603080499097,1102065011.0,2.502931042905421
2021-03-22,43531944598,Ethereum,-1601098179.0,-3.5475077249077613,134941143.0,0.3109457618195366
2021-03-23,43013429819,Ethereum,-518514779.0,-1.1911132934406599,1070033106.0,2.5511360305932262
2021-03-24,41625283187,Ethereum,-1388146632.0,-3.2272400453563055,-779188177.0,-1.8375141864438005
2021-03-25,41018712277,Ethereum,-606570910.0,-1.4572174975363006,-1770483371.0,-4.137687900386489
2021-03-26,39801622338,Ethereum,-1217089939.0,-2.967157844402757,-3414872946.0,-7.9017813072507215
2021-03-27,41695100570,Ethereum,1893478232.0,4.757289077114413,-2261804739.0,-5.145504951043279
2021-03-28,41813961457,Ethereum,118860887.0,0.2850715920458047,-3319081320.0,-7.353994137730546
2021-03-29,42000150490,Ethereum,186189033.0,0.44527958249416244,-1531794108.0,-3.5187817179900938
2021-03-30,44322481964,Ethereum,2322331474.0,5.529340840226116,1309052145.0,3.043356808579256
2021-03-31,46386141496,Ethereum,2063659532.0,4.6560107659949335,4760858309.0,11.437419626941692
2021-04-01,46487142417,Ethereum,101000921.0,0.2177394319566428,5468430140.0,13.331550008375714
2021-04-02,47794020992,Ethereum,1306878575.0,2.811268895121599,7992398654.0,20.080585123208362
2021-04-03,50050239410,Ethereum,2256218418.0,4.720712698305207,8355138840.0,20.03865856126894
2021-04-04,54745552496,Ethereum,4695313086.0,9.381200052885031,12931591039.0,30.926491029314196
2021-04-05,55642138246,Ethereum,896585750.0,1.6377325812275023,13641987756.0,32.48080684674708
2021-04-06,56412207993,Ethereum,770069747.0,1.3839686454812927,12089726029.0,27.276735176562596
2021-04-07,57087937448,Ethereum,675729455.0,1.1978425930143421,10701795952.0,23.07110616847241
2021-04-08,53098731154,Ethereum,-3989206294.0,-6.987826977693268,6611588737.0,14.222402998430361
2021-04-09,54980753866,Ethereum,1882022712.0,3.5443835871362905,7186732874.0,15.036886884246359
2021-04-10,55638707257,Ethereum,657953391.0,1.1966976527887807,5588467847.0,11.165716513802382
2021-04-11,56773205928,Ethereum,1134498671.0,2.039045705644549,2027653432.0,3.7037774568959847
2021-04-12,56469049178,Ethereum,-304156750.0,-0.5357399587152645,826910932.0,1.486123571211695
2021-04-13,57151467599,Ethereum,682418421.0,1.208482223330698,739259606.0,1.3104603281823834
2021-04-14,59281717845,Ethereum,2130250246.0,3.7273762783254893,2193780397.0,3.8428089979573476
2021-04-15,62172482322,Ethereum,2890764477.0,4.876316986222107,9073751168.0,17.088451966363905
2021-04-16,63806517425,Ethereum,1634035103.0,2.628228827244028,8825763559.0,16.05246006722698
2021-04-17,64063118837,Ethereum,256601412.0,0.40215548874238394,8424411580.0,15.14127842885873
2021-04-18,63835704540,Ethereum,-227414297.0,-0.35498474181162587,7062498612.0,12.439844635437169
2021-04-19,58971890294,Ethereum,-4863814246.0,-7.6192693118195205,2502841116.0,4.4322352730088
2021-04-20,59407021597,Ethereum,435131303.0,0.7378622269536894,2255553998.0,3.946624807303234
2021-04-21,60272327978,Ethereum,865306381.0,1.456572569602943,990610133.0,1.671021301356479
2021-04-22,60681765223,Ethereum,409437245.0,0.6793121466113661,-1490717099.0,-2.3977120477181035
2021-04-23,62867273719,Ethereum,2185508496.0,3.6015901778210457,-939243706.0,-1.4720184456141427
2021-04-24,59056125595,Ethereum,-3811148124.0,-6.062213133394046,-5006993242.0,-7.8157188299552205
2021-04-25,57016427053,Ethereum,-2039698542.0,-3.4538306085096337,-6819277487.0,-10.682544410122363
2021-04-26,58688574058,Ethereum,1672147005.0,2.9327460372879033,-283316236.0,-0.48042590221807346
2021-04-27,64259856269,Ethereum,5571282211.0,9.492958894339608,4852834672.0,8.16878971802395
2021-04-28,66509809577,Ethereum,2249953308.0,3.501335730633137,6237481599.0,10.348831392868618
2021-04-29,68319810337,Ethereum,1810000760.0,2.7214042131702643,7638045114.0,12.587051622395752
2021-04-30,66293064411,Ethereum,-2026745926.0,-2.9665567219854694,3425790692.0,5.449243285643934
2021-05-01,67526118779,Ethereum,1233054368.0,1.8600050834207682,8469993184.0,14.34227711124536
2021-05-02,69652692982,Ethereum,2126574203.0,3.14926171006491,12636265929.0,22.162500497012694
2021-05-03,69880029067,Ethereum,227336085.0,0.3263852053196903,11191455009.0,19.069222908602022
2021-05-04,75403261183,Ethereum,5523232116.0,7.903877817086191,11143404914.0,17.34116065767759
2021-05-05,75507722241,Ethereum,104461058.0,0.13853652529229876,8997912664.0,13.528700083831847
2021-05-06,76671860857,Ethereum,1164138616.0,1.5417477596322948,8352050520.0,12.224932239714924
2021-05-07,78668522437,Ethereum,1996661580.0,2.604164758338068,12375458026.0,18.66780203321925
2021-05-08,78164940447,Ethereum,-503581990.0,-0.6401314965630456,10638821668.0,15.755120922644483
2021-05-09,81358939141,Ethereum,3193998694.0,4.0862292937659195,11706246159.0,16.80659520519212
2021-05-10,82910401683,Ethereum,1551462542.0,1.9069355603460236,13030372616.0,18.646776181942705
2021-05-11,83654581175,Ethereum,744179492.0,0.8975707232070862,8251319992.0,10.942921914178827
2021-05-12,83938737846,Ethereum,284156671.0,0.33967855317518225,8431015605.0,11.165766036605508
2021-05-13,83456201600,Ethereum,-482536246.0,-0.5748671690600005,6784340743.0,8.8485406082075
2021-05-14,78239221178,Ethereum,-5216980422.0,-6.251159676550633,-429301259.0,-0.5457090659657382
2021-05-15,81777314383,Ethereum,3538093205.0,4.5221477818018885,3612373936.0,4.6214759652370985
2021-05-16,78742949695,Ethereum,-3034364688.0,-3.7105213235405388,-2615989446.0,-3.2153681864832695
2021-05-17,77142054201,Ethereum,-1600895494.0,-2.0330651825983814,-5768347482.0,-6.957326662165652
2021-05-18,74458233824,Ethereum,-2683820377.0,-3.479062626472307,-9196347351.0,-10.993238172768848
2021-05-19,71976575521,Ethereum,-2481658303.0,-3.3329534902291624,-11962162325.0,-14.25106289654562
2021-05-20,60789336824,Ethereum,-11187238697.0,-15.542888246657405,-22666864776.0,-27.16019222231173
2021-05-21,60547643180,Ethereum,-241693644.0,-0.39759217097524724,-17691577998.0,-22.612160156541382
2021-05-22,58015250081,Ethereum,-2532393099.0,-4.182480053718251,-23762064302.0,-29.057036760478038
2021-05-23,52792007941,Ethereum,-5223242140.0,-9.003222657331289,-25950941754.0,-32.956527351994566
2021-05-24,50131774991,Ethereum,-2660232950.0,-5.0390827205759265,-27010279210.0,-35.01368934203188
2021-05-25,56148122768,Ethereum,6016347777.0,12.001066744754386,-18310111056.0,-24.59111654364562
2021-05-26,57576522887,Ethereum,1428400119.0,2.5439855307399117,-14400052634.0,-20.00658204390208
2021-05-27,61851143782,Ethereum,4274620895.0,7.42424286959702,1061806958.0,1.746699361228754
2021-05-28,60453636973,Ethereum,-1397506809.0,-2.2594680123065203,-94006207.0,-0.15525989462633616
2021-05-29,55855975486,Ethereum,-4597661487.0,-7.60526862768145,-2159274595.0,-3.721908622276482
2021-05-30,54545481172,Ethereum,-1310494314.0,-2.3462025371456807,1753473231.0,3.3214747826217694
2021-05-31,57455091948,Ethereum,2909610776.0,5.334283818718233,7323316957.0,14.608134179000709
2021-06-01,59958234917,Ethereum,2503142969.0,4.3566947404165335,3810112149.0,6.785822857770518
2021-06-02,60986088294,Ethereum,1027853377.0,1.714282247339094,3409565407.0,5.921798045518711
2021-06-03,63939174081,Ethereum,2953085787.0,4.84222856328127,2088030299.0,3.3758960163444263
2021-06-04,64704981548,Ethereum,765807467.0,1.1977124790974791,4251344575.0,7.032404976558726
2021-06-05,62287438218,Ethereum,-2417543330.0,-3.736255342576056,6431462732.0,11.51436829460084
2021-06-06,62893486045,Ethereum,606047827.0,0.9729856361709643,8348004873.0,15.30466812947524
2021-06-07,63592738154,Ethereum,699252109.0,1.1118037065073638,6137646206.0,10.682510458002415
2021-06-08,63283670023,Ethereum,-309068131.0,-0.48601167361521647,3325435106.0,5.546252504936788
2021-06-09,61684042623,Ethereum,-1599627400.0,-2.5277095962017215,697954329.0,1.1444484283617662
2021-06-10,63046676474,Ethereum,1362633851.0,2.20905406496803,-892497607.0,-1.395854137667396
2021-06-11,61408581070,Ethereum,-1638095404.0,-2.598226418287952,-3296400478.0,-5.094508025714584
2021-06-12,60036860235,Ethereum,-1371720835.0,-2.233760837815757,-2250577983.0,-3.613213269621385
2021-06-13,59964167776,Ethereum,-72692459.0,-0.12107971455446176,-2929318269.0,-4.657586108208545
2021-06-14,61822381104,Ethereum,1858213328.0,3.0988728717814773,-1770357050.0,-2.7838981326968493
2021-06-15,63500480148,Ethereum,1678099044.0,2.7143875956136876,216810125.0,0.3426004290225215
2021-06-16,63840015714,Ethereum,339535566.0,0.534697635685033,2155973091.0,3.4951877330363423
2021-06-17,61110960623,Ethereum,-2729055091.0,-4.2748346166235685,-1935715851.0,-3.0702900759539298
2021-06-18,59719726175,Ethereum,-1391234448.0,-2.276571066494393,-1688854895.0,-2.7501936465114896
2021-06-19,58252660028,Ethereum,-1467066147.0,-2.4565855220115673,-1784200207.0,-2.971841298855693
2021-06-20,57655050814,Ethereum,-597609214.0,-1.0258917167263237,-2309116962.0,-3.8508279988573424
2021-06-21,54308559023,Ethereum,-3346491791.0,-5.8043341281513445,-7513822081.0,-12.153886580913076
2021-06-22,49886523990,Ethereum,-4422035033.0,-8.142427478378211,-13613956158.0,-21.43913892661925
2021-06-23,49929416087,Ethereum,42892097.0,0.08597932581673184,-13910599627.0,-21.78978101966449
2021-06-24,51603603320,Ethereum,1674187233.0,3.353107975632641,-9507357303.0,-15.557532079477355
2021-06-25,51732166837,Ethereum,128563517.0,0.2491367050528659,-7987559338.0,-13.375076963001497
2021-06-26,50063306755,Ethereum,-1668860082.0,-3.225962073574684,-8189353273.0,-14.058333592086036
2021-06-27,50356559325,Ethereum,293252570.0,0.5857634842922455,-7298491489.0,-12.658893515757264
2021-06-28,51920460170,Ethereum,1563900845.0,3.105654687220838,-2388098853.0,-4.397278985046582
2021-06-29,53757751865,Ethereum,1837291695.0,3.538666046071759,3871227875.0,7.76006737967152
2021-06-30,55326880015,Ethereum,1569128150.0,2.9188872219591655,5397463928.0,10.810188363899819
2021-07-01,55576738500,Ethereum,249858485.0,0.45160414780709424,3973135180.0,7.699336721434213
2021-07-02,54808016560,Ethereum,-768721940.0,-1.3831720981611784,3075849723.0,5.945719870369093
2021-07-03,54782495024,Ethereum,-25521536.0,-0.04656533405484886,4719188269.0,9.426441389688422
2021-07-04,56763915758,Ethereum,1981420734.0,3.6168866225095186,6407356433.0,12.723975821396127
2021-07-05,58064952935,Ethereum,1301037177.0,2.2920144948186394,6144492765.0,11.834434334521426
2021-07-06,57466067414,Ethereum,-598885521.0,-1.0314061938023311,3708315549.0,6.89819685598565
2021-07-07,59330351084,Ethereum,1864283670.0,3.244146944264048,4003471069.0,7.236032590152552
2021-07-08,59965170241,Ethereum,634819157.0,1.0699737072197957,4388431741.0,7.896166380832148
2021-07-09,57947807822,Ethereum,-2017362419.0,-3.3642236166298245,3139791262.0,5.728708059637189
2021-07-10,57721989804,Ethereum,-225818018.0,-0.3896920806627402,2939494780.0,5.3657555734039075
2021-07-11,58449439380,Ethereum,727449576.0,1.2602642051497526,1685523622.0,2.9693575566313024
2021-07-12,58030415875,Ethereum,-419023505.0,-0.7168991002219571,-34537060.0,-0.05948004476755697
2021-07-13,56674721689,Ethereum,-1355694186.0,-2.3361786496933323,-791345725.0,-1.3770660854499517
2021-07-14,55840829061,Ethereum,-833892628.0,-1.4713660749424595,-3489522023.0,-5.881512512979281
2021-07-15,55768404892,Ethereum,-72424169.0,-0.12969751742203384,-4196765349.0,-6.99867161576162
2021-07-16,54701898573,Ethereum,-1066506319.0,-1.9123844783894617,-3245909249.0,-5.6014357936896575
2021-07-17,54169089109,Ethereum,-532809464.0,-0.9740237138002872,-3552900695.0,-6.15519441908392
2021-07-18,54662393227,Ethereum,493304118.0,0.9106745675700134,-3787046153.0,-6.479183022405232
2021-07-19,54318153510,Ethereum,-344239717.0,-0.6297560291047888,-3712262365.0,-6.397097640996352
2021-07-20,52800930736,Ethereum,-1517222774.0,-2.793214930843846,-3873790953.0,-6.835130085432539
2021-07-21,52908611535,Ethereum,107680799.0,0.20393731227654754,-2932217526.0,-5.251027922233876
2021-07-22,55947866920,Ethereum,3039255385.0,5.744349165143903,179462028.0,0.32179874670530406
2021-07-23,55817285123,Ethereum,-130581797.0,-0.23339906271443445,1115386550.0,2.0390271253775794
2021-07-24,57214371583,Ethereum,1397086460.0,2.502963834449057,3045282474.0,5.621808533409567
2021-07-25,58130756073,Ethereum,916384490.0,1.6016683652124275,3468362846.0,6.345062192203521
2021-07-26,59192279152,Ethereum,1061523079.0,1.826095428153307,4874125642.0,8.973290377226606
2021-07-27,60023072183,Ethereum,830793031.0,1.4035496569858363,7222141447.0,13.678057084088291
2021-07-28,61521126691,Ethereum,1498054508.0,2.4957977882782867,8612515156.0,16.278097092573795
2021-07-29,61250552419,Ethereum,-270574272.0,-0.4398070818159794,5302685499.0,9.47790468326939
2021-07-30,62696470968,Ethereum,1445918549.0,2.360662054292706,6879185845.0,12.324472302515076
2021-07-31,64061388479,Ethereum,1364917511.0,2.17702446393937,6847016896.0,11.967302456633888
2021-08-01,64985494669,Ethereum,924106190.0,1.4425322521739226,6854738596.0,11.791930914147919
2021-08-02,64599066334,Ethereum,-386428335.0,-0.5946378295160315,5406787182.0,9.134277746116016
2021-08-03,64658353921,Ethereum,59287587.0,0.09177777693172295,4635281738.0,7.722499981120312
2021-08-04,64458319287,Ethereum,-200034634.0,-0.3093716772381905,2937192596.0,4.774282842303146
2021-08-05,66922875977,Ethereum,2464556690.0,3.8234889107588765,5672323558.0,9.260852896798433
2021-08-06,68864855594,Ethereum,1941979617.0,2.901817336223589,6168384626.0,9.838487766158831
2021-08-07,70719055911,Ethereum,1854200317.0,2.6925204460336527,6657667432.0,10.392636797409494
2021-08-08,73157823725,Ethereum,2438767814.0,3.448529936639977,8172329056.0,12.575620294383082
2021-08-09,72287233105,Ethereum,-870590620.0,-1.1900171105041935,7688166771.0,11.90135896275879
2021-08-10,73997394284,Ethereum,1710161179.0,2.365785914804519,9339040363.0,14.443671693854899
2021-08-11,73835361623,Ethereum,-162032661.0,-0.21897076588687225,9377042336.0,14.547450879457191
2021-08-12,74016045578,Ethereum,180683955.0,0.244711952414578,7093169601.0,10.599020884036392
2021-08-13,73853665873,Ethereum,-162379705.0,-0.2193844641820042,4988810279.0,7.24434871164481
2021-08-14,77366268103,Ethereum,3512602230.0,4.756165030508197,6647212192.0,9.399463986574608
2021-08-15,76632004920,Ethereum,-734263183.0,-0.9490740616084126,3474181195.0,4.748885379722934
2021-08-16,76788561947,Ethereum,156557027.0,0.2042971825719997,4501328842.0,6.227003924000862
2021-08-17,74683517557,Ethereum,-2105044390.0,-2.7413514937978833,686123273.0,0.9272262620041438
2021-08-18,73089117558,Ethereum,-1594399999.0,-2.1348753395059594,-746244065.0,-1.0106865444910906
2021-08-19,74105324528,Ethereum,1016206970.0,1.39036699847086,89278950.0,0.12062107520445231
2021-08-20,76343323225,Ethereum,2237998697.0,3.0200241497551072,2489657352.0,3.371068074374617
2021-08-21,78466672829,Ethereum,2123349604.0,2.7813167076078615,1100404726.0,1.422331402278565
2021-08-22,77890421339,Ethereum,-576251490.0,-0.7343901164967304,1258416419.0,1.642155154773417
2021-08-23,78664198457,Ethereum,773777118.0,0.9934175534014766,1875636510.0,2.4425988225884154
2021-08-24,79007050991,Ethereum,342852534.0,0.4358431671904972,4323533434.0,5.789140061192466
2021-08-25,77161187664,Ethereum,-1845863327.0,-2.336327332620314,4072070106.0,5.571376754916502
2021-08-26,77328205352,Ethereum,167017688.0,0.2164529772756829,3222880824.0,4.349054328454183
2021-08-27,76371635976,Ethereum,-956569376.0,-1.2370251858887293,28312751.0,0.037086086646453964
2021-08-28,78854540992,Ethereum,2482905016.0,3.25108266212899,387868163.0,0.4943094297438444
2021-08-29,78335342955,Ethereum,-519198037.0,-0.6584250323043217,444921616.0,0.57121480196336
2021-08-30,77971940038,Ethereum,-363402917.0,-0.46390671603845357,-692258419.0,-0.8800171266963419
2021-08-31,78582592748,Ethereum,610652710.0,0.7831698296879575,-424458243.0,-0.5372409647948384
2021-09-01,82168848993,Ethereum,3586256245.0,4.563677679229117,5007661329.0,6.489870724652347
2021-09-02,86370596709,Ethereum,4201747716.0,5.113553089149336,9042391357.0,11.693522843105963
2021-09-03,86673590681,Ethereum,302993972.0,0.35080685273118917,10301954705.0,13.489241880634095
2021-09-04,88230363475,Ethereum,1556772794.0,1.7961328032775947,9375822483.0,11.89002226764746
2021-09-05,88399607721,Ethereum,169244246.0,0.19182086453486402,10064264766.0,12.847667969975518
2021-09-06,89689794070,Ethereum,1290186349.0,1.4594932967032959,11717854032.0,15.028296110484419
2021-09-07,87287882585,Ethereum,-2401911485.0,-2.6780209609193473,8705289837.0,11.077885741077885
2021-09-08,80936379343,Ethereum,-6351503242.0,-7.276500533524766,-1232469650.0,-1.4999232252906336
2021-09-09,80668032027,Ethereum,-268347316.0,-0.3315533980866259,-5702564682.0,-6.6024375184220325
2021-09-10,79350050839,Ethereum,-1317981188.0,-1.6338333226709523,-7323539842.0,-8.449563222728484
2021-09-11,77081461945,Ethereum,-2268588894.0,-2.8589633781116675,-11148901530.0,-12.636127848616463
2021-09-12,78087864328,Ethereum,1006402383.0,1.3056347889692344,-10311743393.0,-11.664919855238642
2021-09-13,79614564143,Ethereum,1526699815.0,1.9551050962121952,-10075229927.0,-11.233418508171178
2021-09-14,78406713477,Ethereum,-1207850666.0,-1.517122751347999,-8881169108.0,-10.174572741355725
2021-09-15,82163007720,Ethereum,3756294243.0,4.790781396674504,1226628377.0,1.5155463920639045
2021-09-16,84325468142,Ethereum,2162460422.0,2.631914875085095,3657436115.0,4.53393497163268
2021-09-17,83459359367,Ethereum,-866108775.0,-1.0271022433477772,4109308528.0,5.178709382729596
2021-09-18,81697547022,Ethereum,-1761812345.0,-2.1109823492086677,4616085077.0,5.988580082061379
2021-09-19,81764570871,Ethereum,67023849.0,0.08203899803986836,3676706543.0,4.708422460571304
2021-09-20,78023664659,Ethereum,-3740906212.0,-4.575216590938913,-1590899484.0,-1.9982518288268247
2021-09-21,71801782565,Ethereum,-6221882094.0,-7.974352552129593,-6604930912.0,-8.423935424786688
2021-09-22,71718265486,Ethereum,-83517079.0,-0.11631616377266729,-10444742234.0,-12.712219919692103
2021-09-23,76115530853,Ethereum,4397265367.0,6.13130467838543,-8209937289.0,-9.736011515731956
2021-09-24,76277846027,Ethereum,162315174.0,0.21324842930343646,-7181513340.0,-8.604802857904016
2021-09-25,74008802940,Ethereum,-2269043087.0,-2.9747078675987138,-7688744082.0,-9.411230033540086
2021-09-26,74786763294,Ethereum,777960354.0,1.0511727295882567,-6977807577.0,-8.534023358367392
2021-09-27,75797342815,Ethereum,1010579521.0,1.3512812648773576,-2226321844.0,-2.8533930746909575
2021-09-28,73346180868,Ethereum,-2451161947.0,-3.233836248036548,1544398303.0,2.150919166389631
2021-09-29,72261303689,Ethereum,-1084877179.0,-1.4791188391287013,543038203.0,0.7571825661427889
2021-09-30,73729987574,Ethereum,1468683885.0,2.0324624799477053,-2385543279.0,-3.1341084431338206
2021-10-01,76190032201,Ethereum,2460044627.0,3.336559123288807,-87813826.0,-0.1151236310067194
2021-10-02,79844960322,Ethereum,3654928121.0,4.797121113373182,5836157382.0,7.885761085382592
2021-10-03,81156522375,Ethereum,1311562053.0,1.6426359881834829,6369759081.0,8.517227916335068
2021-10-04,81456286682,Ethereum,299764307.0,0.36936563843246173,5658943867.0,7.465886872593797
2021-10-05,81901430164,Ethereum,445143482.0,0.5464814321058054,8555249296.0,11.664205545203178
2021-10-06,83171829797,Ethereum,1270399633.0,1.5511324166820328,10910526108.0,15.098711967551814
2021-10-07,84549257675,Ethereum,1377427878.0,1.6561230904284852,10819270101.0,14.674178657823745
2021-10-08,83932007343,Ethereum,-617250332.0,-0.7300481979068962,7741975142.0,10.16140158803922
2021-10-09,83361600801,Ethereum,-570406542.0,-0.6796055045710458,3516640479.0,4.404336184548208
2021-10-10,83586911557,Ethereum,225310756.0,0.27028122521046694,2430389182.0,2.994693600558551
2021-10-11,81476338665,Ethereum,-2110572892.0,-2.5250040379357075,20051983.0,0.02461686361703297
2021-10-12,83231706064,Ethereum,1755367399.0,2.1544505162626626,1330275900.0,1.624240135167665
2021-10-13,83042427243,Ethereum,-189278821.0,-0.22741192022960321,-129402554.0,-0.1555845943462253
2021-10-14,85417490002,Ethereum,2375062759.0,2.860059415231264,868232327.0,1.0268952689536537
2021-10-15,88238068744,Ethereum,2820578742.0,3.302109137056064,4306061401.0,5.1304163182975815
2021-10-16,90345841398,Ethereum,2107772654.0,2.3887338923012535,6984240597.0,8.378246734575923
2021-10-17,90177485202,Ethereum,-168356196.0,-0.1863463701205048,6590573645.0,7.884695728356617
2021-10-18,90633537229,Ethereum,456052027.0,0.505727151271107,9157198564.0,11.239089426503268
2021-10-19,89127907442,Ethereum,-1505629787.0,-1.6612280983757555,5896201378.0,7.08408088315069
2021-10-20,91156194438,Ethereum,2028286996.0,2.2757035974617867,8113767195.0,9.770628658598056
2021-10-21,97030561720,Ethereum,5874367282.0,6.444287542077531,11613071718.0,13.595660230390848
2021-10-22,95159631172,Ethereum,-1870930548.0,-1.9281868669367541,6921562428.0,7.844190751818392
2021-10-23,93753228232,Ethereum,-1406402940.0,-1.4779407220042118,3407386834.0,3.7714927231564
2021-10-24,96712018711,Ethereum,2958790479.0,3.155934504653257,6534533509.0,7.2463026600957825
2021-10-25,95650500790,Ethereum,-1061517921.0,-1.0976070349354217,5016963561.0,5.53543833153487
2021-10-26,97767138037,Ethereum,2116637247.0,2.2128867381960404,8639230595.0,9.693070153837024
2021-10-27,96673228001,Ethereum,-1093910036.0,-1.1188933807042667,5517033563.0,6.052285965878501
2021-10-28,93084455078,Ethereum,-3588772923.0,-3.712271739765305,-3946106642.0,-4.066869831576603
2021-10-29,98016231620,Ethereum,4931776542.0,5.298174155789415,2856600448.0,3.001903656852889
2021-10-30,95660853770,Ethereum,-2355377850.0,-2.4030487716887428,1907625538.0,2.034730508990501
2021-10-31,93435560977,Ethereum,-2225292793.0,-2.3262313739644602,-3276457734.0,-3.3878495947756826
2021-11-01,93409052681,Ethereum,-26508296.0,-0.028370671426192207,-2241448109.0,-2.343373103629731
2021-11-02,94739448479,Ethereum,1330395798.0,1.4242685904795716,-3027689558.0,-3.0968376683525034
2021-11-03,100645177227,Ethereum,5905728748.0,6.233653291014329,3971949226.0,4.1086341152887895
2021-11-04,101525984830,Ethereum,880807603.0,0.8751612618390858,8441529752.0,9.068678271711894
2021-11-05,101274385985,Ethereum,-251598845.0,-0.24781719224028498,3258154365.0,3.3240967451509063
2021-11-06,100679778930,Ethereum,-594607055.0,-0.5871248185973399,5018925160.0,5.246582026193436
2021-11-07,101735209685,Ethereum,1055430755.0,1.048304601198824,8299648708.0,8.882751514750398
2021-11-08,104329512085,Ethereum,2594302400.0,2.5500536225685044,10920459404.0,11.69100755286998
2021-11-09,107449681996,Ethereum,3120169911.0,2.9906877245413632,12710233517.0,13.415988504321263
2021-11-10,106641966264,Ethereum,-807715732.0,-0.7517153303720936,5996789037.0,5.9583471381589925
2021-11-11,104283153330,Ethereum,-2358812934.0,-2.211899326912803,2757168500.0,2.7157269191889544
2021-11-12,105634589170,Ethereum,1351435840.0,1.2959292050974236,4360203185.0,4.3053365790297615
2021-11-13,104870183720,Ethereum,-764405450.0,-0.7236317725151764,4190404790.0,4.162111632082022
2021-11-14,105346386652,Ethereum,476202932.0,0.4540880115853074,3611176967.0,3.5495842375330877
2021-11-15,105666849526,Ethereum,320462874.0,0.3041992081404876,1337337441.0,1.281840022323144
2021-11-16,103746477547,Ethereum,-1920371979.0,-1.817383585878063,-3703204449.0,-3.4464545452427275
2021-11-17,98810835286,Ethereum,-4935642261.0,-4.757407073183783,-7831130978.0,-7.343385772364197
2021-11-18,100092754499,Ethereum,1281919213.0,1.2973468034042979,-4190398831.0,-4.0182893374346325
2021-11-19,95689038375,Ethereum,-4403716124.0,-4.399635264352719,-9945550795.0,-9.415051332281333
2021-11-20,100911230268,Ethereum,5222191893.0,5.457460939814784,-3958953452.0,-3.775099186028197
2021-11-21,103384626659,Ethereum,2473396391.0,2.4510615760318766,-1961759993.0,-1.8621996020427911
2021-11-22,101413074457,Ethereum,-1971552202.0,-1.9070071302795255,-4253775069.0,-4.025647672928234
2021-11-23,97965073187,Ethereum,-3448001270.0,-3.399957341261739,-5781404360.0,-5.572627135587194
2021-11-24,102122951232,Ethereum,4157878045.0,4.244245331255203,3312115946.0,3.3519764673715757
2021-11-25,101071769080,Ethereum,-1051182152.0,-1.0293299785392507,979014581.0,0.9781073424348419
2021-11-26,104760856543,Ethereum,3689087463.0,3.6499682320589644,9071818168.0,9.480519735654624
2021-11-27,96695494890,Ethereum,-8065361653.0,-7.698831337532552,-4215735378.0,-4.1776672098871925
2021-11-28,97419768091,Ethereum,724273201.0,0.7490247625537627,-5964858568.0,-5.7695798309300494
2021-11-29,100711085975,Ethereum,3291317884.0,3.3784907811786002,-701988482.0,-0.6922070805551295
2021-11-30,102916102771,Ethereum,2205016796.0,2.1894479387774224,4951029584.0,5.053872184170438
2021-12-01,105103433304,Ethereum,2187330533.0,2.125353053707313,2980482072.0,2.91852324677635
2021-12-02,104304841641,Ethereum,-798591663.0,-0.759815010695386,3233072561.0,3.19878893031047
2021-12-03,103274666936,Ethereum,-1030174705.0,-0.9876576089781985,-1486189607.0,-1.4186497285748945
2021-12-04,98567595005,Ethereum,-4707071931.0,-4.55781855381534,1872100115.0,1.936077908417233
2021-12-05,94666131013,Ethereum,-3901463992.0,-3.9581608862447104,-2753637078.0,-2.826569116267885
2021-12-06,95447154300,Ethereum,781023287.0,0.8250292672178139,-5263931675.0,-5.2267648829709685
2021-12-07,98458077566,Ethereum,3010923266.0,3.1545448243919028,-4458025205.0,-4.331708143787383
2021-12-08,98399638444,Ethereum,-58439122.0,-0.05935431956898274,-6703794860.0,-6.378283419733799
2021-12-09,100484339825,Ethereum,2084701381.0,2.1186067489327387,-3820501816.0,-3.6628230826997843
2021-12-10,95409935696,Ethereum,-5074404129.0,-5.049945233095432,-7864731240.0,-7.6153537680967105
2021-12-11,92355502663,Ethereum,-3054433033.0,-3.2013783582584,-6212092342.0,-6.302367772780581
2021-12-12,94885455446,Ethereum,2529952783.0,2.739363340624812,219324433.0,0.2316820500141592
2021-12-13,95985177549,Ethereum,1099722103.0,1.1589996568292404,538023249.0,0.5636870506468217
2021-12-14,90505642973,Ethereum,-5479534576.0,-5.7087299476033415,-7952434593.0,-8.076975286937927
2021-12-15,91114280321,Ethereum,608637348.0,0.672485524666766,-7285358123.0,-7.4038464350111965
2021-12-16,94065455938,Ethereum,2951175617.0,3.2389825245865644,-6418883887.0,-6.387944527653666
2021-12-17,93060871880,Ethereum,-1004584058.0,-1.0679627797287594,-2349063816.0,-2.4620746244759073
2021-12-18,91956504578,Ethereum,-1104367302.0,-1.1867149744997585,-398998085.0,-0.43202416044003655
2021-12-19,93938568684,Ethereum,1982064106.0,2.1554365458930302,-946886762.0,-0.997926138994909
2021-12-20,93445799256,Ethereum,-492769428.0,-0.5245656122967235,-2539378293.0,-2.6455942030254143
2021-12-21,92632800358,Ethereum,-812998898.0,-0.8700218784289504,2127157385.0,2.350303600002679
2021-12-22,95277199662,Ethereum,2644399304.0,2.8547116073141865,4162919341.0,4.568898888663586
2021-12-23,94997941443,Ethereum,-279258219.0,-0.29310078380838656,932485505.0,0.9913155639351912
2021-12-24,97677994327,Ethereum,2680052884.0,2.8211694309271618,4617122447.0,4.961400375609726
2021-12-25,96926830147,Ethereum,-751164180.0,-0.7690208886612648,4970325569.0,5.405083187763005
2021-12-26,98202063097,Ethereum,1275232950.0,1.3156655882235802,4263494413.0,4.538598440159314
2021-12-27,98588894484,Ethereum,386831387.0,0.39391370690238237,5143095228.0,5.5038271050688925
2021-12-28,98179439033,Ethereum,-409455451.0,-0.4153159979559895,5546638675.0,5.9877696167705
2021-12-29,94546320338,Ethereum,-3633118695.0,-3.7004883413306544,-730879324.0,-0.7671083182470007
2021-12-30,92281187349,Ethereum,-2265132989.0,-2.395791799090885,-2716754094.0,-2.859803120712978
2021-12-31,92778045589,Ethereum,496858240.0,0.5384176930027129,-4899948738.0,-5.016430539714268
2022-01-01,92450314111,Ethereum,-327731478.0,-0.353242489556016,-4476516036.0,-4.618448812584585
2022-01-02,94086528188,Ethereum,1636214077.0,1.7698307385256573,-4115534909.0,-4.190884365570657
2022-01-03,95237100219,Ethereum,1150572031.0,1.2228871158907806,-3351794265.0,-3.39976858706329
2022-01-04,95394518164,Ethereum,157417945.0,0.1652905691563511,-2784920869.0,-2.8365622134629787
2022-01-05,95397031688,Ethereum,2513524.0,0.0026348725779890003,850711350.0,0.8997826112732143
2022-01-06,91657755138,Ethereum,-3739276550.0,-3.9196990554480338,-623432211.0,-0.6755788789780448
2022-01-07,90131863904,Ethereum,-1525891234.0,-1.6647704623603543,-2646181685.0,-2.852163643026495
2022-01-08,87626996482,Ethereum,-2504867422.0,-2.7791141928097174,-4823317629.0,-5.217199828233044
2022-01-09,85841020293,Ethereum,-1785976189.0,-2.0381574865080188,-8245507895.0,-8.763749767154927
2022-01-10,86787516227,Ethereum,946495934.0,1.1026149628340143,-8449583992.0,-8.872155885227473
2022-01-11,85478330443,Ethereum,-1309185784.0,-1.5084955082430462,-9916187721.0,-10.39492406047099
2022-01-12,87918594452,Ethereum,2440264009.0,2.8548334956392862,-7478437236.0,-7.839276656383342
2022-01-13,89933666977,Ethereum,2015072525.0,2.2919753637555607,-1724088161.0,-1.8810063135456634
2022-01-14,87975534645,Ethereum,-1958132332.0,-2.1773073397538423,-2156329259.0,-2.392416139642606
2022-01-15,88682293906,Ethereum,706759261.0,0.8033588699994043,1055297424.0,1.204306282729628
2022-01-16,89120074252,Ethereum,437780346.0,0.4936502279294208,3279053959.0,3.819914940208835
2022-01-17,89490743101,Ethereum,370668849.0,0.41592071383589335,2703226874.0,3.114764647636048
2022-01-18,87371214073,Ethereum,-2119529028.0,-2.3684338229350566,1892883630.0,2.214460226574322
2022-01-19,87026958395,Ethereum,-344255678.0,-0.3940149872615595,-891636057.0,-1.0141609548669495
2022-01-20,86093141981,Ethereum,-933816414.0,-1.0730197070217828,-3840524996.0,-4.27039742189339
2022-01-21,84120181800,Ethereum,-1972960181.0,-2.291657773897271,-3855352845.0,-4.382301125599486
2022-01-22,75099034763,Ethereum,-9021147037.0,-10.724117380592723,-13583259143.0,-15.316765663952891
2022-01-23,70745972092,Ethereum,-4353062671.0,-5.796429587593954,-18374102160.0,-20.617242876217258
2022-01-24,72546898088,Ethereum,1800925996.0,2.5456233658900373,-16943845013.0,-18.933628692609062
2022-01-25,70321798728,Ethereum,-2225099360.0,-3.0671185379986032,-17049415345.0,-19.513767235459213
2022-01-26,71869921033,Ethereum,1548122305.0,2.201482801923249,-15157037362.0,-17.416485238062542
2022-01-27,72575465458,Ethereum,705544425.0,0.9816963965718628,-13517676523.0,-15.701223363393135
2022-01-28,67713928024,Ethereum,-4861537434.0,-6.698596286390213,-16406253776.0,-19.50335035533649
2022-01-29,68751686217,Ethereum,1037758193.0,1.532562388984715,-6347348546.0,-8.451970875566072
2022-01-30,70229587858,Ethereum,1477901641.0,2.149622390839001,-516384234.0,-0.7299132639360439
2022-01-31,69842429559,Ethereum,-387158299.0,-0.5512751972613139,-2704468529.0,-3.7278899584644587
2022-02-01,70926286361,Ethereum,1083856802.0,1.5518601068772897,604487633.0,0.8596020635622814
2022-02-02,72404141232,Ethereum,1477854871.0,2.083649020446421,534220199.0,0.7433154111226914
2022-02-03,70747386706,Ethereum,-1656754526.0,-2.288204096905677,-1828078752.0,-2.518866038906664
2022-02-04,71146908079,Ethereum,399521373.0,0.5647153790432791,3432980055.0,5.06982854957585
2022-02-05,75719329197,Ethereum,4572421118.0,6.426732013319381,6967642980.0,10.134504858554493
2022-02-06,76852121128,Ethereum,1132791931.0,1.4960406319142194,6622533270.0,9.429833595763593
2022-02-07,77873126257,Ethereum,1021005129.0,1.3285321394050698,8030696698.0,11.498306614915222
2022-02-08,79308666810,Ethereum,1435540553.0,1.8434351129841264,8382380449.0,11.818439790200541
2022-02-09,79459385544,Ethereum,150718734.0,0.19004068541597086,7055244312.0,9.744255220697017
2022-02-10,80615842123,Ethereum,1156456579.0,1.4554058920574153,9868455417.0,13.948862108518089
2022-02-11,78386769871,Ethereum,-2229072252.0,-2.765054849391735,7239861792.0,10.175933132555826
2022-02-12,76335311277,Ethereum,-2051458594.0,-2.617098009493257,615982080.0,0.8135070483751727
2022-02-13,76355199619,Ethereum,19888342.0,0.02605392139927165,-496921509.0,-0.6465943967536858
2022-02-14,75883824489,Ethereum,-471375130.0,-0.617345160974081,-1989301768.0,-2.5545420655577966
2022-02-15,76148688811,Ethereum,264864322.0,0.3490392369962736,-3159977999.0,-3.984404386181861
2022-02-16,79546330662,Ethereum,3397641851.0,4.461852073950867,86945118.0,0.10942082852107848
2022-02-17,79113723648,Ethereum,-432607014.0,-0.5438428276952068,-1502118475.0,-1.8633043275887884
2022-02-18,75501715196,Ethereum,-3612008452.0,-4.565590248375717,-2885054675.0,-3.680537774101289
2022-02-19,74003941891,Ethereum,-1497773305.0,-1.983760635254217,-2331369386.0,-3.054116564141718
2022-02-20,73554015955,Ethereum,-449925936.0,-0.6079756354907317,-2801183664.0,-3.6686220165456307
2022-02-21,71585139088,Ethereum,-1968876867.0,-2.67677684411487,-4298685401.0,-5.664824394325474
2022-02-22,70005802259,Ethereum,-1579336829.0,-2.206235608564666,-6142886552.0,-8.066963000829286
2022-02-23,70752217573,Ethereum,746415314.0,1.0662192131424941,-8794113089.0,-11.055334690882257
2022-02-24,69848772294,Ethereum,-903445279.0,-1.2769144346152173,-9264951354.0,-11.71092817628262
2022-02-25,69393337181,Ethereum,-455435113.0,-0.6520302333776651,-6108378015.0,-8.090383111354294
2022-02-26,70760507918,Ethereum,1367170737.0,1.970175801509555,-3243433973.0,-4.382785416724467
2022-02-27,70807736394,Ethereum,47228476.0,0.0667441167250038,-2746279561.0,-3.7336908465747998
2022-02-28,68611067695,Ethereum,-2196668699.0,-3.1023004135832477,-2974071393.0,-4.154593300913978
2022-03-01,72922308643,Ethereum,4311240948.0,6.2835940218347375,2916506384.0,4.166092366472451
2022-03-02,73694070439,Ethereum,771761796.0,1.0583342880410518,2941852866.0,4.157965597282787
2022-03-03,73563753368,Ethereum,-130317071.0,-0.1768352192024314,3714981074.0,5.318606114311208
2022-03-04,71906292910,Ethereum,-1657460458.0,-2.2530939248145976,2512955729.0,3.6213213416230516
2022-03-05,68815401085,Ethereum,-3090891825.0,-4.2984997556036575,-1945106833.0,-2.7488593429177532
2022-03-06,69610995960,Ethereum,795594875.0,1.156129096766123,-1196740434.0,-1.690126665454894
2022-03-07,68059462345,Ethereum,-1551533615.0,-2.2288628306532887,-551605350.0,-0.8039597233088891
2022-03-08,67608971727,Ethereum,-450490618.0,-0.6619074004969638,-5313336916.0,-7.286298273978254
2022-03-09,68554331107,Ethereum,945359380.0,1.3982750452370407,-5139739332.0,-6.974427252263671
2022-03-10,71050774486,Ethereum,2496443379.0,3.6415545723924136,-2512978882.0,-3.4160558249779815
2022-03-11,69204087879,Ethereum,-1846686607.0,-2.5991083423923533,-2702205031.0,-3.757953472003006
2022-03-12,68256341899,Ethereum,-947745980.0,-1.3694942149329203,-559059186.0,-0.8124041670693138
2022-03-13,68493832213,Ethereum,237490314.0,0.3479388250126503,-1117163747.0,-1.6048667765678148
2022-03-14,67470186737,Ethereum,-1023645476.0,-1.4945075241471373,-589275608.0,-0.8658246593440722
2022-03-15,68417622284,Ethereum,947435547.0,1.404228434542687,808650557.0,1.1960698947844906
2022-03-16,68751629758,Ethereum,334007474.0,0.48818924547471276,197298651.0,0.2877989585983398
2022-03-17,71709998439,Ethereum,2958368681.0,4.302979713227462,659223953.0,0.9278209249216518
2022-03-18,71866218273,Ethereum,156219834.0,0.21784944554543717,2662130394.0,3.8467819974083106
2022-03-19,73732883107,Ethereum,1866664834.0,2.597416253223539,5476541208.0,8.023490646632837
2022-03-20,73886739915,Ethereum,153856808.0,0.20866783111779252,5392907702.0,7.873566900490103
2022-03-21,72683564216,Ethereum,-1203175699.0,-1.6284054491836342,5213377479.0,7.726935008082658
2022-03-22,75128022573,Ethereum,2444458357.0,3.3631514681030206,6710400289.0,9.807999847093907
2022-03-23,76469292363,Ethereum,1341269790.0,1.7853122497623497,7717662605.0,11.225424956710883
2022-03-24,77310624022,Ethereum,841331659.0,1.100221583071792,5600625583.0,7.810104176426891
2022-03-25,78118390394,Ethereum,807766372.0,1.0448323011467808,6252172121.0,8.699737193975787
2022-03-26,77177357564,Ethereum,-941032830.0,-1.2046239371469092,3444474457.0,4.671558078098514
2022-03-27,77963693925,Ethereum,786336361.0,1.0188692458768411,4076954010.0,5.517842598942879
2022-03-28,80083627656,Ethereum,2119933731.0,2.719129410465526,7400063440.0,10.181206053694059
2022-03-29,80297307015,Ethereum,213679359.0,0.2668202793183472,5169284442.0,6.880634236016436
2022-03-30,81113182407,Ethereum,815875392.0,1.0160681875017286,4643890044.0,6.072882199504925
2022-03-31,81508736155,Ethereum,395553748.0,0.48765655133000685,4198112133.0,5.4301878766434
2022-04-01,77496088782,Ethereum,-4012647373.0,-4.922966006207485,-622301612.0,-0.7966134592140794
2022-04-02,80233210379,Ethereum,2737121597.0,3.531948050565048,3055852815.0,3.959519879215745
2022-04-03,79841035500,Ethereum,-392174879.0,-0.4887937016946897,1877341575.0,2.4079689923440117
2022-04-04,80738539273,Ethereum,897503773.0,1.1241133927928582,654911617.0,0.8177846535788458
2022-04-05,80746500670,Ethereum,7961397.0,0.009860714686804606,449193655.0,0.5594131007607528
2022-04-06,78796058705,Ethereum,-1950441965.0,-2.4155126832940965,-2317123702.0,-2.8566549027424615
2022-04-07,75975188335,Ethereum,-2820870370.0,-3.57996379052522,-5533547820.0,-6.788901510480061
2022-04-08,77347901278,Ethereum,1372712943.0,1.8067911025731798,-148187504.0,-0.19121933290963122
2022-04-09,76400662764,Ethereum,-947238514.0,-1.224646691570186,-3832547615.0,-4.776759644660955
2022-04-10,77331839258,Ethereum,931176494.0,1.2188068274700425,-2509196242.0,-3.1427401038655156
2022-04-11,76614702623,Ethereum,-717136635.0,-0.9273497719450852,-4123836650.0,-5.107643372214266
2022-04-12,72707082258,Ethereum,-3907620365.0,-5.100353106150301,-8039418412.0,-9.95636757666566
2022-04-13,73539755963,Ethereum,832673705.0,1.1452442858939982,-5256302742.0,-6.670768599834121
2022-04-14,74818600098,Ethereum,1278844135.0,1.7389833815105726,-1156588237.0,-1.5223236195219592
2022-04-15,73356952532,Ethereum,-1461647566.0,-1.9535884981615292,-3990948746.0,-5.159737601225833
2022-04-16,73698013695,Ethereum,341061163.0,0.4649336582666974,-2702649069.0,-3.5374680941557046
2022-04-17,74028556475,Ethereum,330542780.0,0.4485097540999572,-3303282783.0,-4.2715688837806525
2022-04-18,72614022786,Ethereum,-1414533689.0,-1.910794639738378,-4000679837.0,-5.22181735363022
2022-04-19,73675614238,Ethereum,1061591452.0,1.4619647986293227,968531980.0,1.3321012890644912
2022-04-20,74258591271,Ethereum,582977033.0,0.7912754295020363,718835308.0,0.9774785061316571
2022-04-21,74060872006,Ethereum,-197719265.0,-0.2662577644092945,-757728092.0,-1.0127536348013777
2022-04-22,72195525836,Ethereum,-1865346170.0,-2.5186662261401427,-1161426696.0,-1.5832537420271908
2022-04-23,71770296068,Ethereum,-425229768.0,-0.5889973971045737,-1927717627.0,-2.6156982126789408
2022-04-24,71442836851,Ethereum,-327459217.0,-0.45626008939650964,-2585719624.0,-3.4928678163179017
2022-04-25,71184823340,Ethereum,-258013511.0,-0.36114678863902183,-1429199446.0,-1.968214115077993
2022-04-26,73316585255,Ethereum,2131761915.0,2.9946859667236536,-359028983.0,-0.48731047133208083
2022-04-27,70101545551,Ethereum,-3215039704.0,-4.385146543333784,-4157045720.0,-5.59806703688902
2022-04-28,71440803969,Ethereum,1339258418.0,1.9104549086234712,-2620068037.0,-3.5377223708461525
2022-04-29,71636516323,Ethereum,195712354.0,0.2739503800726073,-559009513.0,-0.7742993856293179
2022-04-30,69803627986,Ethereum,-1832888337.0,-2.5585950170102345,-1966668082.0,-2.7402256779554657
2022-05-01,67898776742,Ethereum,-1904851244.0,-2.728871405340194,-3544060109.0,-4.960693423178919
2022-05-02,68946479188,Ethereum,1047702446.0,1.543035819306482,-2238344152.0,-3.144412034724031
2022-05-03,68902502997,Ethereum,-43976191.0,-0.06378308438359515,-4414082258.0,-6.0205780760895
2022-05-04,68200852243,Ethereum,-701650754.0,-1.018324042641161,-1900693308.0,-2.711342942670525
2022-05-05,70514498216,Ethereum,2313645973.0,3.3924003834387095,-926305753.0,-1.2966060032050475
2022-05-06,67235829368,Ethereum,-3278668848.0,-4.649637919788896,-4400686955.0,-6.143077833597966
2022-05-07,66753981572,Ethereum,-481847796.0,-0.7166533090009475,-3049646414.0,-4.368893855505107
2022-05-08,64752309692,Ethereum,-2001671880.0,-2.998580508401616,-3146467050.0,-4.6340555765177704
2022-05-09,62567656942,Ethereum,-2184652750.0,-3.37386073236845,-6378822246.0,-9.25184624526878
2022-05-10,57448531034,Ethereum,-5119125908.0,-8.181744623656616,-11453971963.0,-16.623448299837097
2022-05-11,57813732385,Ethereum,365201351.0,0.6357018089528932,-10387119858.0,-15.230190703468981
2022-05-12,49520391397,Ethereum,-8293340988.0,-14.344932675807897,-20994106819.0,-29.772752200109053
2022-05-13,45109975238,Ethereum,-4410416159.0,-8.906262722445257,-22125854130.0,-32.907832532114945
2022-05-14,45551768072,Ethereum,441792834.0,0.9793683806499587,-21202213500.0,-31.761721174835934
2022-05-15,45686151883,Ethereum,134383811.0,0.2950133807925859,-19066157809.0,-29.444753244617594
2022-05-16,46981386116,Ethereum,1295234233.0,2.8350696646918916,-15586270826.0,-24.911066815956396
2022-05-17,45387762802,Ethereum,-1593623314.0,-3.3920312824854637,-12060768232.0,-20.99404112676445
2022-05-18,46669405957,Ethereum,1281643155.0,2.823763666411705,-11144326428.0,-19.276261829605446
2022-05-19,44591814314,Ethereum,-2077591643.0,-4.451720780235002,-4928577083.0,-9.952621423138785
2022-05-20,46233515960,Ethereum,1641701646.0,3.6816211030116675,1123540722.0,2.4906702255370394
2022-05-21,44927939624,Ethereum,-1305576336.0,-2.823874215254474,-623828448.0,-1.3694933795192377
2022-05-22,45097375300,Ethereum,169435676.0,0.3771276346478336,-588776583.0,-1.2887419025962799
2022-05-23,46458989038,Ethereum,1361613738.0,3.0192749111055184,-522397078.0,-1.1119235109627645
2022-05-24,45912211414,Ethereum,-546777624.0,-1.1769038356662875,524448612.0,1.155484605592605
2022-05-25,46228805753,Ethereum,316594339.0,0.6895645608206546,-440600204.0,-0.9440878771972305
2022-05-26,45900179878,Ethereum,-328625875.0,-0.7108681906165648,1308365564.0,2.934093586744302
2022-05-27,43934047047,Ethereum,-1966132831.0,-4.283497006386172,-2299468913.0,-4.97359732491347
2022-05-28,43068740187,Ethereum,-865306860.0,-1.9695587321475472,-1859199437.0,-4.138180946109616
2022-05-29,43934610280,Ethereum,865870093.0,2.0104374756273025,-1162765020.0,-2.578343001704575
2022-05-30,44022884794,Ethereum,88274514.0,0.20092249239818116,-2436104244.0,-5.2435584468001455
2022-05-31,46705045080,Ethereum,2682160286.0,6.092649990001475,792833666.0,1.726847044789137
2022-06-01,46217158798,Ethereum,-487886282.0,-1.04461152144123,-11646955.0,-0.0251941507254827
2022-06-02,44405472251,Ethereum,-1811686547.0,-3.919943575325102,-1494707627.0,-3.256430870146576
2022-06-03,44702506958,Ethereum,297034707.0,0.6689146448460859,768459911.0,1.7491216098938223
2022-06-04,43837237653,Ethereum,-865269305.0,-1.935616957261388,768497466.0,1.784350929846723
2022-06-05,43593615617,Ethereum,-243622036.0,-0.555742216077626,-340994663.0,-0.7761413173504983
2022-06-06,43942610772,Ethereum,348995155.0,0.8005648305618118,-80274022.0,-0.18234611924146105
2022-06-07,44033618141,Ethereum,91007369.0,0.20710505680283653,-2671426939.0,-5.71978237987818
2022-06-08,44042410830,Ethereum,8792689.0,0.019968127469893737,-2174747968.0,-4.705499049617279
2022-06-09,43856514369,Ethereum,-185896461.0,-0.4220851163610151,-548957882.0,-1.236239261001526
2022-06-10,43572222192,Ethereum,-284292177.0,-0.6482324942835627,-1130284766.0,-2.5284594599178756
2022-06-11,41498540051,Ethereum,-2073682141.0,-4.759183802612521,-2338697602.0,-5.334956596746121
2022-06-12,39666587921,Ethereum,-1831952130.0,-4.414497781725835,-3927027696.0,-9.00826334411362
2022-06-13,38005026015,Ethereum,-1661561906.0,-4.188819843312885,-5937584757.0,-13.512134697247891
2022-06-14,33069779204,Ethereum,-4935246811.0,-12.98577406328345,-10963838937.0,-24.898791877362214
2022-06-15,32133811339,Ethereum,-935967865.0,-2.830281566823367,-11908599491.0,-27.038936485484843
2022-06-16,31923959838,Ethereum,-209851501.0,-0.6530551224880998,-11932554531.0,-27.20816896345628
2022-06-17,29554618646,Ethereum,-2369341192.0,-7.42182737988445,-14017603546.0,-32.17096315223894
2022-06-18,29996416161,Ethereum,441797515.0,1.4948510088787614,-11502123890.0,-27.716936248514678
2022-06-19,28146950838,Ethereum,-1849465323.0,-6.165620963095564,-11519637083.0,-29.041159541986616
2022-06-20,29472442313,Ethereum,1325491475.0,4.709183181613086,-8532583702.0,-22.451198161612417
2022-06-21,29892667818,Ethereum,420225505.0,1.4258251845475467,-3177111386.0,-9.607295429464823
2022-06-22,29893733752,Ethereum,1065934.0,0.0035658710908270663,-2240077587.0,-6.971092110325783
2022-06-23,29587116240,Ethereum,-306617512.0,-1.0256915865502592,-2336843598.0,-7.320030503291097
2022-06-24,30644577685,Ethereum,1057461445.0,3.5740605350729426,1089959039.0,3.687948242727601
2022-06-25,31427801414,Ethereum,783223729.0,2.5558313677899847,1431385253.0,4.771854228576222
2022-06-26,31593550490,Ethereum,165749076.0,0.5273963450913355,3446599652.0,12.245019618064257
2022-06-27,31091333559,Ethereum,-502216931.0,-1.5896185240685812,1618891246.0,5.492898175207972
2022-06-28,30708678702,Ethereum,-382654857.0,-1.230744433248132,816010884.0,2.729802803042669
2022-06-29,29919704508,Ethereum,-788974194.0,-2.569222211272204,25970756.0,0.08687692282085546
2022-06-30,29479574774,Ethereum,-440129734.0,-1.4710363662927106,-107541466.0,-0.3634739699795775
2022-07-01,29159253903,Ethereum,-320320871.0,-1.0865857918768596,-1485323782.0,-4.846938330388673
2022-07-02,29216964448,Ethereum,57710545.0,0.1979150261936624,-2210836966.0,-7.0346536077294575
2022-07-03,29376376266,Ethereum,159411818.0,0.5456138959395229,-2217174224.0,-7.017806449774556
2022-07-04,29527379174,Ethereum,151002908.0,0.5140283697100179,-1563954385.0,-5.030193967177976
2022-07-05,30579808794,Ethereum,1052429620.0,3.5642500263846744,-128869908.0,-0.4196530539479326
2022-07-06,30513159724,Ethereum,-66649070.0,-0.217951231968061,593455216.0,1.9834929046218308
2022-07-07,31005468229,Ethereum,492308505.0,1.6134301050860334,1525893455.0,5.176104020149519
2022-07-08,31252752054,Ethereum,247283825.0,0.7975490748071135,2093498151.0,7.179532638126296
2022-07-09,30635643190,Ethereum,-617108864.0,-1.9745744724615877,1418678742.0,4.855667824509791
2022-07-10,30661583131,Ethereum,25939941.0,0.08467242172498501,1285206865.0,4.374967332126278
2022-07-11,29970911456,Ethereum,-690671675.0,-2.2525636463360033,443532282.0,1.5021051458252943
2022-07-12,29076404955,Ethereum,-894506501.0,-2.9845822417286727,-1503403839.0,-4.916328447727181
2022-07-13,28161421377,Ethereum,-914983578.0,-3.1468249923471303,-2351738347.0,-7.707292093877283
2022-07-14,28772237891,Ethereum,610816514.0,2.168983254868184,-2233230338.0,-7.20269831600614
2022-07-15,29653283954,Ethereum,881046063.0,3.062139505233241,-1599468100.0,-5.11784721305939
2022-07-16,30050607242,Ethereum,397323288.0,1.3398964128774171,-585035948.0,-1.9096577942615767
2022-07-17,30873145289,Ethereum,822538047.0,2.737176125513985,211562158.0,0.6899909802312365
2022-07-18,30818518149,Ethereum,-54627140.0,-0.17694063720635755,847606693.0,2.8280978182607663
2022-07-19,33140580821,Ethereum,2322062672.0,7.534634406409135,4064175866.0,13.977573473370963
2022-07-20,33048161444,Ethereum,-92419377.0,-0.2788707219682718,4886740067.0,17.352604478235257
2022-07-21,32709945527,Ethereum,-338215917.0,-1.0234031250818787,3937707636.0,13.685788540041655
2022-07-22,33158682640,Ethereum,448737113.0,1.37186750320204,3505398686.0,11.821283239447578
2022-07-23,33282706154,Ethereum,124023514.0,0.3740302814394303,3232098912.0,10.75551946744917
2022-07-24,33365789270,Ethereum,83083116.0,0.2496284875862287,2492643981.0,8.073825836877457
2022-07-25,34059488106,Ethereum,693698836.0,2.0790721609685425,3240969957.0,10.516306920828256
2022-07-26,32131268145,Ethereum,-1928219961.0,-5.661329832670969,-1009312676.0,-3.045549145476756
2022-07-27,32066145698,Ethereum,-65122447.0,-0.20267624267463757,-982015746.0,-2.9714686175932092
2022-07-28,34049075688,Ethereum,1982929990.0,6.183873823425179,1339130161.0,4.093954115254128
2022-07-29,35132209936,Ethereum,1083134248.0,3.18109736054224,1973527296.0,5.951766291279892
2022-07-30,34986332535,Ethereum,-145877401.0,-0.41522409568240937,1703626381.0,5.118653432558262
2022-07-31,34945643910,Ethereum,-40688625.0,-0.1162986287839507,1579854640.0,4.7349535993757685
2022-08-01,34804014552,Ethereum,-141629358.0,-0.40528472837632057,744526446.0,2.1859590011537477
2022-08-02,34483008399,Ethereum,-321006153.0,-0.9223250740812983,2351740254.0,7.319164134410161
2022-08-03,34058929445,Ethereum,-424078954.0,-1.229820058311093,1992783747.0,6.214603294602661
2022-08-04,34500093966,Ethereum,441164521.0,1.295297674321838,451018278.0,1.3246123980950042
2022-08-05,34958392582,Ethereum,458298616.0,1.328398167412681,-173817354.0,-0.4947521215336037
2022-08-06,35482517391,Ethereum,524124809.0,1.4992817755295595,496184856.0,1.4182248325217417
2022-08-07,35051670003,Ethereum,-430847388.0,-1.2142525944601745,106026093.0,0.30340288842025664
2022-08-08,35872148153,Ethereum,820478150.0,2.34076764368083,1068133601.0,3.0689953867365505
2022-08-09,35864765520,Ethereum,-7382633.0,-0.02058040396274441,1381757121.0,4.0070666254284015
2022-08-10,34853762549,Ethereum,-1011002971.0,-2.8189309377645744,794833104.0,2.333699611091822
2022-08-11,36726478606,Ethereum,1872716057.0,5.373067124007624,2226384640.0,6.4532712351279775
2022-08-12,36697121875,Ethereum,-29356731.0,-0.07993342164637207,1738729293.0,4.973710644508489
2022-08-13,36990150191,Ethereum,293028316.0,0.7985048990984289,1507632800.0,4.2489454268044735
2022-08-14,37096843543,Ethereum,106693352.0,0.288437195980773,2045173540.0,5.8347392287584565
2022-08-15,36454483560,Ethereum,-642359983.0,-1.7315758475661802,582335407.0,1.6233636316293376
2022-08-16,36027614653,Ethereum,-426868907.0,-1.1709640771550678,162849133.0,0.45406440175717044
2022-08-17,36033227935,Ethereum,5613282.0,0.015580498609368831,1179465386.0,3.38404034382751
2022-08-18,35402475171,Ethereum,-630752764.0,-1.750475325546208,-1324003435.0,-3.6050377963099844
2022-08-19,35153722061,Ethereum,-248753110.0,-0.7026432722528009,-1543399814.0,-4.205778914371605
2022-08-20,32987995184,Ethereum,-2165726877.0,-6.160732776011468,-4002155007.0,-10.819515428660676
2022-08-21,32660305191,Ethereum,-327689993.0,-0.9933613460660906,-4436538352.0,-11.959341896184462
2022-08-22,32731711529,Ethereum,71406338.0,0.21863340707446444,-3722772031.0,-10.212110191803248
2022-08-23,32733542352,Ethereum,1830823.0,0.005593422752658839,-3294072301.0,-9.14318733762104
2022-08-24,32903991461,Ethereum,170449109.0,0.5207169672230227,-3129236474.0,-8.684307938341796
2022-08-25,33117073407,Ethereum,213081946.0,0.647586923466581,-2285401764.0,-6.45548581832519
2022-08-26,33312016135,Ethereum,194942728.0,0.588647208055515,-1841705926.0,-5.239006904600895
2022-08-27,31609848821,Ethereum,-1702167314.0,-5.109769721237556,-1378146363.0,-4.177720880923486
2022-08-28,31385284578,Ethereum,-224564243.0,-0.7104249193713663,-1275020613.0,-3.9038845642855424
2022-08-29,30830520261,Ethereum,-554764317.0,-1.7675937129748687,-1901191268.0,-5.808407746461908
2022-08-30,31987373145,Ethereum,1156852884.0,3.7522976395029994,-746169207.0,-2.2795247730174495
2022-08-31,31890863507,Ethereum,-96509638.0,-0.30171167092252205,-1013127954.0,-3.079042721004921
2022-09-01,31751818445,Ethereum,-139045062.0,-0.43600281306110933,-1365254962.0,-4.122510903126553
2022-09-02,32099290666,Ethereum,347472221.0,1.0943380191023921,-1212725469.0,-3.640504567737113
2022-09-03,32112330661,Ethereum,13039995.0,0.0406239350759563,502481840.0,1.589636960446894
2022-09-04,31804019554,Ethereum,-308311107.0,-0.9601019317306614,418734976.0,1.334176132637399
2022-09-05,31858122931,Ethereum,54103377.0,0.1701149029547544,1027602670.0,3.3330695080741046
2022-09-06,32323902293,Ethereum,465779362.0,1.46204270417567,336529148.0,1.0520687224752745
2022-09-07,30937653983,Ethereum,-1386248310.0,-4.288616818088209,-953209524.0,-2.988973703364195
2022-09-08,31545553740,Ethereum,607899757.0,1.9649187276256752,-206264705.0,-0.6496154081924055
2022-09-09,31528634456,Ethereum,-16919284.0,-0.05363444921414606,-570656210.0,-1.7777844873202997
2022-09-10,32459661560,Ethereum,931027104.0,2.9529572722196473,347330899.0,1.0816122400664874
2022-09-11,32996862362,Ethereum,537200802.0,1.654979676873758,1192842808.0,3.7506039322315
2022-09-12,32631592078,Ethereum,-365270284.0,-1.1069849005421073,773469147.0,2.4278553657264057
2022-09-13,32120858393,Ethereum,-510733685.0,-1.5651509855209689,-203043900.0,-0.6281540457569457
2022-09-14,30287782351,Ethereum,-1833076042.0,-5.706809013545778,-649871632.0,-2.1005847190517346
2022-09-15,29418973754,Ethereum,-868808597.0,-2.868511754777958,-2126579986.0,-6.741298642361382
2022-09-16,28600163080,Ethereum,-818810674.0,-2.7832740898674935,-2928471376.0,-9.28829118840161
2022-09-17,28646172998,Ethereum,46009918.0,0.16087292184769897,-3813488562.0,-11.74839286278745
2022-09-18,29038733447,Ethereum,392560449.0,1.3703765910629828,-3958128915.0,-11.995470574069733
2022-09-19,28062959172,Ethereum,-975774275.0,-3.360250807015852,-4568632906.0,-14.000643594341023
2022-09-20,28247327157,Ethereum,184367985.0,0.6569798426103057,-3873531236.0,-12.059239477996474
2022-09-21,28334752791,Ethereum,87425634.0,0.3095005538544804,-1953029560.0,-6.448242190090614
2022-09-22,27596562862,Ethereum,-738189929.0,-2.6052457010829144,-1822410892.0,-6.194678669755471
2022-09-23,28638047388,Ethereum,1041484526.0,3.77396464627886,37884308.0,0.13246186007411787
2022-09-24,28853494281,Ethereum,215446893.0,0.7523099954443113,207321283.0,0.7237311700047044
2022-09-25,28805655648,Ethereum,-47838633.0,-0.16579840394409517,-233077799.0,-0.8026445072936816
2022-09-26,28631894489,Ethereum,-173761159.0,-0.6032188995221288,568935317.0,2.02735325776926
2022-09-27,29169812594,Ethereum,537918105.0,1.8787373822108044,922485437.0,3.265744160050188
2022-09-28,29296431485,Ethereum,126618891.0,0.43407509250177334,961678694.0,3.3939900626394737
2022-09-29,29360609682,Ethereum,64178197.0,0.2190648954390806,1764046820.0,6.392270040371817
2022-09-30,29284937867,Ethereum,-75671815.0,-0.2577324375058643,646890479.0,2.258849809959673
2022-10-01,29212179678,Ethereum,-72758189.0,-0.24844918343497335,358685397.0,1.2431263732108677
2022-10-02,29615689116,Ethereum,403509438.0,1.381305477536432,810033468.0,2.812063984581581
2022-10-03,29193508609,Ethereum,-422180507.0,-1.4255299120219167,561614120.0,1.9614982872186992
2022-10-04,29545060757,Ethereum,351552148.0,1.20421341849819,375248163.0,1.2864263758663563
2022-10-05,29954031217,Ethereum,408970460.0,1.384226160046409,657599732.0,2.244641066051667
2022-10-06,30053920918,Ethereum,99889701.0,0.3334766538645617,693311236.0,2.361365256066339
2022-10-07,30029840355,Ethereum,-24080563.0,-0.08012453039223377,744902488.0,2.543636907761382
2022-10-08,29752038876,Ethereum,-277801479.0,-0.9250847680705276,539859198.0,1.8480620205365117
2022-10-09,29612894838,Ethereum,-139144038.0,-0.4676790003532938,-2794278.0,-0.009435127405121868
2022-10-10,29655265007,Ethereum,42370169.0,0.1430801319215469,461756398.0,1.5817091538550043
2022-10-11,29236305892,Ethereum,-418959115.0,-1.4127646976046515,-308754865.0,-1.0450303945536699
2022-10-12,29205455245,Ethereum,-30850647.0,-0.10552170001901784,-748575972.0,-2.499082566139399
2022-10-13,29220228451,Ethereum,14773206.0,0.05058372100714692,-833692467.0,-2.773989022180068
2022-10-14,28787507906,Ethereum,-432720545.0,-1.4808937778348907,-1242332449.0,-4.1369931851574115
2022-10-15,28776796113,Ethereum,-10711793.0,-0.03720986559510031,-975242763.0,-3.2779022878552944
2022-10-16,28690561135,Ethereum,-86234978.0,-0.29966844697155715,-922333703.0,-3.1146353912567815
2022-10-17,29050572116,Ethereum,360010981.0,1.254806343124537,-604692891.0,-2.039074312292488
2022-10-18,29339279330,Ethereum,288707214.0,0.9938090473646577,102973438.0,0.3522108380600075
2022-10-19,29074981603,Ethereum,-264297727.0,-0.900832375694216,-130473642.0,-0.44674407882183687
2022-10-20,28607564561,Ethereum,-467417042.0,-1.6076262691487653,-612663890.0,-2.096711499115722
2022-10-21,28394768593,Ethereum,-212795968.0,-0.74384510273936,-392739313.0,-1.3642699266724123
2022-10-22,28411925585,Ethereum,17156992.0,0.060423073862381216,-364870528.0,-1.267933117249176
2022-10-23,28496507157,Ethereum,84581572.0,0.29769742901428753,-194053978.0,-0.6763687091615345
2022-10-24,29133599230,Ethereum,637092073.0,2.2356847788045586,83027114.0,0.2858019927059363
2022-10-25,28779734664,Ethereum,-353864566.0,-1.2146270126336178,-559544666.0,-1.9071520459190472
2022-10-26,29929968264,Ethereum,1150233600.0,3.9966789597918106,854986661.0,2.940626662036405
2022-10-27,30832392439,Ethereum,902424175.0,3.0151190507122783,2224827878.0,7.777061459587009
2022-10-28,30344813364,Ethereum,-487579075.0,-1.581385797306012,1950044771.0,6.86761987375637
2022-10-29,30611656582,Ethereum,266843218.0,0.8793701078305904,2199730997.0,7.742280580100291
2022-10-30,31282930324,Ethereum,671273742.0,2.1928697004745423,2786423167.0,9.778121759443525
2022-10-31,30952971413,Ethereum,-329958911.0,-1.0547570434821352,1819372183.0,6.244927613085727
2022-11-01,30600274195,Ethereum,-352697218.0,-1.1394615828445809,1820539531.0,6.325768990765845
2022-11-02,30437182975,Ethereum,-163091220.0,-0.5329730673676369,507214711.0,1.694671730106978
2022-11-03,29949549446,Ethereum,-487633529.0,-1.6020980962677234,-882842993.0,-2.8633619487902218
2022-11-04,30114242023,Ethereum,164692577.0,0.5499000153472933,-230571341.0,-0.7598377298755787
2022-11-05,31228605714,Ethereum,1114363691.0,3.7004540580795497,616949132.0,2.0154058972514877
2022-11-06,31157254153,Ethereum,-71351561.0,-0.2284814174973282,-125676171.0,-0.40174040506550934
2022-11-07,30684719827,Ethereum,-472534326.0,-1.5166109429270769,-268251586.0,-0.8666424377187121
2022-11-08,30381858109,Ethereum,-302861718.0,-0.9870115148762348,-218416086.0,-0.7137716629862401
2022-11-09,26945793811,Ethereum,-3436064298.0,-11.309592341826313,-3491389164.0,-11.470802560367366
2022-11-10,23929889327,Ethereum,-3015904484.0,-11.192487054394462,-6019660119.0,-20.09933448198825
2022-11-11,25102545188,Ethereum,1172655861.0,4.900381464267345,-5011696835.0,-16.64228118765957
2022-11-12,24764352764,Ethereum,-338192424.0,-1.3472435622251977,-6464252950.0,-20.69978086502283
2022-11-13,24353344679,Ethereum,-411008085.0,-1.6596762649798924,-6803909474.0,-21.837320582195396
2022-11-14,23970661779,Ethereum,-382682900.0,-1.5713771764992446,-6714058048.0,-21.88078654735569
2022-11-15,24195666477,Ethereum,225004698.0,0.938667025860429,-6186191632.0,-20.361465746453035
2022-11-16,24293195463,Ethereum,97528986.0,0.4030845196709487,-2652598348.0,-9.844201906262406
2022-11-17,24031029262,Ethereum,-262166201.0,-1.0791754481179527,101139935.0,0.42265107714427597
2022-11-18,23897778585,Ethereum,-133250677.0,-0.5544942563517563,-1204766603.0,-4.7993802778848345
2022-11-19,23902755283,Ethereum,4976698.0,0.020824939783836705,-861597481.0,-3.4791843308439097
2022-11-20,23962150023,Ethereum,59394740.0,0.24848491019879848,-391194656.0,-1.6063282524692801
2022-11-21,23119977749,Ethereum,-842172274.0,-3.5145939458339215,-850684030.0,-3.5488550038499933
2022-11-22,22780450564,Ethereum,-339527185.0,-1.468544601063404,-1415215913.0,-5.849047036357858
2022-11-23,22683699219,Ethereum,-96751345.0,-0.42471216593449324,-1609496244.0,-6.625296562781791
2022-11-24,23002604664,Ethereum,318905445.0,1.4058793582172102,-1028424598.0,-4.279569496535196
2022-11-25,22741878265,Ethereum,-260726399.0,-1.1334646784937674,-1155900320.0,-4.8368525797855
2022-11-26,22820501671,Ethereum,78623406.0,0.3457208111126153,-1082253612.0,-4.527735816170598
2022-11-27,22886863174,Ethereum,66361503.0,0.29079773949198806,-1075286849.0,-4.487438931681376
2022-11-28,22659516896,Ethereum,-227346278.0,-0.9933483512859498,-460460853.0,-1.9916146027429305
2022-11-29,22429250079,Ethereum,-230266817.0,-1.0162035583408557,-351200485.0,-1.5416748848462336
2022-11-30,23233119426,Ethereum,803869347.0,3.584022400074116,549420207.0,2.422092630023065
2022-12-01,23520757125,Ethereum,287637699.0,1.2380502752381561,518152461.0,2.252581690502775
2022-12-02,23523542428,Ethereum,2785303.0,0.011841893461150832,781664163.0,3.437113478014653
2022-12-03,23523113392,Ethereum,-429036.0,-0.0018238579555518442,702611721.0,3.0788618547017643
2022-12-04,23219436270,Ethereum,-303677122.0,-1.2909733373273502,332573096.0,1.4531178583608195
2022-12-05,23621742358,Ethereum,402306088.0,1.7326264226310562,962225462.0,4.246451795138917
2022-12-06,23298482323,Ethereum,-323260035.0,-1.3684851443251822,869232244.0,3.8754405115570156
2022-12-07,23297027520,Ethereum,-1454803.0,-0.006244196423743631,63908094.0,0.2750732384583676
2022-12-08,23051361797,Ethereum,-245665723.0,-1.0544938524414849,-469395328.0,-1.995664193569191
2022-12-09,23468399917,Ethereum,417038120.0,1.809169122729548,-55142511.0,-0.2344141456108395
2022-12-10,23442111789,Ethereum,-26288128.0,-0.11201499928829017,-81001603.0,-0.3443489883764639
2022-12-11,23504776083,Ethereum,62664294.0,0.26731505490646956,285339813.0,1.2288834650506342
2022-12-12,23418396122,Ethereum,-86379961.0,-0.3674996123978147,-203346236.0,-0.8608435098401257
2022-12-13,23482477983,Ethereum,64081861.0,0.27363898307193324,183995660.0,0.7897323844925364
2022-12-14,23918233353,Ethereum,435755370.0,1.855661784567464,621205833.0,2.666459626519768
2022-12-15,23812502181,Ethereum,-105731172.0,-0.44205259828162813,761140384.0,3.3019324007966366
2022-12-16,23231161134,Ethereum,-581341047.0,-2.441327007893579,-237238783.0,-1.0108860588665447
2022-12-17,22244137353,Ethereum,-987023781.0,-4.248706189530238,-1197974436.0,-5.1103520313478645
2022-12-18,22320265456,Ethereum,76128103.0,0.3422389539854853,-1184510627.0,-5.039446548298354
2022-12-19,22380471322,Ethereum,60205866.0,0.26973633498528216,-1037924800.0,-4.4320917393012245
2022-12-20,22157662332,Ethereum,-222808990.0,-0.995550928281741,-1324815651.0,-5.641719975034542
2022-12-21,22545107517,Ethereum,387445185.0,1.748583308088647,-1373125836.0,-5.740916629311887
2022-12-22,22631673808,Ethereum,86566291.0,0.38396929770561083,-1180828373.0,-4.958858855001735
2022-12-23,22666719030,Ethereum,35045222.0,0.15485033187254693,-564442104.0,-2.4296766775635192
2022-12-24,22721528137,Ethereum,54809107.0,0.2418043252199853,477390784.0,2.1461420437399736
2022-12-25,22713465609,Ethereum,-8062528.0,-0.03548409222912108,393200153.0,1.7616284796214243
2022-12-26,22556877817,Ethereum,-156587792.0,-0.6894051075057139,176406495.0,0.7882161749944494
2022-12-27,22652197341,Ethereum,95319524.0,0.42257410255670536,494535009.0,2.231891621011828
2022-12-28,22479548883,Ethereum,-172648458.0,-0.7621709073119765,-65558634.0,-0.2907887396436992
2022-12-29,22314735415,Ethereum,-164813468.0,-0.7331707093314432,-316938393.0,-1.4004195875603642
2022-12-30,22363523678,Ethereum,48788263.0,0.218636977282749,-303195352.0,-1.3376234628342698
2022-12-31,22284913378,Ethereum,-78610300.0,-0.35151124273556933,-436614759.0,-1.9215906446407138
2023-01-01,22110569318,Ethereum,-174344060.0,-0.7823412056522261,-602896291.0,-2.65435623686201
2023-01-02,22047664240,Ethereum,-62905078.0,-0.284502298856637,-509213577.0,-2.2574648013397924
2023-01-03,22349313926,Ethereum,301649686.0,1.3681707173893276,-302883415.0,-1.337103904051673
2023-01-04,22403496441,Ethereum,54182515.0,0.2424348021572431,-76052442.0,-0.33831836393084513
2023-01-05,22795738055,Ethereum,392241614.0,1.750805348767659,481002640.0,2.1555381726671374
2023-01-06,22747755249,Ethereum,-47982806.0,-0.210490249906492,384231571.0,1.7181173080429435
2023-01-07,22840511391,Ethereum,92756142.0,0.4077595392806055,555598013.0,2.4931576065648775
2023-01-08,22975704836,Ethereum,135193445.0,0.591902005544731,865135518.0,3.912769072371658
2023-01-09,23321878278,Ethereum,346173442.0,1.5066934593344516,1274214038.0,5.779360680249557
2023-01-10,23613394274,Ethereum,291515996.0,1.2499679164992061,1264080348.0,5.656014104886853
2023-01-11,23695302099,Ethereum,81907825.0,0.3468701875282143,1291805658.0,5.76608950929598
2023-01-12,24310194055,Ethereum,614891956.0,2.5949952164819656,1514456000.0,6.643592746793381
2023-01-13,24443127126,Ethereum,132933071.0,0.5468202791769183,1695371877.0,7.452919457072715
2023-01-14,25705194944,Ethereum,1262067818.0,5.163282960867743,2864683553.0,12.542116522525815
2023-01-15,25629472563,Ethereum,-75722381.0,-0.2945800689898137,2653767727.0,11.55032128912923
2023-01-16,25919512335,Ethereum,290039772.0,1.1316650051500288,2597634057.0,11.13818546703591
2023-01-17,25995731240,Ethereum,76218905.0,0.29405994995159723,2382336966.0,10.088922153064296
2023-01-18,26091330881,Ethereum,95599641.0,0.3677513054639592,2396028782.0,10.111830488547003
2023-01-19,25519359468,Ethereum,-571971413.0,-2.1921894885650106,1209165413.0,4.973902759740856
2023-01-20,25990285568,Ethereum,470926100.0,1.8453680257551897,1547158442.0,6.329625640879222
2023-01-21,27240855365,Ethereum,1250569797.0,4.81168163284722,1535660421.0,5.974124780401424
2023-01-22,27058328473,Ethereum,-182526892.0,-0.6700483136609425,1428855910.0,5.575049999518011
2023-01-23,27057896232,Ethereum,-432241.0,-0.001597441617395834,1138383897.0,4.391995814916627
2023-01-24,27133262216,Ethereum,75365984.0,0.2785360079504917,1137530976.0,4.375837576939046
2023-01-25,26603242544,Ethereum,-530019672.0,-1.9533945744550252,511911663.0,1.9619990460999492
2023-01-26,27323386447,Ethereum,720143903.0,2.706977924998921,1804026979.0,7.069248666927397
2023-01-27,27187071283,Ethereum,-136315164.0,-0.49889556795755796,1196785715.0,4.60474245990401
2023-01-28,27340386789,Ethereum,153315506.0,0.563927995053537,99531424.0,0.3653755459084529
2023-01-29,27224196428,Ethereum,-116190361.0,-0.42497701988162273,165867955.0,0.6130014836855491
2023-01-30,27812718359,Ethereum,588521931.0,2.161760522689682,754822127.0,2.7896556351905577
2023-01-31,27005886965,Ethereum,-806831394.0,-2.900944034256603,-127375251.0,-0.4694431874280425
2023-02-01,27163590362,Ethereum,157703397.0,0.5839593315501324,560347818.0,2.106313984369468
2023-02-02,28250986888,Ethereum,1087396526.0,4.003139907164832,927600441.0,3.394895588068092
2023-02-03,27889957973,Ethereum,-361028915.0,-1.2779338167239418,702886690.0,2.5853711224846476
2023-02-04,28117677587,Ethereum,227719614.0,0.8164932131502489,777290798.0,2.8430131731447705
2023-02-05,28079432655,Ethereum,-38244932.0,-0.13601739290759474,855236227.0,3.1414562749789487
2023-02-06,27774254173,Ethereum,-305178482.0,-1.0868399149997043,-38464186.0,-0.1382971110680864
2023-02-07,27704711045,Ethereum,-69543128.0,-0.2503870223366955,698824080.0,2.5876731281060605
2023-02-08,28315926581,Ethereum,611215536.0,2.2061790682718962,1152336219.0,4.242208793621183
2023-02-09,28002595364,Ethereum,-313331217.0,-1.1065547020108646,-248391524.0,-0.87923131671378
2023-02-10,26884577306,Ethereum,-1118018058.0,-3.9925515598361994,-1005380667.0,-3.6048124130315995
2023-02-11,26643991422,Ethereum,-240585884.0,-0.894884383941219,-1473686165.0,-5.241137574183396
2023-02-12,26974441499,Ethereum,330450077.0,1.2402423937396545,-1104991156.0,-3.935233199247845
2023-02-13,26790043629,Ethereum,-184397870.0,-0.6836021795181058,-984210544.0,-3.5436074641988946
2023-02-14,26782252218,Ethereum,-7791411.0,-0.029083233711368894,-922458827.0,-3.3296099912454413
2023-02-15,27280583800,Ethereum,498331582.0,1.860678399798954,-1035342781.0,-3.6563973212683565
2023-02-16,28915013745,Ethereum,1634429945.0,5.991183902010189,912418381.0,3.2583350548035295
2023-02-17,28470586878,Ethereum,-444426867.0,-1.5370107409229616,1586009572.0,5.899328652067148
2023-02-18,29136272291,Ethereum,665685413.0,2.338151355476259,2492280869.0,9.354007173797996
2023-02-19,29321976063,Ethereum,185703772.0,0.6373628381327379,2347534564.0,8.702810636828296
2023-02-20,29126115304,Ethereum,-195860759.0,-0.6679657557157159,2336071675.0,8.719924862202255
2023-02-21,29491737061,Ethereum,365621757.0,1.2553056018074216,2709484843.0,10.116717671634024
2023-02-22,28738725839,Ethereum,-753011222.0,-2.553295590702198,1458142039.0,5.344981066717502
2023-02-23,28568863622,Ethereum,-169862217.0,-0.5910568824505358,-346150123.0,-1.1971293738701982
2023-02-24,28635826884,Ethereum,66963262.0,0.23439245916814233,165240006.0,0.5803884784956193
2023-02-25,28063334092,Ethereum,-572492792.0,-1.9992186512339694,-1072938199.0,-3.6824827427612394
2023-02-26,27918377020,Ethereum,-144957072.0,-0.5165354605578543,-1403599043.0,-4.786850108547547
2023-02-27,28534956672,Ethereum,616579652.0,2.2085082222304653,-591158632.0,-2.0296514857194636
2023-02-28,28566999843,Ethereum,32043171.0,0.11229444420863821,-924737218.0,-3.1355807088856658
2023-03-01,28387643796,Ethereum,-179356047.0,-0.6278434836899716,-351082043.0,-1.2216339895054218
2023-03-02,28990100221,Ethereum,602456425.0,2.1222487830599324,421236599.0,1.474460463578331
2023-03-03,28799267198,Ethereum,-190833023.0,-0.6582696215094996,163440314.0,0.5707546517237816
2023-03-04,27858956082,Ethereum,-940311116.0,-3.2650522304445984,-204378010.0,-0.7282741577675278
2023-03-05,27971977497,Ethereum,113021415.0,0.4056914934907674,53600477.0,0.19198994612616982
2023-03-06,27989588751,Ethereum,17611254.0,0.06296034666082306,-545367921.0,-1.9112274368201287
2023-03-07,27920283018,Ethereum,-69305733.0,-0.24761254485213824,-646716825.0,-2.263859798208634
2023-03-08,27903224233,Ethereum,-17058785.0,-0.061098180806418156,-484419563.0,-1.7064451226778354
2023-03-09,27402430206,Ethereum,-500794027.0,-1.7947532615522288,-1587670015.0,-5.47659374371502
2023-03-10,26110607368,Ethereum,-1291822838.0,-4.714263765252269,-2688659830.0,-9.335861956191426
2023-03-11,25971349070,Ethereum,-139258298.0,-0.5333399412633666,-1887607012.0,-6.7755841476759615
2023-03-12,25476418368,Ethereum,-494930702.0,-1.9056796035740176,-2495559129.0,-8.921639985115991
2023-03-13,27735899647,Ethereum,2259481279.0,8.868912601302114,-253689104.0,-0.9063695299593721
2023-03-14,27933681512,Ethereum,197781865.0,0.7130897772100742,13398494.0,0.047988388911957
2023-03-15,28023844471,Ethereum,90162959.0,0.32277506622699903,120620238.0,0.432280646110228
2023-03-16,27168817310,Ethereum,-855027161.0,-3.0510701766305104,-233612896.0,-0.8525261965592001
2023-03-17,27158949317,Ethereum,-9867993.0,-0.03632102526732739,1048341949.0,4.015004071811834
2023-03-18,28499344490,Ethereum,1340395173.0,4.935371973911318,2527995420.0,9.733785538773333
2023-03-19,28515691892,Ethereum,16347402.0,0.05736062457764035,3039273524.0,11.929751977293336
2023-03-20,28528830345,Ethereum,13138453.0,0.046074466822543236,792930698.0,2.858860567321697
2023-03-21,28571595709,Ethereum,42765364.0,0.14990226897786396,637914197.0,2.283673910744488
2023-03-22,29101405792,Ethereum,529810083.0,1.8543244430450523,1077561321.0,3.8451587972346157
2023-03-23,28459867953,Ethereum,-641537839.0,-2.204490888121835,1291050643.0,4.751957467522172
2023-03-24,29055249707,Ethereum,595381754.0,2.092004625542332,1896300390.0,6.982230305989856
2023-03-25,28373482638,Ethereum,-681767069.0,-2.346450558419222,-125861852.0,-0.44163069099418806
2023-03-26,28280617806,Ethereum,-92864832.0,-0.32729444314187894,-235074086.0,-0.8243674636769005
2023-03-27,28447281911,Ethereum,166664105.0,0.5893227161559489,-81548434.0,-0.28584569719063424
2023-03-28,27903073276,Ethereum,-544208635.0,-1.9130426474578743,-668522433.0,-2.339814828016118
2023-03-29,28257555880,Ethereum,354482604.0,1.2704070282641533,-843849912.0,-2.8996877952609967
2023-03-30,28515248722,Ethereum,257692842.0,0.9119431386576116,55380769.0,0.19459250159368224
2023-03-31,28564420363,Ethereum,49171641.0,0.1724398109915981,-490829344.0,-1.6892965951063599
2023-04-01,28810489885,Ethereum,246069522.0,0.8614546308761684,437007247.0,1.5401960082782606
2023-04-02,28755304472,Ethereum,-55185413.0,-0.19154625006474468,474686666.0,1.678487610335333
2023-04-03,28514471194,Ethereum,-240833278.0,-0.8375264405025118,67189283.0,0.2361887621116443
2023-04-04,28712692775,Ethereum,198221581.0,0.6951613433452408,809619499.0,2.9015423892262415
2023-04-05,29630369198,Ethereum,917676423.0,3.196065343613519,1372813318.0,4.858216768038459
2023-04-06,29487937974,Ethereum,-142431224.0,-0.48069338268527106,972689252.0,3.411119648588423
2023-04-07,29348273466,Ethereum,-139664508.0,-0.47363267015532173,783853103.0,2.744158967830268
2023-04-08,29193589046,Ethereum,-154684420.0,-0.5270648039285897,383099161.0,1.329721093008751
2023-04-09,29218124053,Ethereum,24535007.0,0.08404244836541785,462819581.0,1.6095102781841897
2023-04-10,29294186500,Ethereum,76062447.0,0.2603262511379212,779715306.0,2.7344547289520404
2023-04-11,29773224072,Ethereum,479037572.0,1.6352649765508875,1060531297.0,3.6935974807747796
2023-04-12,29546489489,Ethereum,-226734583.0,-0.7615385638172434,-83879709.0,-0.283086951902245
2023-04-13,29654452468,Ethereum,107962979.0,0.36540036013481547,166514494.0,0.5646868022674889
2023-04-14,31307814553,Ethereum,1653362085.0,5.575426107712289,1959541087.0,6.676853032837271
2023-04-15,31319292422,Ethereum,11477869.0,0.03666135488495925,2125703376.0,7.281404738042152
2023-04-16,31407571335,Ethereum,88278913.0,0.28186752053820374,2189447282.0,7.493456041286106
2023-04-17,31140022861,Ethereum,-267548474.0,-0.8518597988563692,1845836361.0,6.301033008716583
2023-04-18,30604008582,Ethereum,-536014279.0,-1.7213034216211454,830784510.0,2.790374693687614
2023-04-19,30972685118,Ethereum,368676536.0,1.204667470315779,1426195629.0,4.826954584675658
2023-04-20,29420445393,Ethereum,-1552239725.0,-5.011640802488593,-234007075.0,-0.7891127824818711
2023-04-21,29162781244,Ethereum,-257664149.0,-0.8757996201556706,-2145033309.0,-6.851430991354379
2023-04-22,28046588935,Ethereum,-1116192309.0,-3.8274549318907836,-3272703487.0,-10.449480923461463
2023-04-23,28130371312,Ethereum,83782377.0,0.29872572808826714,-3277200023.0,-10.434426743935942
2023-04-24,28113370104,Ethereum,-17001208.0,-0.06043719726069874,-3026652757.0,-9.719494332133593
2023-04-25,27805904450,Ethereum,-307465654.0,-1.0936634521673816,-2798104132.0,-9.142933431425481
2023-04-26,28066021294,Ethereum,260116844.0,0.9354734152515531,-2906663824.0,-9.384603927383651
2023-04-27,28530921494,Ethereum,464900200.0,1.6564521031678492,-889523899.0,-3.0234888939228766
2023-04-28,28402819171,Ethereum,-128102323.0,-0.4489946916959586,-759962073.0,-2.605931398111616
2023-04-29,28076144208,Ethereum,-326674963.0,-1.1501497827847484,29555273.0,0.10537920696345182
2023-04-30,28215117818,Ethereum,138973610.0,0.4949882326092281,84746506.0,0.3012633749482241
2023-05-01,27946203794,Ethereum,-268914024.0,-0.9530848878059439,-167166310.0,-0.5946149799245015
2023-05-02,27437382854,Ethereum,-508820940.0,-1.8207157714538735,-368521596.0,-1.325335763354396
2023-05-03,27805039674,Ethereum,367656820.0,1.3399850195493501,-260981620.0,-0.9298846361803115
2023-05-04,28230594023,Ethereum,425554349.0,1.5304935867361147,-300327471.0,-1.0526385243573633
2023-05-05,27996626129,Ethereum,-233967894.0,-0.8287742504085482,-406193042.0,-1.4301152274867612
2023-05-06,29070954906,Ethereum,1074328777.0,3.8373508723866134,994810698.0,3.543259682063238
2023-05-07,28281715173,Ethereum,-789239733.0,-2.7148737822750624,66597355.0,0.23603429703742407
2023-05-08,27985252051,Ethereum,-296463122.0,-1.0482501509775033,39048257.0,0.13972651630194122
2023-05-09,27280864269,Ethereum,-704387782.0,-2.5169963833676867,-156518585.0,-0.5704574150999342
2023-05-10,27365290178,Ethereum,84425909.0,0.30946933413666944,-439749496.0,-1.5815460116433533
2023-05-11,27046940107,Ethereum,-318350071.0,-1.1633352649625284,-1183653916.0,-4.192805560646917
2023-05-12,26590988779,Ethereum,-455951328.0,-1.68577785951467,-1405637350.0,-5.020738368699307
2023-05-13,26606808452,Ethereum,15819673.0,0.05949260906195075,-2464146454.0,-8.476317554644275
2023-05-14,26505392762,Ethereum,-101415690.0,-0.38116443083716645,-1776322411.0,-6.280815714797317
2023-05-15,26457859211,Ethereum,-47533551.0,-0.17933539573179447,-1527392840.0,-5.457849145744687
2023-05-16,26740706673,Ethereum,282847462.0,1.069048934550243,-540157596.0,-1.9799871099164368
2023-05-17,26819973196,Ethereum,79266523.0,0.29642643318785744,-545316982.0,-1.9927323205890968
2023-05-18,26778657570,Ethereum,-41315626.0,-0.15404797647657897,-268282537.0,-0.9919145601633761
2023-05-19,26579847460,Ethereum,-198810110.0,-0.7424200017506655,-11141319.0,-0.04189885187270148
2023-05-20,26631205764,Ethereum,51358304.0,0.19322271911939026,24397312.0,0.09169574789105184
2023-05-21,26845506020,Ethereum,214300256.0,0.8046960317872331,340113258.0,1.2831851278491957
2023-05-22,26585570806,Ethereum,-259935214.0,-0.9682634173717841,127711595.0,0.48269814266341804
2023-05-23,26787358460,Ethereum,201787654.0,0.7590119297136155,46651787.0,0.17445981353627626
2023-05-24,27135461596,Ethereum,348103136.0,1.2995052741755053,315488400.0,1.1763188489951615
2023-05-25,26506177739,Ethereum,-629283857.0,-2.3190460747229857,-272479831.0,-1.0175261037179806
2023-05-26,26567785684,Ethereum,61607945.0,0.2324286270417364,-12061776.0,-0.04537940264011109
2023-05-27,26793117002,Ethereum,225331318.0,0.8481373671111125,161911238.0,0.6079756186588847
2023-05-28,26975551829,Ethereum,182434827.0,0.6809018412690993,130045809.0,0.4844230125635063
2023-05-29,27745780349,Ethereum,770228520.0,2.855283646772211,1160209543.0,4.364057298097035
2023-05-30,27434654540,Ethereum,-311125809.0,-1.121344597580276,647296080.0,2.4164237058557747
2023-05-31,27482481418,Ethereum,47826878.0,0.17433016307994986,347019822.0,1.278842524098267
2023-06-01,26587087851,Ethereum,-895393567.0,-3.2580521146593044,80910112.0,0.30525001679495567
2023-06-02,26531813731,Ethereum,-55274120.0,-0.2078983614518748,-35971953.0,-0.13539688037179642
2023-06-03,26982632797,Ethereum,450819066.0,1.6991641452437145,189515795.0,0.7073301511946184
2023-06-04,26889010519,Ethereum,-93622278.0,-0.34697236071941084,-86541310.0,-0.32081386341451523
2023-06-05,26816646151,Ethereum,-72364368.0,-0.26912246528695283,-929134198.0,-3.348740551943019
2023-06-06,25905928561,Ethereum,-910717590.0,-3.396090565807164,-1528725979.0,-5.572244318845354
2023-06-07,26691139126,Ethereum,785210565.0,3.0310072196450433,-791342292.0,-2.879442652808273
2023-06-08,26066698924,Ethereum,-624440202.0,-2.3395037546064423,-520388927.0,-1.9572994602356508
2023-06-09,26146848213,Ethereum,80149289.0,0.30747771029113746,-384965518.0,-1.4509581663096127
2023-06-10,25902531217,Ethereum,-244316996.0,-0.9344032367102906,-1080101580.0,-4.002951039381486
2023-06-11,24936483310,Ethereum,-966047907.0,-3.729550208459842,-1952527209.0,-7.261431980252031
2023-06-12,24945676483,Ethereum,9193173.0,0.03686635715915987,-1870969668.0,-6.9768965793294395
2023-06-13,24736556836,Ethereum,-209119647.0,-0.8383001645295596,-1169371725.0,-4.513915501027155
2023-06-14,24804269305,Ethereum,67712469.0,0.2737344144090992,-1886869821.0,-7.069274234017198
2023-06-15,23916467777,Ethereum,-887801528.0,-3.5792287089103536,-2150231147.0,-8.248958386595895
2023-06-16,23886933822,Ethereum,-29533955.0,-0.12348794677951025,-2259914391.0,-8.643161778391285
2023-06-17,24364330538,Ethereum,477396716.0,1.9985684205325427,-1538200679.0,-5.938418396695022
2023-06-18,24533102689,Ethereum,168772151.0,0.6927017786791723,-403380621.0,-1.6176323501006173
2023-06-19,24514898159,Ethereum,-18204530.0,-0.07420394489345838,-430778324.0,-1.7268656726690423
2023-06-20,24640440792,Ethereum,125542633.0,0.5121075037136658,-96116044.0,-0.38855870134730797
2023-06-21,25415921482,Ethereum,775480690.0,3.147186759141807,611652177.0,2.4659149176255113
2023-06-22,26489378054,Ethereum,1073456572.0,4.2235595225624145,2572910277.0,10.757902466995217
2023-06-23,26188665703,Ethereum,-300712351.0,-1.1352186162581157,2301731881.0,9.63594531701717
2023-06-24,26319720707,Ethereum,131055004.0,0.5004264267842728,1955390169.0,8.025626503261641
2023-06-25,26221109269,Ethereum,-98611438.0,-0.3746674939972827,1688006580.0,6.880526288902122
2023-06-26,26507231334,Ethereum,286122065.0,1.0911897817315719,1992333175.0,8.127030192326412
2023-06-27,26201965853,Ethereum,-305265481.0,-1.1516309536577118,1561525061.0,6.337244833326916
2023-06-28,26296399512,Ethereum,94433659.0,0.36040677073543304,880478030.0,3.464277423990203
2023-06-29,25796998517,Ethereum,-499400995.0,-1.899123090110133,-692379537.0,-2.6138006546946757
2023-06-30,26051895301,Ethereum,254896784.0,0.9880869816386806,-136770402.0,-0.5222503641502119
2023-07-01,26908076346,Ethereum,856181045.0,3.286444364633745,588355639.0,2.235417486187541
2023-07-02,26800149099,Ethereum,-107927247.0,-0.401096108143173,579039830.0,2.2082964685425033
2023-07-03,26989476763,Ethereum,189327664.0,0.7064425772432159,482245429.0,1.8192976208022182
2023-07-04,27059181072,Ethereum,69704309.0,0.258264765975591,857215219.0,3.2715683388384154
2023-07-05,26936927006,Ethereum,-122254066.0,-0.4518025348760668,640527494.0,2.4357992192342026
2023-07-06,26566474979,Ethereum,-370452027.0,-1.3752571958838722,769476462.0,2.98281391725832
2023-07-07,25889890284,Ethereum,-676584695.0,-2.5467612678566454,-162005017.0,-0.6218550133424761
2023-07-08,26157578465,Ethereum,267688181.0,1.0339486883242266,-750497881.0,-2.7891175547060776
2023-07-09,26134713769,Ethereum,-22864696.0,-0.08741136351972933,-665435330.0,-2.4829538355994774
2023-07-10,26080750436,Ethereum,-53963333.0,-0.20648143873689406,-908726327.0,-3.3669653360815732
2023-07-11,26147610394,Ethereum,66859958.0,0.2563574931023105,-911570678.0,-3.368803644036611
2023-07-12,26226880973,Ethereum,79270579.0,0.3031656729067356,-710046033.0,-2.635957816724388
2023-07-13,26166856061,Ethereum,-60024912.0,-0.2288679010736927,-399618918.0,-1.5042225899969286
2023-07-14,27159970086,Ethereum,993114025.0,3.795312752456237,1270079802.0,4.905697892373495
2023-07-15,26507305478,Ethereum,-652664608.0,-2.4030387586340685,349727013.0,1.3370007222493818
2023-07-16,26616919181,Ethereum,109613703.0,0.4135226158350047,482205412.0,1.8450763083235788
2023-07-17,26472068047,Ethereum,-144851134.0,-0.5442069873488609,391317611.0,1.50040778910967
2023-07-18,26324095737,Ethereum,-147972310.0,-0.5589752554929994,176485343.0,0.6749578272762458
2023-07-19,26084853134,Ethereum,-239242603.0,-0.9088350285238134,-142027839.0,-0.5415353779437804
2023-07-20,25839719815,Ethereum,-245133319.0,-0.9397534950292052,-327136246.0,-1.2501931651146103
2023-07-21,25826593744,Ethereum,-13126071.0,-0.05079803919693093,-1333376342.0,-4.909343927029242
2023-07-22,25836198188,Ethereum,9604444.0,0.037188194832049604,-671107290.0,-2.5317823818682417
2023-07-23,25387448157,Ethereum,-448750031.0,-1.7369042756779418,-1229471024.0,-4.619133475363424
2023-07-24,25627792845,Ethereum,240344688.0,0.9467067604182589,-844275202.0,-3.1893058015000086
2023-07-25,25107237348,Ethereum,-520555497.0,-2.031214705645479,-1216858389.0,-4.622602809066811
2023-07-26,25105168414,Ethereum,-2068934.0,-0.008240388901903373,-979684720.0,-3.7557609198230146
2023-07-27,25235346651,Ethereum,130178237.0,0.5185316220679415,-604373164.0,-2.3389307946333093
2023-07-28,25162783436,Ethereum,-72563215.0,-0.2875459410307868,-663810308.0,-2.570258836995165
2023-07-29,25314695754,Ethereum,151912318.0,0.6037182586989154,-521502434.0,-2.0184952530756584
2023-07-30,25378640440,Ethereum,63944686.0,0.25259906981065505,-8807717.0,-0.03469319541503646
2023-07-31,23387222338,Ethereum,-1991418102.0,-7.846827361410858,-2240570507.0,-8.742736920620676
2023-08-01,22986733048,Ethereum,-400489290.0,-1.7124277702242452,-2120504300.0,-8.44578903926646
2023-08-02,22831913827,Ethereum,-154819221.0,-0.6735155477584076,-2273254587.0,-9.054926656983941
2023-08-03,22577656515,Ethereum,-254257312.0,-1.1136049037611895,-2657690136.0,-10.531617309464158
2023-08-04,22997983487,Ethereum,420326972.0,1.861694422185689,-2164799949.0,-8.603181577690066
2023-08-05,23125004103,Ethereum,127020616.0,0.552311971490016,-2189691651.0,-8.649883341592224
2023-08-06,23197572625,Ethereum,72568522.0,0.3138097691865349,-2181067815.0,-8.594108183834614
2023-08-07,23282203865,Ethereum,84631240.0,0.36482799889498985,-105018473.0,-0.4490420943634832
2023-08-08,23572421143,Ethereum,290217278.0,1.2465197868844369,585688095.0,2.547939691025203
2023-08-09,24056060428,Ethereum,483639285.0,2.0517166313381408,1224146601.0,5.361559308061059
2023-08-10,24109368675,Ethereum,53308247.0,0.22160007104883306,1531712160.0,6.784194626144524
2023-08-11,24422478231,Ethereum,313109556.0,1.2987049151754748,1424494744.0,6.193998464279349
2023-08-12,24648687235,Ethereum,226209004.0,0.9262328002113573,1523683132.0,6.588898861221537
2023-08-13,24648510556,Ethereum,-176679.0,-0.0007167886805325985,1450937931.0,6.254697223951466
2023-08-14,24546259758,Ethereum,-102250798.0,-0.41483560545247933,1264055893.0,5.429279377199547
2023-08-15,24692667451,Ethereum,146407693.0,0.5964562195765133,1120246308.0,4.7523599769583535
2023-08-16,24372604622,Ethereum,-320062829.0,-1.2961857184329406,316544194.0,1.3158604874119684
2023-08-17,23912237121,Ethereum,-460367501.0,-1.8888728067432248,-197131554.0,-0.8176553963622157
2023-08-18,22864477374,Ethereum,-1047759747.0,-4.381688512447235,-1558000857.0,-6.379372487360413
2023-08-19,22644143718,Ethereum,-220333656.0,-0.9636505238932336,-2004543517.0,-8.132455484905666
2023-08-20,22748117113,Ethereum,103973395.0,0.459162405498037,-1900393443.0,-7.709972733169479
2023-08-21,22260614615,Ethereum,-487502498.0,-2.1430454906591123,-2285645143.0,-9.311582153590924
2023-08-22,22185226052,Ethereum,-75388563.0,-0.338663439010356,-2507441399.0,-10.154599149629151
2023-08-23,21832892205,Ethereum,-352333847.0,-1.5881463013906805,-2539712417.0,-10.420357021290705
2023-08-24,22301089285,Ethereum,468197080.0,2.1444574342412537,-1611147836.0,-6.737754513922378
2023-08-25,22154853840,Ethereum,-146235445.0,-0.6557322968899104,-709623534.0,-3.103607059949409
2023-08-26,22061961560,Ethereum,-92892280.0,-0.4192863589661089,-582182158.0,-2.5710054010000816
2023-08-27,22037921217,Ethereum,-24040343.0,-0.10896738685097773,-710195896.0,-3.1219985921126625
2023-08-28,22225360754,Ethereum,187439537.0,0.8505318407954432,-35253861.0,-0.15836876748337447
2023-08-29,22247442750,Ethereum,22081996.0,0.09935494970998437,62216698.0,0.2804420286463216
2023-08-30,22936574805,Ethereum,689132055.0,3.097578731829742,1103682600.0,5.055136944922234
2023-08-31,22650912387,Ethereum,-285662418.0,-1.2454449734915385,349823102.0,1.5686368388978078
2023-09-01,22012730644,Ethereum,-638181743.0,-2.8174659461676743,-142123196.0,-0.6414991361549882
2023-09-02,21830808651,Ethereum,-181921993.0,-0.8264399176191595,-231152909.0,-1.0477441381236852
2023-09-03,21906085347,Ethereum,75276696.0,0.3448186331684644,-131835870.0,-0.5982228028762582
2023-09-04,21951799985,Ethereum,45714638.0,0.20868465212229292,-273560769.0,-1.2308496227705357
2023-09-05,21835710283,Ethereum,-116089702.0,-0.5288391023939965,-411732467.0,-1.8506957029926552
2023-09-06,21744717984,Ethereum,-90992299.0,-0.41671325466724474,-1191856821.0,-5.196315627476267
2023-09-07,21615876551,Ethereum,-128841433.0,-0.592518298442879,-1035035836.0,-4.569510571212298
2023-09-08,21830637649,Ethereum,214761098.0,0.9935340697070361,-182092995.0,-0.827216749911186
2023-09-09,21656492439,Ethereum,-174145210.0,-0.7977101393003894,-174316212.0,-0.7984871966344453
2023-09-10,21611885769,Ethereum,-44606670.0,-0.20597365951871005,-294199578.0,-1.3430038883706308
2023-09-11,21506568310,Ethereum,-105317459.0,-0.48731267657848854,-445231675.0,-2.028223996684708
2023-09-12,20715382514,Ethereum,-791185796.0,-3.6788100481475627,-1120327769.0,-5.1307136542850245
2023-09-13,21114939621,Ethereum,399557107.0,1.9287942509869982,-629778363.0,-2.8962360581700652
2023-09-14,21275680810,Ethereum,160741189.0,0.7612675758737808,-340195741.0,-1.5738234820010688
2023-09-15,21454807289,Ethereum,179126479.0,0.841930655943135,-375830360.0,-1.7215729839994642
2023-09-16,21686291345,Ethereum,231484056.0,1.0789379409559263,29798906.0,0.1375980255525544
2023-09-17,21588455821,Ethereum,-97835524.0,-0.4511399503196123,-23429948.0,-0.10841232574719806
2023-09-18,21451264572,Ethereum,-137191249.0,-0.6354843076203154,-55303738.0,-0.25714812890108574
2023-09-19,21514959017,Ethereum,63694445.0,0.29692629442059637,799576503.0,3.8598201238119856
2023-09-20,21603400068,Ethereum,88441051.0,0.41106771772196904,488460447.0,2.31334048672438
2023-09-21,21356920688,Ethereum,-246479380.0,-1.1409286465286383,81239878.0,0.38184384662236504
2023-09-22,20922459666,Ethereum,-434461022.0,-2.0342868166575823,-532347623.0,-2.4812510120887366
2023-09-23,21066519213,Ethereum,144059547.0,0.6885402065518242,-619772132.0,-2.857898209243115
2023-09-24,21003780034,Ethereum,-62739179.0,-0.2978146430630324,-584675787.0,-2.708279794756141
2023-09-25,20819903974,Ethereum,-183876060.0,-0.8754427046100743,-631360598.0,-2.943232534757434
2023-09-26,20946126167,Ethereum,126222193.0,0.6062573254786763,-568832850.0,-2.6438946481401104
2023-09-27,20995082933,Ethereum,48956766.0,0.23372706537561072,-608317135.0,-2.815839789501784
2023-09-28,20951798145,Ethereum,-43284788.0,-0.20616631112213568,-405122543.0,-1.8969145829512257
2023-09-29,21395527836,Ethereum,443729691.0,2.117859707931058,473068170.0,2.26105428115011
2023-09-30,21445387792,Ethereum,49859956.0,0.23303914903238798,378868579.0,1.7984393870165372
2023-10-01,21449436032,Ethereum,4048240.0,0.018876972705106354,445655998.0,2.121789493503501
2023-10-02,22052866253,Ethereum,603430221.0,2.813268470554453,1232962279.0,5.9220363385908525
2023-10-03,21424026868,Ethereum,-628839385.0,-2.8515086328719463,477900701.0,2.2815708126160184
2023-10-04,21222831738,Ethereum,-201195130.0,-0.9391097725914177,227748805.0,1.0847721141507227
2023-10-05,21279012419,Ethereum,56180681.0,0.2647181191160586,327214274.0,1.5617479308241977
2023-10-06,21023400944,Ethereum,-255611475.0,-1.2012374915095436,-372126892.0,-1.7392741831489755
2023-10-07,21302991285,Ethereum,279590341.0,1.3299006271380476,-142396507.0,-0.6639959527946604
2023-10-08,21246848457,Ethereum,-56142828.0,-0.26354434102187074,-202587575.0,-0.9444890518229165
2023-10-09,21143560300,Ethereum,-103288157.0,-0.48613401281153434,-909305953.0,-4.123300538660368
2023-10-10,20625186167,Ethereum,-518374133.0,-2.4516880111245976,-798840701.0,-3.7287140551209297
2023-10-11,20195133375,Ethereum,-430052792.0,-2.0850856254964523,-1027698363.0,-4.842418654056802
2023-10-12,20060542943,Ethereum,-134590432.0,-0.6664498297724197,-1218469476.0,-5.726156139239014
2023-10-13,19620222280,Ethereum,-440320663.0,-2.1949588515681073,-1403178664.0,-6.674365711511876
2023-10-14,20018802656,Ethereum,398580376.0,2.031477372232904,-1284188629.0,-6.02820801933216
2023-10-15,20075878364,Ethereum,57075708.0,0.28511049826895896,-1170970093.0,-5.511264860620835
2023-10-16,20109715073,Ethereum,33836709.0,0.16854410246216478,-1033845227.0,-4.889645889013305
2023-10-17,20524296799,Ethereum,414581726.0,2.061599204638309,-100889368.0,-0.48915615686137004
2023-10-18,20215656004,Ethereum,-308640795.0,-1.503782555975497,20522629.0,0.1016216561629868
2023-10-19,19936269289,Ethereum,-279386715.0,-1.3820314064738715,-124273654.0,-0.6194929736104915
2023-10-20,20064908484,Ethereum,128639195.0,0.6452520937354045,444686204.0,2.266468736459193
2023-10-21,20431879040,Ethereum,366970556.0,1.8289171679632954,413076384.0,2.0634420104850504
2023-10-22,20849448674,Ethereum,417569634.0,2.0437162591972813,773570310.0,3.8532327003293787
2023-10-23,21427109729,Ethereum,577661055.0,2.7706298810690644,1317394656.0,6.55103591084083
2023-10-24,22594061113,Ethereum,1166951384.0,5.4461446212720865,2069764314.0,10.084459088999553
2023-10-25,22548443249,Ethereum,-45617864.0,-0.20190201209003833,2332787245.0,11.539508015660838
2023-10-26,22729160974,Ethereum,180717725.0,0.8014643095505702,2792891685.0,14.009098916721596
2023-10-27,22762419584,Ethereum,33258610.0,0.14632572684070144,2697511100.0,13.443924262854367
2023-10-28,22591311286,Ethereum,-171108298.0,-0.751714014270588,2159432246.0,10.568936130506778
2023-10-29,22572175841,Ethereum,-19135445.0,-0.08470267510261031,1722727167.0,8.262698903632405
2023-10-30,22807360619,Ethereum,235184778.0,1.0419233823830698,1380250890.0,6.441610219281846
2023-10-31,23202078982,Ethereum,394718363.0,1.730662173470332,608017869.0,2.6910517146922386
2023-11-01,22971483426,Ethereum,-230595556.0,-0.9938573012310381,423040177.0,1.8761391743474798
2023-11-02,23599891610,Ethereum,628408184.0,2.7356012336963165,870730636.0,3.830896516576354
2023-11-03,23035264165,Ethereum,-564627445.0,-2.392500161995448,272844581.0,1.1986624708024696
2023-11-04,23668355039,Ethereum,633090874.0,2.7483551717280674,1077043753.0,4.767513223844833
2023-11-05,24135556504,Ethereum,467201465.0,1.973949876238379,1563380663.0,6.926140723041341
2023-11-06,24161617277,Ethereum,26060773.0,0.10797668160533735,1354256658.0,5.937805257798301
2023-11-07,24277321612,Ethereum,115704335.0,0.47887661522616476,1075242630.0,4.634251227375641
2023-11-08,24226274807,Ethereum,-51046805.0,-0.21026539012758416,1254791381.0,5.4623872465275
2023-11-09,24418890887,Ethereum,192616080.0,0.7950709778308251,818999277.0,3.4703518581117754
2023-11-10,26294993296,Ethereum,1876102409.0,7.68299599552571,3259729131.0,14.151038632119818
2023-11-11,26066353131,Ethereum,-228640165.0,-0.869519769129512,2397998092.0,10.131663514632304
2023-11-12,25769987914,Ethereum,-296365217.0,-1.1369646360216756,1634431410.0,6.771882014525432
2023-11-13,25823611528,Ethereum,53623614.0,0.20808552250375367,1661994251.0,6.878654818285246
2023-11-14,25509317955,Ethereum,-314293573.0,-1.2170783031615007,1231996343.0,5.074679829553519
2023-11-15,25029539845,Ethereum,-479778110.0,-1.8807955228217321,803265038.0,3.3156770671481928
2023-11-16,26046336085,Ethereum,1016796240.0,4.062384871222946,1627445198.0,6.664697448918178
2023-11-17,24921876921,Ethereum,-1124459164.0,-4.31714910047395,-1373116375.0,-5.221968910746511
2023-11-18,24970651308,Ethereum,48774387.0,0.19570912397413043,-1095701823.0,-4.2035102397846025
2023-11-19,25120094804,Ethereum,149443496.0,0.5984765641740442,-649893110.0,-2.5218991649077704
2023-11-20,25802956505,Ethereum,682861701.0,2.718388231923652,-20655023.0,-0.07998502834355437
2023-11-21,25877925254,Ethereum,74968749.0,0.29054325222566124,368607299.0,1.4449908055176097
2023-11-22,24648276186,Ethereum,-1229649068.0,-4.751729730767074,-381263659.0,-1.523254767610771
2023-11-23,26054824562,Ethereum,1406548376.0,5.706477667590026,8488477.0,0.03258990812489149
2023-11-24,26000276270,Ethereum,-54548292.0,-0.20935965955248825,1078399349.0,4.327119311352123
2023-11-25,26196735955,Ethereum,196459685.0,0.7556061441803985,1226084647.0,4.910102791780968
2023-11-26,26134989004,Ethereum,-61746951.0,-0.23570475003475977,1014894200.0,4.040168669420763
2023-11-27,26043720508,Ethereum,-91268496.0,-0.3492195691608302,240764003.0,0.9330868846496143
2023-11-28,25631914895,Ethereum,-411805613.0,-1.5812088479198017,-246010359.0,-0.950657197535465
2023-11-29,25838527389,Ethereum,206612494.0,0.8060751404894262,1190251203.0,4.828942981724826
2023-11-30,25705616241,Ethereum,-132911148.0,-0.5143913428153901,-349208321.0,-1.3402827571109666
2023-12-01,25927536686,Ethereum,221920445.0,0.8633150161404757,-72739584.0,-0.27976465805453765
2023-12-02,26303577289,Ethereum,376040603.0,1.4503522164643234,106841334.0,0.40784216088420866
2023-12-03,27167379985,Ethereum,863802696.0,3.283974215785612,1032390981.0,3.9502254270778137
2023-12-04,27496805731,Ethereum,329425746.0,1.2125782691664977,1453085223.0,5.579407222380728
2023-12-05,27869170014,Ethereum,372364283.0,1.3542092366757963,2237255119.0,8.728396329984767
2023-12-06,28506158250,Ethereum,636988236.0,2.285637626380721,2667630861.0,10.324237216923082
2023-12-07,27904141015,Ethereum,-602017235.0,-2.1118848415850655,2198524774.0,8.552702076417805
2023-12-08,29032567088,Ethereum,1128426073.0,4.043937680767207,3105030402.0,11.975801787898387
2023-12-09,29288314247,Ethereum,255747159.0,0.8808975046016743,2984736958.0,11.347266287039215
2023-12-10,28486951759,Ethereum,-801362488.0,-2.736116804954325,1319571774.0,4.8571918776436185
2023-12-11,28208922450,Ethereum,-278029309.0,-0.9759882747446325,712116719.0,2.5898161625266702
2023-12-12,27238172861,Ethereum,-970749589.0,-3.4412856099719558,-630997153.0,-2.264140455862229
2023-12-13,26832713214,Ethereum,-405459647.0,-1.4885713849791427,-1673445036.0,-5.870468483770519
2023-12-14,27569555640,Ethereum,736842426.0,2.7460600801843205,-334585375.0,-1.1990527671865703
2023-12-15,28184966889,Ethereum,615411249.0,2.2322131594573635,-847600199.0,-2.9194807211875395
2023-12-16,27147467448,Ethereum,-1037499441.0,-3.681038353126165,-2140846799.0,-7.309559645343144
2023-12-17,27343778093,Ethereum,196310645.0,0.7231269192090384,-1143173666.0,-4.012972941686654
2023-12-18,27056274147,Ethereum,-287503946.0,-1.0514419222616533,-1152648303.0,-4.086112488142913
2023-12-19,27523956904,Ethereum,467682757.0,1.7285556557381954,285784043.0,1.0492041608605396
2023-12-20,27379614438,Ethereum,-144342466.0,-0.5244248365285809,546901224.0,2.0381883100612175
2023-12-21,27742243368,Ethereum,362628930.0,1.324448636123643,172687728.0,0.6263710966362135
2023-12-22,27915752419,Ethereum,173509051.0,0.6254326612970873,-269214470.0,-0.9551704320258314
2023-12-23,28759068515,Ethereum,843316096.0,3.0209327097557415,1611601067.0,5.936469286083357
2023-12-24,28651410873,Ethereum,-107657642.0,-0.3743432856451845,1307632780.0,4.78219496791028
2023-12-25,28301420148,Ethereum,-349990725.0,-1.221547959894076,1245146001.0,4.602060114541162
2023-12-26,28411532283,Ethereum,110112135.0,0.389069292014943,887575379.0,3.2247375698768455
2023-12-27,27989968201,Ethereum,-421564082.0,-1.483778058152263,610353763.0,2.2292270199133712
2023-12-28,29531852945,Ethereum,1541884744.0,5.508704879289272,1789609577.0,6.450846650218178
2023-12-29,29097350503,Ethereum,-434502442.0,-1.4713009807045152,1181598084.0,4.232728769996474
2023-12-30,28575901139,Ethereum,-521449364.0,-1.7920853788603086,-183167376.0,-0.6369030203619563
2023-12-31,28554978275,Ethereum,-20922864.0,-0.07321856237613167,-96432598.0,-0.3365719001673151
2024-01-01,28452353833,Ethereum,-102624442.0,-0.3593924709438423,150933685.0,0.533307813568018
2024-01-02,29566121523,Ethereum,1113767690.0,3.914501051607955,1154589240.0,4.06380489619298
2024-01-03,29705978670,Ethereum,139857147.0,0.47303176675101977,1716010469.0,6.130805353822066
2024-01-04,28079288363,Ethereum,-1626690307.0,-5.475969417034532,-1452564582.0,-4.918636784170804
2024-01-05,29167060538,Ethereum,1087772175.0,3.87393070984432,69710035.0,0.2395751977239735
2024-01-06,29170692765,Ethereum,3632227.0,0.012453181544525016,594791626.0,2.081444861902315
2024-01-07,28955946173,Ethereum,-214746592.0,-0.7361724101995315,400967898.0,1.404196123486634
2024-01-08,28576553020,Ethereum,-379393153.0,-1.310242638017356,124199187.0,0.4365163871115296
2024-01-09,29743089780,Ethereum,1166536760.0,4.082146503756312,176968257.0,0.5985508003216955
2024-01-10,29944709184,Ethereum,201619404.0,0.6778697354286711,238730514.0,0.8036446691490173
2024-01-11,32301713778,Ethereum,2357004594.0,7.871188795045603,4222425415.0,15.037508644855402
2024-01-12,32517438048,Ethereum,215724270.0,0.667841562471283,3350377510.0,11.486853485406922
2024-01-13,31206398679,Ethereum,-1311039369.0,-4.031804003331175,2035705914.0,6.978599824144416
2024-01-14,31704106608,Ethereum,497707929.0,1.594890631628454,2748160435.0,9.490832793309046
2024-01-15,30942434838,Ethereum,-761671770.0,-2.4024388367650973,2365881818.0,8.279101458962469
2024-01-16,31248326423,Ethereum,305891585.0,0.9885827880110387,1505236643.0,5.060794470694696
2024-01-17,31758842527,Ethereum,510516104.0,1.633739026817893,1814133343.0,6.0582767120988645
2024-01-18,31199813461,Ethereum,-559029066.0,-1.7602312348906857,-1101900317.0,-3.4112750938635306
2024-01-19,30740310961,Ethereum,-459502500.0,-1.472773228514268,-1777127087.0,-5.465150988760947
2024-01-20,31016575599,Ethereum,276264638.0,0.8987047605032217,-189823080.0,-0.6082825575375983
2024-01-21,30990072543,Ethereum,-26503056.0,-0.08544804024352981,-714034065.0,-2.2521816300599573
2024-01-22,30893560842,Ethereum,-96511701.0,-0.3114277995512449,-48873996.0,-0.15795135791957238
2024-01-23,29766175093,Ethereum,-1127385749.0,-3.649258027476432,-1482151330.0,-4.743138272227842
2024-01-24,29120023679,Ethereum,-646151414.0,-2.170757284001712,-2638818848.0,-8.308926390363848
2024-01-25,28991089821,Ethereum,-128933858.0,-0.4427670094684033,-2208723640.0,-7.079284761625004
2024-01-26,28907764223,Ethereum,-83325598.0,-0.28741795673938864,-1832546738.0,-5.961379962372337
2024-01-27,29705228978,Ethereum,797464755.0,2.758652481209567,-1311346621.0,-4.227889751447222
2024-01-28,29770856605,Ethereum,65627627.0,0.2209295442516357,-1219215938.0,-3.93421453372943
2024-01-29,29651259919,Ethereum,-119596686.0,-0.401724033630646,-1242300923.0,-4.021229308442431
2024-01-30,30299215651,Ethereum,647955732.0,2.1852553104659167,533040558.0,1.7907593311353942
2024-01-31,30321319122,Ethereum,22103471.0,0.07295063758283593,1201295443.0,4.125324403037212
2024-02-01,29574321713,Ethereum,-746997409.0,-2.463604587895407,583231892.0,2.011762564294939
2024-02-02,30025578662,Ethereum,451256949.0,1.5258404009368842,1117814439.0,3.866831175102181
2024-02-03,30166976683,Ethereum,141398021.0,0.47092521543623533,461747705.0,1.5544324042813251
2024-02-04,29925650367,Ethereum,-241326316.0,-0.7999685170174686,154793762.0,0.5199506485614513
2024-02-05,29868188423,Ethereum,-57461944.0,-0.1920156898690628,216928504.0,0.7315996169896088
2024-02-06,31248199532,Ethereum,1380011109.0,4.62033749571944,948983881.0,3.132041079646486
2024-02-07,32634263738,Ethereum,1386064206.0,4.435661019703185,2312944616.0,7.628113429675354
2024-02-08,33487625550,Ethereum,853361812.0,2.6149258915448614,3913303837.0,13.232100046033612
2024-02-09,34348981630,Ethereum,861356080.0,2.572162301307146,4323402968.0,14.399066265029713
2024-02-10,35637332051,Ethereum,1288350421.0,3.7507674459692497,5470355368.0,18.133588345572306
2024-02-11,35876033237,Ethereum,238701186.0,0.6698065547061649,5950382870.0,19.88388822640821
2024-02-12,36049393449,Ethereum,173360212.0,0.4832201231802058,6181205026.0,20.6949445291438
2024-02-13,37784803671,Ethereum,1735410222.0,4.813978977080802,6536604139.0,20.918338454368012
2024-02-14,37507510407,Ethereum,-277293264.0,-0.7338750954337336,4873246669.0,14.932914399798424
2024-02-15,39433317292,Ethereum,1925806885.0,5.134456710410151,5945691742.0,17.75489197680664
2024-02-16,39828830603,Ethereum,395513311.0,1.0029927436012054,5479848973.0,15.953453968527453
2024-02-17,39591200236,Ethereum,-237630367.0,-0.5966290332965474,3953868185.0,11.094736775866632
2024-02-18,39471444422,Ethereum,-119755814.0,-0.30248088788958905,3595411185.0,10.021763446500408
2024-02-19,40668607456,Ethereum,1197163034.0,3.032985115013287,4619214007.0,12.813569286637016
2024-02-20,41563523035,Ethereum,894915579.0,2.200507061787693,3778719364.0,10.000632521216946
2024-02-21,42204424244,Ethereum,640901209.0,1.5419799915909582,4696913837.0,12.522595570948415
2024-02-22,41943992775,Ethereum,-260431469.0,-0.6170714887480666,2510675483.0,6.3668888529176515
2024-02-23,42157275883,Ethereum,213283108.0,0.5084950046222669,2328445280.0,5.846130164375496
2024-02-24,41455486434,Ethereum,-701789449.0,-1.664693541745177,1864286198.0,4.708839810076837
2024-02-25,42320807586,Ethereum,865321152.0,2.0873501348914303,2849363164.0,7.218796286086415
2024-02-26,43582519551,Ethereum,1261711965.0,2.9813040841342175,2913912095.0,7.1650156650989505
2024-02-27,44809336196,Ethereum,1226816645.0,2.814928227277891,3245813161.0,7.809283053957561
2024-02-28,45920075053,Ethereum,1110738857.0,2.478811228404565,3715650809.0,8.803936733074224
2024-02-29,47838470345,Ethereum,1918395292.0,4.17768326769028,5894477570.0,14.053210436163589
2024-03-01,47545698975,Ethereum,-292771370.0,-0.6119998567859719,5388423092.0,12.781715561875039
2024-03-02,49068637306,Ethereum,1522938331.0,3.2031043056087505,7613150872.0,18.364640067897064
2024-03-03,48875250802,Ethereum,-193386504.0,-0.39411427465166904,6554443216.0,15.487519236679814
2024-03-04,49871484098,Ethereum,996233296.0,2.0383185347444543,6288964547.0,14.430016005937185
2024-03-05,51718474482,Ethereum,1846990384.0,3.703499940708732,6909138286.0,15.418970403352583
2024-03-06,50616290907,Ethereum,-1102183575.0,-2.13112158863773,4696215854.0,10.2269341863656
2024-03-07,54160367249,Ethereum,3544076342.0,7.001849164553997,6321896904.0,13.215089985963058
2024-03-08,54383764669,Ethereum,223397420.0,0.4124739756156792,6838065694.0,14.382091001744502
2024-03-09,55090305911,Ethereum,706541242.0,1.29917677876894,6021668605.0,12.271929557464368
2024-03-10,55445219228,Ethereum,354913317.0,0.6442391472165188,6569968426.0,13.442321662175804
2024-03-11,55142896948,Ethereum,-302322280.0,-0.5452630257566482,5271412850.0,10.569993946122413
2024-03-12,57677257699,Ethereum,2534360751.0,4.595987681586466,5958783217.0,11.521575755437041
2024-03-13,56248116466,Ethereum,-1429141233.0,-2.477824518735361,5631825559.0,11.12650780624691
2024-03-14,56468162068,Ethereum,220045602.0,0.39120528086129536,2307794819.0,4.261039827130442
2024-03-15,54953025098,Ethereum,-1515136970.0,-2.6831703291058884,569260429.0,1.046747007061266
2024-03-16,53233320858,Ethereum,-1719704240.0,-3.1294077749735916,-1856985053.0,-3.370801853959593
2024-03-17,50571846323,Ethereum,-2661474535.0,-4.9996402480684825,-4873372905.0,-8.789527704742007
2024-03-18,52122867571,Ethereum,1551021248.0,3.066965833309121,-3020029377.0,-5.476733258769306
2024-03-19,50406443763,Ethereum,-1716423808.0,-3.2930341095718574,-7270813936.0,-12.606032647987808
2024-03-20,46235395891,Ethereum,-4171047872.0,-8.274830677623978,-10012720575.0,-17.80098820029349
2024-03-21,51244844964,Ethereum,5009449073.0,10.834662440892217,-5223317104.0,-9.250021450512214
2024-03-22,50595824023,Ethereum,-649020941.0,-1.2665097171353445,-4357201075.0,-7.9289558076732325
2024-03-23,48656638665,Ethereum,-1939185358.0,-3.832698439931481,-4576682193.0,-8.597401250258851
2024-03-24,49341536540,Ethereum,684897875.0,1.4076144464386653,-1230309783.0,-2.4327958586721765
2024-03-25,50713244142,Ethereum,1371707602.0,2.780026116308698,-1409623429.0,-2.704424170600095
2024-03-26,52901158819,Ethereum,2187914677.0,4.31428656165973,2494715056.0,4.94919869318613
2024-03-27,53141443621,Ethereum,240284802.0,0.4542146284963744,6906047730.0,14.936711575436746
2024-03-28,52161395040,Ethereum,-980048581.0,-1.844226491078449,916550076.0,1.7885702974492101
2024-03-29,53205271709,Ethereum,1043876669.0,2.001243770799266,2609447686.0,5.157436876240595
2024-03-30,52608904464,Ethereum,-596367245.0,-1.1208799914823486,3952265799.0,8.122767843071266
2024-03-31,52715028056,Ethereum,106123592.0,0.20172172958403678,3373491516.0,6.83702161010975
2024-04-01,54528007015,Ethereum,1812978959.0,3.4392070456152446,3814762873.0,7.522222128638512
2024-04-02,52873758477,Ethereum,-1654248538.0,-3.0337593991743295,-27400342.0,-0.051795353091887986
2024-04-03,49971162061,Ethereum,-2902596416.0,-5.48967294856223,-3170281560.0,-5.965742260617091
2024-04-04,50594726057,Ethereum,623563996.0,1.2478476991165666,-1566668983.0,-3.003502843048189
2024-04-05,50970380500,Ethereum,375654443.0,0.7424774720131699,-2234891209.0,-4.200507087386896
2024-04-06,51260181361,Ethereum,289800861.0,0.5685671916849877,-1348723103.0,-2.563678367267508
2024-04-07,51706516131,Ethereum,446334770.0,0.8707241335271343,-1008511925.0,-1.9131393118649975
2024-04-08,52722689451,Ethereum,1016173320.0,1.9652712966108377,-1805317564.0,-3.3108079000638724
2024-04-09,56135335138,Ethereum,3412645687.0,6.472821706433773,3261576661.0,6.168611339439356
2024-04-10,53770697406,Ethereum,-2364637732.0,-4.212387306830722,3799535345.0,7.603456050035207
2024-04-11,54387309616,Ethereum,616612210.0,1.146743932562777,3792583559.0,7.4960057195037955
2024-04-12,55345028901,Ethereum,957719285.0,1.7609241783826945,4374648401.0,8.582726591574108
2024-04-13,50464730139,Ethereum,-4880298762.0,-8.817953227072618,-795451222.0,-1.5517916653435826
2024-04-14,46681064554,Ethereum,-3783665585.0,-7.4976435514036766,-5025451577.0,-9.719184259616076
2024-04-15,49552931535,Ethereum,2871866981.0,6.152102589001296,-3169757916.0,-6.012132440523443
2024-04-16,48970629526,Ethereum,-582302009.0,-1.1751111204968967,-7164705612.0,-12.763272178542595
2024-04-17,49410337112,Ethereum,439707586.0,0.8979006197307404,-4360360294.0,-8.109175637200217
2024-04-18,48031845903,Ethereum,-1378491209.0,-2.789884241986307,-6355463713.0,-11.685563705711067
2024-04-19,49249637524,Ethereum,1217791621.0,2.535383760722665,-6095391377.0,-11.01343968561893
2024-04-20,49455503840,Ethereum,205866316.0,0.41800574856958317,-1009226299.0,-1.9998646504602036
2024-04-21,50792230521,Ethereum,1336726681.0,2.702887600386439,4111165967.0,8.806924191380139
2024-04-22,50953363726,Ethereum,161133205.0,0.31723986788370073,1400432191.0,2.826133888790916
2024-04-23,51523255290,Ethereum,569891564.0,1.1184571975749735,2552625764.0,5.212564732590863
2024-04-24,52015253553,Ethereum,491998263.0,0.9549052369280053,2604916441.0,5.272007019695812
2024-04-25,50776847190,Ethereum,-1238406363.0,-2.3808523046766394,2745001287.0,5.714961054262857
2024-04-26,51174453012,Ethereum,397605822.0,0.7830455099195444,1924815488.0,3.9082835626191414
2024-04-27,50933012399,Ethereum,-241440613.0,-0.4717991083234119,1477508559.0,2.9875513224576267
2024-04-28,52769800176,Ethereum,1836787777.0,3.6062814478965866,1977569655.0,3.8934491254176695
2024-04-29,52572634696,Ethereum,-197165480.0,-0.3736331753055877,1619270970.0,3.177947149294358
2024-04-30,51541837183,Ethereum,-1030797513.0,-1.9607111550725254,18581893.0,0.03606506012752142
2024-05-01,48299070880,Ethereum,-3242766303.0,-6.291522538256666,-3716182673.0,-7.144409416775144
2024-05-02,48373289643,Ethereum,74218763.0,0.1536649911639154,-2403557547.0,-4.7335698847276175
2024-05-03,48884003238,Ethereum,510713595.0,1.0557760259207516,-2290449774.0,-4.475767964657884
2024-05-04,50855926136,Ethereum,1971922898.0,4.033881776006276,-77086263.0,-0.1513483286559203
2024-05-05,51130681229,Ethereum,274755093.0,0.5402617037496116,-1639118947.0,-3.1061685690170204
2024-05-06,51741203835,Ethereum,610522606.0,1.1940435592196375,-831430861.0,-1.5814898108259756
2024-05-07,50405635647,Ethereum,-1335568188.0,-2.5812468381274156,-1136201536.0,-2.204425759923734
2024-05-08,49597675732,Ethereum,-807959915.0,-1.6029158339720073,1298604852.0,2.6886746025123642
2024-05-09,48686005178,Ethereum,-911670554.0,-1.838131607066007,312715535.0,0.6464632389235225
2024-05-10,49515215164,Ethereum,829209986.0,1.703179348908046,631211926.0,1.2912443420945774
2024-05-11,48069843630,Ethereum,-1445371534.0,-2.919045245411467,-2786082506.0,-5.478383184979075
2024-05-12,48246984651,Ethereum,177141021.0,0.36850758734203737,-2883696578.0,-5.639855579245523
2024-05-13,48567893950,Ethereum,320909299.0,0.665138560101397,-3173309885.0,-6.1330422367433135
2024-05-14,48516219485,Ethereum,-51674465.0,-0.10639634704605605,-1889416162.0,-3.748422448695876
2024-05-15,47778492841,Ethereum,-737726644.0,-1.5205773488350394,-1819182891.0,-3.667879319244549
2024-05-16,49756196929,Ethereum,1977704088.0,4.139318698439309,1070191751.0,2.198150674074184
2024-05-17,49077303501,Ethereum,-678893428.0,-1.3644399489951997,-437911663.0,-0.8843981825577996
2024-05-18,50969569847,Ethereum,1892266346.0,3.8556852373958117,2899726217.0,6.032318805360748
2024-05-19,51351535615,Ethereum,381965768.0,0.7493996303021166,3104550964.0,6.434704648294853
2024-05-20,50778738831,Ethereum,-572796784.0,-1.1154423663090718,2210844881.0,4.552070722432466
2024-05-21,58129964055,Ethereum,7351225224.0,14.476974799366493,9613744570.0,19.815526997053688
2024-05-22,59549407508,Ethereum,1419443453.0,2.4418447113729203,11770914667.0,24.636429420601267
2024-05-23,59880580591,Ethereum,331173083.0,0.5561316171878161,10124383662.0,20.347985350341524
2024-05-24,59614919134,Ethereum,-265661457.0,-0.4436521062054055,10537615633.0,21.471464162217636
2024-05-25,59515998381,Ethereum,-98920753.0,-0.16593288129377326,8546428534.0,16.767707790461237
2024-05-26,59941697363,Ethereum,425698982.0,0.7152681523963089,8590161748.0,16.728149694301987
2024-05-27,61393239027,Ethereum,1451541664.0,2.421589190592366,10614500196.0,20.903434075680384
2024-05-28,61480104765,Ethereum,86865738.0,0.14149072337068525,3350140710.0,5.763190747598346
2024-05-29,60756430624,Ethereum,-723674141.0,-1.1770867075880154,1207023116.0,2.026927162688974
2024-05-30,59760821890,Ethereum,-995608734.0,-1.6386886520070143,-119758701.0,-0.19999589151946662
2024-05-31,59749092246,Ethereum,-11729644.0,-0.019627648397457786,134173112.0,0.22506633230250372
2024-06-01,60700547901,Ethereum,951455655.0,1.5924185945497715,1184549520.0,1.9903043756687833
2024-06-02,61308000156,Ethereum,607452255.0,1.0007360328785353,1366302793.0,2.2793862254614217
2024-06-03,61145349270,Ethereum,-162650886.0,-0.2653012422296097,-247889757.0,-0.40377370689137493
2024-06-04,60753503065,Ethereum,-391846205.0,-0.6408438412375705,-726601700.0,-1.1818485065654083
2024-06-05,61458188016,Ethereum,704684951.0,1.1599083434679747,701757392.0,1.155033935984373
2024-06-06,62364731288,Ethereum,906543272.0,1.4750569472760766,2603909398.0,4.357218183499789
2024-06-07,61733085688,Ethereum,-631645600.0,-1.0128250165675645,1983993442.0,3.3205415637638014
2024-06-08,60210928860,Ethereum,-1522156828.0,-2.4657066968805097,-489619041.0,-0.806613874060158
2024-06-09,59892232003,Ethereum,-318696857.0,-0.5293006818430257,-1415768153.0,-2.3092714644051937
2024-06-10,60154066505,Ethereum,261834502.0,0.4371760631443511,-991282765.0,-1.621190780385906
2024-06-11,59069501462,Ethereum,-1084565043.0,-1.8029787610615688,-1684001603.0,-2.7718592641452933
2024-06-12,57709955805,Ethereum,-1359545657.0,-2.301603405057695,-3748232211.0,-6.0988329334151326
2024-06-13,58305767082,Ethereum,595811277.0,1.0324237277415715,-4058964206.0,-6.5084289183508615
2024-06-14,57546044869,Ethereum,-759722213.0,-1.3029966862995623,-4187040819.0,-6.782490737886282
2024-06-15,57539472347,Ethereum,-6572522.0,-0.011421327069416343,-2671456513.0,-4.436829930346297
2024-06-16,58504471387,Ethereum,964999040.0,1.6771079063437222,-1387760616.0,-2.3170961735580087
2024-06-17,58854798921,Ethereum,350327534.0,0.5988047164508625,-1299267584.0,-2.1598998363510535
2024-06-18,57481732254,Ethereum,-1373066667.0,-2.332973168157537,-1587769208.0,-2.687967849231687
2024-06-19,57155011915,Ethereum,-326720339.0,-0.5683898626372086,-554943890.0,-0.9616085860040147
2024-06-20,57968351064,Ethereum,813339149.0,1.423040817854404,-337416018.0,-0.5787009328347636
2024-06-21,56826270673,Ethereum,-1142080391.0,-1.9701791926754697,-719774196.0,-1.250779610724806
2024-06-22,57005342141,Ethereum,179071468.0,0.3151209218539952,-534130206.0,-0.9282848524902243
2024-06-23,57047553874,Ethereum,42211733.0,0.07404873195144823,-1456917513.0,-2.4902669462008586
2024-06-24,55613622915,Ethereum,-1433930959.0,-2.513571330625497,-3241176006.0,-5.507071751872916
2024-06-25,54850626385,Ethereum,-762996530.0,-1.3719597645457604,-2631105869.0,-4.577290498786091
2024-06-26,55873734136,Ethereum,1023107751.0,1.8652617452693088,-1281277779.0,-2.2417592719698787
2024-06-27,55551145952,Ethereum,-322588184.0,-0.5773521118434655,-2417205112.0,-4.16987039933443
2024-06-28,55930686420,Ethereum,379540468.0,0.6832270720894762,-895584253.0,-1.5760039193026265
2024-06-29,54785169162,Ethereum,-1145517258.0,-2.048101554481152,-2220172979.0,-3.894675298165051
2024-06-30,54851765478,Ethereum,66596316.0,0.12155902230233107,-2195788396.0,-3.8490491649296743
2024-07-01,55958307062,Ethereum,1106541584.0,2.0173308449731087,344684147.0,0.6197836589909134
2024-07-02,55896921401,Ethereum,-61385661.0,-0.10969892447244556,1046295016.0,1.9075352187520878
2024-07-03,55091842781,Ethereum,-805078620.0,-1.4402915220042778,-781891355.0,-1.3993898333281796
2024-07-04,53678184167,Ethereum,-1413658614.0,-2.566003500045455,-1872961785.0,-3.3715988264551133
2024-07-05,50609687512,Ethereum,-3068496655.0,-5.71646880873149,-5320998908.0,-9.513559100710921
2024-07-06,50016620099,Ethereum,-593067413.0,-1.1718456330309879,-4768549063.0,-8.704087503863278
2024-07-07,50165553446,Ethereum,148933347.0,0.2977677154218039,-4686212032.0,-8.543411485778973
2024-07-08,48522725681,Ethereum,-1642827765.0,-3.274812400442062,-7435581381.0,-13.287716822386376
2024-07-09,50161507125,Ethereum,1638781444.0,3.377348285777959,-5735414276.0,-10.260697963765486
2024-07-10,50666181500,Ethereum,504674375.0,1.0060989071607684,-4425661281.0,-8.033242414113461
2024-07-11,51148888945,Ethereum,482707445.0,0.9527211854321482,-2529295222.0,-4.711961220839777
2024-07-12,51342112707,Ethereum,193223762.0,0.3777672711674507,732425195.0,1.4472035513484194
2024-07-13,51527975653,Ethereum,185862946.0,0.3620087608406042,1511355554.0,3.021706686714354
2024-07-14,52270778593,Ethereum,742802940.0,1.4415527305054354,2105225147.0,4.196555210471553
2024-07-15,53802841357,Ethereum,1532062764.0,2.9310119444158733,5280115676.0,10.881737581505103
2024-07-16,55370284180,Ethereum,1567442823.0,2.9133086347605586,5208777055.0,10.384012270644071
2024-07-17,55863828506,Ethereum,493544326.0,0.8913523441482996,5197647006.0,10.258612060591155
2024-07-18,55224099726,Ethereum,-639728780.0,-1.1451574249539465,4075210781.0,7.96734956527021
2024-07-19,54933311032,Ethereum,-290788694.0,-0.5265612213558479,3591198325.0,6.994644621452006
2024-07-20,56286200459,Ethereum,1352889427.0,2.462785150911273,4758224806.0,9.234255267551884
2024-07-21,56639045845,Ethereum,352845386.0,0.6268772507695308,4368267252.0,8.356996718975584
2024-07-22,56636278700,Ethereum,-2767145.0,-0.004885578418067915,2833437343.0,5.266334029088138
2024-07-23,56193557022,Ethereum,-442721678.0,-0.7816927385802974,823272842.0,1.4868495876301902
2024-07-24,56484570403,Ethereum,291013381.0,0.5178767752432423,620741897.0,1.111169630870057
2024-07-25,53872611860,Ethereum,-2611958543.0,-4.62419829763151,-1351487866.0,-2.4472791276010764
2024-07-26,52842038031,Ethereum,-1030573829.0,-1.9129828560719764,-2091273001.0,-3.8069305521776786
2024-07-27,54195604305,Ethereum,1353566274.0,2.5615330604885633,-2090596154.0,-3.714225044418895
2024-07-28,54219905416,Ethereum,24301111.0,0.044839634711402176,-2419140429.0,-4.2711532175529365
2024-07-29,54710905121,Ethereum,490999705.0,0.9055709360479725,-1925373579.0,-3.3995411125060326
2024-07-30,55391120926,Ethereum,680215805.0,1.2432910833692468,-802436096.0,-1.427985944520016
2024-07-31,54742438475,Ethereum,-648682451.0,-1.1710946450544157,-1742131928.0,-3.0842616232546805
2024-08-01,53656536709,Ethereum,-1085901766.0,-1.9836561838506905,-216075151.0,-0.40108534474162516
2024-08-02,53063001368,Ethereum,-593535341.0,-1.1061752722114182,220963337.0,0.41815824149395997
2024-08-03,50396510855,Ethereum,-2666490513.0,-5.025140765233916,-3799093450.0,-7.009966027170034
2024-08-04,49075867057,Ethereum,-1320643798.0,-2.62050641124687,-5144038359.0,-9.487361365779922
2024-08-05,44265555986,Ethereum,-4810311071.0,-9.801785193958946,-10445349135.0,-19.09189605234789
2024-08-06,42772547698,Ethereum,-1493008288.0,-3.3728443136966324,-12618573228.0,-22.780859128772345
2024-08-07,43895288528,Ethereum,1122740830.0,2.624909878942039,-10847149947.0,-19.814882656266253
2024-08-08,42256643602,Ethereum,-1638644926.0,-3.7330770133900293,-11399893107.0,-21.246047184942253
2024-08-09,45904376623,Ethereum,3647733021.0,8.632330232747965,-7158624745.0,-13.490802556293124
2024-08-10,45779801547,Ethereum,-124575076.0,-0.27137951795555004,-4616709308.0,-9.160771707555549
2024-08-11,45920840859,Ethereum,141039312.0,0.30808196460878623,-3155026198.0,-6.428875101351839
2024-08-12,44668893032,Ethereum,-1251947827.0,-2.7263172964190896,403337046.0,0.9111758273804726
2024-08-13,45897299056,Ethereum,1228406024.0,2.750025668019118,3124751358.0,7.305506747137502
2024-08-14,46813499202,Ethereum,916200146.0,1.9961962138167033,2918210674.0,6.648118219199151
2024-08-15,45543174373,Ethereum,-1270324829.0,-2.7135865736473863,3286530771.0,7.7775480749362025
2024-08-16,45152464391,Ethereum,-390709982.0,-0.8578892169440633,-751912232.0,-1.6379968258261046
2024-08-17,45637394172,Ethereum,484929781.0,1.0739829764345288,-142407375.0,-0.311070319633866
2024-08-18,45723652761,Ethereum,86258589.0,0.18900857633306067,-197188098.0,-0.4294087266508595
2024-08-19,46155222441,Ethereum,431569680.0,0.9438652730914487,1486329409.0,3.327437301692737
2024-08-20,45916104993,Ethereum,-239117448.0,-0.5180723553129041,18805937.0,0.04097395138014104
2024-08-21,45454623328,Ethereum,-461481665.0,-1.00505403293758,-1358875874.0,-2.9027436469477697
2024-08-22,46412195227,Ethereum,957571899.0,2.106654568645694,869020854.0,1.9081253469130033
2024-08-23,46114337009,Ethereum,-297858218.0,-0.6417671401733771,961872618.0,2.1302771199166903
2024-08-24,48497030907,Ethereum,2382693898.0,5.166926497360191,2859636735.0,6.265994776613426
2024-08-25,48102645271,Ethereum,-394385636.0,-0.8132160435889157,2378992510.0,5.202980003446189
2024-08-26,48302077648,Ethereum,199432377.0,0.4145975255132939,2146855207.0,4.651380913057701
2024-08-27,47014891417,Ethereum,-1287186231.0,-2.6648672141607044,1098786424.0,2.3930305590326384
2024-08-28,43575994255,Ethereum,-3438897162.0,-7.314484960729994,-1878629073.0,-4.132976879917882
2024-08-29,44447796182,Ethereum,871801927.0,2.000647241456721,-1964399045.0,-4.232506209611964
2024-08-30,44505182826,Ethereum,57386644.0,0.12911021227017816,-1609154183.0,-3.489487841245442
2024-08-31,44543147615,Ethereum,37964789.0,0.08530419737500239,-3953883292.0,-8.152835788199365
2024-09-01,44414313581,Ethereum,-128834034.0,-0.2892342389306468,-3688331690.0,-7.667627568547908
2024-09-02,43268474604,Ethereum,-1145838977.0,-2.579886718074098,-5033603044.0,-10.421090125112709
2024-09-03,44937893769,Ethereum,1669419165.0,3.8582806079455967,-2076997648.0,-4.4177442197579575
2024-09-04,43540211177,Ethereum,-1397682592.0,-3.1102538965993576,-35783078.0,-0.0821164923756057
2024-09-05,44016413298,Ethereum,476202121.0,1.0937065028558068,-431382884.0,-0.9705382967326925
2024-09-06,43173283529,Ethereum,-843129769.0,-1.915489486369193,-1331899297.0,-2.992683576219135
2024-09-07,40900163893,Ethereum,-2273119636.0,-5.265107145425063,-3642983722.0,-8.178550275538266
2024-09-08,41607970210,Ethereum,707806317.0,1.7305708574951284,-2806343371.0,-6.318556214725623
2024-09-09,42100394728,Ethereum,492424518.0,1.1834860376862322,-1168079876.0,-2.6996095579759904
2024-09-10,43194910699,Ethereum,1094515971.0,2.5997760307745033,-1742983070.0,-3.8786487834959082
2024-09-11,43621578071,Ethereum,426667372.0,0.9877723210801159,81366894.0,0.18687758235536034
2024-09-12,43096503003,Ethereum,-525075068.0,-1.203704889230206,-919910295.0,-2.0899256120030074
2024-09-13,43401578824,Ethereum,305075821.0,0.7078899672643191,228295295.0,0.5287883532107296
2024-09-14,45054093929,Ethereum,1652515105.0,3.80749997989982,4153930036.0,10.156267458651769
2024-09-15,44605751702,Ethereum,-448342227.0,-0.9951198390684257,2997781492.0,7.204825125738812
2024-09-16,43535436914,Ethereum,-1070314788.0,-2.399499497621982,1435042186.0,3.4086193140739907
2024-09-17,42662069461,Ethereum,-873367453.0,-2.006107012834746,-532841238.0,-1.2335741164348213
2024-09-18,43550741237,Ethereum,888671776.0,2.0830489172879663,-70836834.0,-0.16238943461582833
2024-09-19,43527205568,Ethereum,-23535669.0,-0.05404194815403773,430702565.0,0.999390982999282
2024-09-20,45337600461,Ethereum,1810394893.0,4.159226096358815,1936021637.0,4.460717074028264
2024-09-21,46718294177,Ethereum,1380693716.0,3.045361249737266,1664200248.0,3.6937825242309597
2024-09-22,47025231640,Ethereum,306937463.0,0.6569962975041754,2419479938.0,5.424143402321624
2024-09-23,46648122280,Ethereum,-377109360.0,-0.801929829685788,3112685366.0,7.149774038443235
2024-09-24,48165305969,Ethereum,1517183689.0,3.252400342919004,5503236508.0,12.899600458976423
2024-09-25,48382002558,Ethereum,216696589.0,0.4499018217375639,4831261321.0,11.093407790027321
2024-09-26,47276536385,Ethereum,-1105466173.0,-2.2848706431172983,3749330817.0,8.613764123089961
2024-09-27,48287205231,Ethereum,1010668846.0,2.1377810712898793,2949604770.0,6.505868727078501
2024-09-28,49106887206,Ethereum,819681975.0,1.6975138053211936,2388593029.0,5.112757370700272
2024-09-29,48716803410,Ethereum,-390083796.0,-0.7943565927191143,1691571770.0,3.5971577619218653
2024-09-30,48523120084,Ethereum,-193683326.0,-0.39756985771410847,1874997804.0,4.019449684910237
2024-10-01,47543903377,Ethereum,-979216707.0,-2.0180415136224705,-621402592.0,-1.2901456338716977
2024-10-02,45612676498,Ethereum,-1931226879.0,-4.061986378540084,-2769326060.0,-5.723876469726841
2024-10-03,44247417782,Ethereum,-1365258716.0,-2.993156334642766,-3029118603.0,-6.407234612815427
2024-10-04,43729226419,Ethereum,-518191363.0,-1.1711222687684208,-4557978812.0,-9.439309627043425
2024-10-05,44842434813,Ethereum,1113208394.0,2.54568508332067,-4264452393.0,-8.68402099100869
2024-10-06,44575493164,Ethereum,-266941649.0,-0.5952880349008427,-4141310246.0,-8.50078403368707
2024-10-07,44728119919,Ethereum,152626755.0,0.3424005976523148,-3795000165.0,-7.821014309117691
2024-10-08,44851761081,Ethereum,123641162.0,0.2764282563718412,-2692142296.0,-5.662434307618003
2024-10-09,44276650717,Ethereum,-575110364.0,-1.282247006893178,-1336025781.0,-2.9290668375020257
2024-10-10,43555932701,Ethereum,-720718016.0,-1.6277609176144847,-691485081.0,-1.5627693448843405
2024-10-11,43419399529,Ethereum,-136533172.0,-0.3134663030574192,-309826890.0,-0.7085121676549511
2024-10-12,44878254667,Ethereum,1458855138.0,3.3599155074119036,35819854.0,0.0798793690605315
2024-10-13,45569508816,Ethereum,691254149.0,1.540287504781901,994015652.0,2.2299599655417612
2024-10-14,45254831058,Ethereum,-314677758.0,-0.6905445465093862,526711139.0,1.177583900136736
2024-10-15,47734866965,Ethereum,2480035907.0,5.480157253976947,2883105884.0,6.428077325198567
2024-10-16,47025888109,Ethereum,-708978856.0,-1.4852431798329624,2749237392.0,6.209226189153538
2024-10-17,46955745676,Ethereum,-70142433.0,-0.14915706182394572,3399812975.0,7.805625466314359
2024-10-18,46221946999,Ethereum,-733798677.0,-1.5627452326351987,2802547470.0,6.454597484997837
2024-10-19,46753102069,Ethereum,531155070.0,1.1491404072863753,1874847402.0,4.177629936617433
2024-10-20,46852008646,Ethereum,98906577.0,0.21155083325601343,1282499830.0,2.8143815093080393
2024-10-21,48217599910,Ethereum,1365591264.0,2.914690967292355,2962768852.0,6.546856507325871
2024-10-22,47201411819,Ethereum,-1016188091.0,-2.1075045064390507,-533455146.0,-1.1175377243454743
2024-10-23,47316901622,Ethereum,115489803.0,0.24467446745630728,291013513.0,0.6188368252088461
2024-10-24,45465776007,Ethereum,-1851125615.0,-3.912186875184831,-1489969669.0,-3.173135997628407
2024-10-25,45990665364,Ethereum,524889357.0,1.1544713476773882,-231281635.0,-0.5003719012637076
2024-10-26,45037241540,Ethereum,-953423824.0,-2.073081170828872,-1715860529.0,-3.670046377816105
2024-10-27,45314740723,Ethereum,277499183.0,0.6161549275915057,-1537267923.0,-3.281114230587512
2024-10-28,45862388291,Ethereum,547647568.0,1.2085417664588594,-2355211619.0,-4.884547599623568
2024-10-29,46719141247,Ethereum,856752956.0,1.868094942120857,-482270572.0,-1.0217291250722127
2024-10-30,47745167124,Ethereum,1026025877.0,2.1961573984750515,428265502.0,0.9051004764032866
2024-10-31,48299182501,Ethereum,554015377.0,1.1603590695601795,2833406494.0,6.231954544367091
2024-11-01,46175686946,Ethereum,-2123495555.0,-4.396545541854735,185021582.0,0.4023024684153276
2024-11-02,46226485586,Ethereum,50798640.0,0.11001166059403378,1189244046.0,2.6405792302882647
2024-11-03,46013218168,Ethereum,-213267418.0,-0.46135330275808295,698477445.0,1.5413912423545728
2024-11-04,45765595295,Ethereum,-247622873.0,-0.5381559535694636,-96792996.0,-0.21105092780132617
2024-11-05,44622493054,Ethereum,-1143102241.0,-2.497732704298261,-2096648193.0,-4.487771258284057
2024-11-06,45499004608,Ethereum,876511554.0,1.9642818991294053,-2246162516.0,-4.704481419378936
2024-11-07,50088582994,Ethereum,4589578386.0,10.087206138995452,1789400493.0,3.7048256312887995
2024-11-08,52411295862,Ethereum,2322712868.0,4.637210176774675,6235608916.0,13.504095614846424
2024-11-09,53375073669,Ethereum,963777807.0,1.838874218141151,7148588083.0,15.464269005915954
2024-11-10,55567152990,Ethereum,2192079321.0,4.106934511405003,9553934822.0,20.76345711599088
2024-11-11,56706949322,Ethereum,1139796332.0,2.051205200678763,10941354027.0,23.907378362442856
2024-11-12,59080555961,Ethereum,2373606639.0,4.185742078139154,14458062907.0,32.40084073631553
2024-11-13,58447931008,Ethereum,-632624953.0,-1.0707836829050965,12948926400.0,28.459801508983375
2024-11-14,57566782431,Ethereum,-881148577.0,-1.507578731708048,7478199437.0,14.929948083969148
2024-11-15,55698230696,Ethereum,-1868551735.0,-3.2458853110987396,3286934834.0,6.271424470508347
2024-11-16,56370427306,Ethereum,672196610.0,1.2068545115352824,2995353637.0,5.611896023929397
2024-11-17,56719853690,Ethereum,349426384.0,0.6198753507813182,1152700700.0,2.074428215185775
2024-11-18,56227086409,Ethereum,-492767281.0,-0.8687738929885058,-479862913.0,-0.846215355855573
2024-11-19,57842842582,Ethereum,1615756173.0,2.873625998058782,-1237713379.0,-2.0949589232319266
2024-11-20,56911769202,Ethereum,-931073380.0,-1.609660484233777,-1536161806.0,-2.62825694512564
2024-11-21,56641668845,Ethereum,-270100357.0,-0.47459490503856117,-925113586.0,-1.607026738221562
2024-11-22,61377963127,Ethereum,4736294282.0,8.361855112286465,5679732431.0,10.19733007678445
2024-11-23,61294536817,Ethereum,-83426310.0,-0.1359222524660475,4924109511.0,8.735270861563759
2024-11-24,62445949781,Ethereum,1151412964.0,1.878491989323039,5726096091.0,10.095399967524132
2024-11-25,62000582069,Ethereum,-445367712.0,-0.7132051214881363,5773495660.0,10.268175053573225
2024-11-26,61955690405,Ethereum,-44891664.0,-0.07240522992193466,4112847823.0,7.110383306576762
2024-11-27,60954820509,Ethereum,-1000869896.0,-1.615460806678748,4043051307.0,7.1040689187675365
2024-11-28,66966425656,Ethereum,6011605147.0,9.862394962039778,10324756811.0,18.228200230564727
2024-11-29,65970933477,Ethereum,-995492179.0,-1.4865541489607725,4592970350.0,7.483093468736435
2024-11-30,66798918235,Ethereum,827984758.0,1.2550750980182324,5504381418.0,8.980215372919442
2024-12-01,68594200525,Ethereum,1795282290.0,2.687591861419314,6148250744.0,9.845715799923171
2024-12-02,68890734133,Ethereum,296533608.0,0.4323012816395799,6890152064.0,11.113044158733864
2024-12-03,67687609202,Ethereum,-1203124931.0,-1.7464248946414962,5731918797.0,9.251642197078013
2024-12-04,68238079520,Ethereum,550470318.0,0.8132512353290933,7283259011.0,11.948618583701066
2024-12-05,71886280978,Ethereum,3648201458.0,5.34628389846572,4919855322.0,7.3467491714024336
2024-12-06,70920634399,Ethereum,-965646579.0,-1.3432974496142447,4949700922.0,7.502851121131493
2024-12-07,74876709882,Ethereum,3956075483.0,5.578172722966768,8077791647.0,12.09269829577504
2024-12-08,74993266561,Ethereum,116556679.0,0.15566479775044328,6399066036.0,9.328873267744807
2024-12-09,75133244234,Ethereum,139977673.0,0.18665365494665576,6242510101.0,9.061465492512033
2024-12-10,69976296724,Ethereum,-5156947510.0,-6.863735970110463,2288687522.0,3.381250348449849
2024-12-11,69343306226,Ethereum,-632990498.0,-0.9045784467512474,1105226706.0,1.6196626777517542
2024-12-12,72937732045,Ethereum,3594425819.0,5.18352241135609,1051451067.0,1.4626588727295387
2024-12-13,73411487811,Ethereum,473755766.0,0.6495345450386436,2490853412.0,3.51217023523287
2024-12-14,74155121129,Ethereum,743633318.0,1.0129658724728596,-721588753.0,-0.963702537327249
2024-12-15,73875604774,Ethereum,-279516355.0,-0.37693466175283685,-1117661787.0,-1.4903495183676063
2024-12-16,74864684425,Ethereum,989079651.0,1.3388447431676331,-268559809.0,-0.35744471270744427
2024-12-17,75864623178,Ethereum,999938753.0,1.3356614813514023,5888326454.0,8.414744320101274
2024-12-18,74004332774,Ethereum,-1860290404.0,-2.452118426312133,4661026548.0,6.7216676009203224
2024-12-19,69999138986,Ethereum,-4005193788.0,-5.412107153551893,-2938593059.0,-4.0289065434431
2024-12-20,66518986458,Ethereum,-3480152528.0,-4.97170762156951,-6892501353.0,-9.38885937136289
2024-12-21,66922945366,Ethereum,403958908.0,0.6072836185726516,-7232175763.0,-9.752766434591798
2024-12-22,64814014482,Ethereum,-2108930884.0,-3.151282228339336,-9061590292.0,-12.266011655297016
2024-12-23,64319687831,Ethereum,-494326651.0,-0.7626848220260829,-10544996594.0,-14.085408460599414
2024-12-24,66644752382,Ethereum,2325064551.0,3.614856709362635,-9219870796.0,-12.153056866001377
2024-12-25,68303658092,Ethereum,1658905710.0,2.4891767929323905,-5700674682.0,-7.7031634072144755
2024-12-26,68368068633,Ethereum,64410541.0,0.09430028024741688,-1631070353.0,-2.3301291653404776
2024-12-27,65856363874,Ethereum,-2511704759.0,-3.6737980306023266,-662622584.0,-0.9961405296191272
2024-12-28,65619559226,Ethereum,-236804648.0,-0.3595774714393096,-1303386140.0,-1.9475923136254902
2024-12-29,67000979154,Ethereum,1381419928.0,2.1051953781680455,2186964672.0,3.3742157301602793
2024-12-30,66313255978,Ethereum,-687723176.0,-1.0264375008897764,1993568147.0,3.0994680077398806
2024-12-31,65664128388,Ethereum,-649127590.0,-0.9788805879406004,-980623994.0,-1.4714196676419156
2025-01-01,65280073194,Ethereum,-384055194.0,-0.5848782332580016,-3023584898.0,-4.426680770051073
2025-01-02,66149542447,Ethereum,869469253.0,1.3319060633037338,-2218526186.0,-3.2449741968126333
2025-01-03,67583749383,Ethereum,1434206936.0,2.168128278663617,1727385509.0,2.622959130122826
2025-01-04,70220419238,Ethereum,2636669855.0,3.9013370508017786,4600860012.0,7.011415599660165
2025-01-05,71089644961,Ethereum,869225723.0,1.2378532233678463,4088665807.0,6.102397097216006
2025-01-06,71073600689,Ethereum,-16044272.0,-0.022569070374178768,4760344711.0,7.178571826693725
2025-01-07,71747808466,Ethereum,674207777.0,0.9486050663876755,6083680078.0,9.264845551672284
2025-01-08,66575234839,Ethereum,-5172573627.0,-7.209382053043734,1295161645.0,1.9840076483232938
2025-01-09,65685390004,Ethereum,-889844835.0,-1.3366003697199536,-464152443.0,-0.7016714338906938
2025-01-10,64101791654,Ethereum,-1583598350.0,-2.4108836834242253,-3481957729.0,-5.152063566742349
2025-01-11,65216390085,Ethereum,1114598431.0,1.7387945051773768,-5004029153.0,-7.126173849859407
2025-01-12,65777292637,Ethereum,560902552.0,0.8600637834583313,-5312352324.0,-7.472751238122477
2025-01-13,65234131345,Ethereum,-543161292.0,-0.8257580545272702,-5839469344.0,-8.216087671640604
2025-01-14,63689918453,Ethereum,-1544212892.0,-2.3671854904194434,-8057890013.0,-11.23085176436921
2025-01-15,65706446574,Ethereum,2016528121.0,3.166165336650728,-868788265.0,-1.3049721373135315
2025-01-16,69228072764,Ethereum,3521626190.0,5.359635733814749,3542682760.0,5.393410558701506
2025-01-17,67089197808,Ethereum,-2138874956.0,-3.089606384524779,2987406154.0,4.660409759098494
2025-01-18,69656752435,Ethereum,2567554627.0,3.8270760582769014,4440362350.0,6.808660130087918
2025-01-19,66842417115,Ethereum,-2814335320.0,-4.0402907422739665,1065124478.0,1.6192890210273925
2025-01-20,65366176771,Ethereum,-1476240344.0,-2.208538242206559,132045426.0,0.2024176964994906
2025-01-21,66142937958,Ethereum,776761187.0,1.188322807560338,2453019505.0,3.8515036046249618
2025-01-22,67190616892,Ethereum,1047678934.0,1.5839618957737667,1484170318.0,2.258789502988101
2025-01-23,65970915110,Ethereum,-1219701782.0,-1.8152858813017092,-3257157654.0,-4.704966531574151
2025-01-24,67206494580,Ethereum,1235579470.0,1.8729154627304956,117296772.0,0.17483704654761567
2025-01-25,67022427121,Ethereum,-184067459.0,-0.27388343961444184,-2634325314.0,-3.781866397601885
2025-01-26,67506712060,Ethereum,484284939.0,0.722571473166278,664294945.0,0.993822446392234
2025-01-27,66395509675,Ethereum,-1111202385.0,-1.6460620745569199,1029332904.0,1.5747179272945777
2025-01-28,64102989620,Ethereum,-2292520055.0,-3.452823942796246,-2039948338.0,-3.0841513863435366
2025-01-29,63083117802,Ethereum,-1019871818.0,-1.5909894749773112,-4107499090.0,-6.113203420355939
2025-01-30,64238070940,Ethereum,1154953138.0,1.830843462152698,-1732844170.0,-2.626678994994469
2025-01-31,66049725015,Ethereum,1811654075.0,2.820218677942754,-1156769565.0,-1.7212169333174043
2025-02-01,66561004311,Ethereum,511279296.0,0.7740823991074786,-461422810.0,-0.688460310706096
2025-02-02,64107348392,Ethereum,-2453655919.0,-3.6863264675748075,-3399363668.0,-5.03559359398017
2025-02-03,59299942874,Ethereum,-4807405518.0,-7.498992921379233,-7095566801.0,-10.686817279861483
2025-02-04,60547595545,Ethereum,1247652671.0,2.103969431557462,-3555394075.0,-5.546377939743897
2025-02-05,59035619422,Ethereum,-1511976123.0,-2.4971695562646667,-4047498380.0,-6.416135601769001
2025-02-06,59598884131,Ethereum,563264709.0,0.9541099331467295,-4639186809.0,-7.221865073334966
2025-02-07,58846448101,Ethereum,-752436030.0,-1.262500197732097,-7203276914.0,-10.905839369299608
2025-02-08,58291747937,Ethereum,-554700164.0,-0.9426230161724503,-8269256374.0,-12.423575124201369
2025-02-09,58500027438,Ethereum,208279501.0,0.3573052934098042,-5607320954.0,-8.746767873961447
2025-02-10,58514413084,Ethereum,14385646.0,0.02459083632950776,-785529790.0,-1.3246720855517258
2025-02-11,59287838599,Ethereum,773425515.0,1.3217692432285322,-1259756946.0,-2.080606066451851
2025-02-12,58567605820,Ethereum,-720232779.0,-1.2148069418947416,-468013602.0,-0.792764786043032
2025-02-13,60709313994,Ethereum,2141708174.0,3.6568135985996397,1110429863.0,1.8631722375191506
2025-02-14,60012713448,Ethereum,-696600546.0,-1.1474360360402835,1166265347.0,1.9818789147618698
2025-02-15,60581426821,Ethereum,568713373.0,0.9476548223282366,2289678884.0,3.9279640172646957
2025-02-16,60354982240,Ethereum,-226444581.0,-0.37378548654701804,1854954802.0,3.1708614221863884
2025-02-17,59768807584,Ethereum,-586174656.0,-0.971211711518849,1254394500.0,2.143735934254809
2025-02-18,60803131105,Ethereum,1034323521.0,1.7305406662937894,1515292506.0,2.555823490629927
2025-02-19,59740842689,Ethereum,-1062288416.0,-1.7470949220781962,1173236869.0,2.003218080325486
2025-02-20,60552296462,Ethereum,811453773.0,1.3582898005377597,-157017532.0,-0.2586382906838991
2025-02-21,60849829254,Ethereum,297532792.0,0.49136500080837475,837115806.0,1.3948974440646689
2025-02-22,58567758445,Ethereum,-2282070809.0,-3.750332313134608,-2013668376.0,-3.323903845892884
2025-02-23,59804878297,Ethereum,1237119852.0,2.1122882023250966,-550103943.0,-0.911447444077651
2025-02-24,61129836179,Ethereum,1324957882.0,2.2154679011636036,1361028595.0,2.277155342420367
2025-02-25,56294192100,Ethereum,-4835644079.0,-7.910448287216565,-4508939005.0,-7.415636206651232
2025-02-26,55326734394,Ethereum,-967457706.0,-1.7185746342738617,-4414108295.0,-7.388761350386453
2025-02-27,52181079924,Ethereum,-3145654470.0,-5.685595769305218,-8371216538.0,-13.824771358181954
2025-02-28,51833513883,Ethereum,-347566041.0,-0.6660767494774289,-9016315371.0,-14.817322384527987
2025-03-01,51858918695,Ethereum,25404812.0,0.049012328312025844,-6708839750.0,-11.454834414228365
2025-03-02,51946873334,Ethereum,87954639.0,0.16960368864860076,-7858004963.0,-13.139404655212184
2025-03-03,57033796458,Ethereum,5086923124.0,9.792549190194544,-4096039721.0,-6.700557333420631
2025-03-04,51329840603,Ethereum,-5703955855.0,-10.00101029430931,-4964351497.0,-8.818585562399427
2025-03-05,51510418739,Ethereum,180578136.0,0.3517995261209661,-3816315655.0,-6.897778617878936
2025-03-06,53266036020,Ethereum,1755617281.0,3.4082760807975676,1084956096.0,2.0792135723910032
2025-03-07,51775831428,Ethereum,-1490204592.0,-2.797663771038772,-57682455.0,-0.11128409146676788
2025-03-08,51484420844,Ethereum,-291410584.0,-0.5628312978522398,-374497851.0,-0.7221474346631673
2025-03-09,52221219322,Ethereum,736798478.0,1.4311095782402417,274345988.0,0.5281280092375384
2025-03-10,49031370166,Ethereum,-3189849156.0,-6.108339095514315,-8002426292.0,-14.031025092101368
2025-03-11,46656548141,Ethereum,-2374822025.0,-4.843474732522934,-4673292462.0,-9.104435952070478
2025-03-12,48004218724,Ethereum,1347670583.0,2.888491833830531,-3506200015.0,-6.806778319480744
2025-03-13,47937313529,Ethereum,-66905195.0,-0.13937357336168965,-5328722491.0,-10.003977936333019
2025-03-14,47419974018,Ethereum,-517339511.0,-1.079200048803386,-4355857410.0,-8.412916393351022
2025-03-15,48669461863,Ethereum,1249487845.0,2.634939961219107,-2814958981.0,-5.467593759147926
2025-03-16,49151392620,Ethereum,481930757.0,0.9902118054162745,-3069826702.0,-5.878504450597399
2025-03-17,48422948955,Ethereum,-728443665.0,-1.4820407442608041,-608421211.0,-1.2408815191991107
2025-03-18,49067041721,Ethereum,644092766.0,1.3301394894362328,2410493580.0,5.166463607027438
2025-03-19,49135414839,Ethereum,68373118.0,0.13934632209697817,1131196115.0,2.3564514642011147
2025-03-20,50684020428,Ethereum,1548605589.0,3.151709605127495,2746706899.0,5.729788961449334
2025-03-21,49282778295,Ethereum,-1401242133.0,-2.7646625527478763,1862804277.0,3.928311467005252
2025-03-22,49187973307,Ethereum,-94804988.0,-0.192369406271109,518511444.0,1.0653732836815921
2025-03-23,49576774718,Ethereum,388801411.0,0.7904399894123504,425382098.0,0.8654527884666807
2025-03-24,50613211744,Ethereum,1036437026.0,2.0905696909397697,2190262789.0,4.523191660705006
2025-03-25,52443320838,Ethereum,1830109094.0,3.6158722810491373,3376279117.0,6.880951038780481
2025-03-26,52999888129,Ethereum,556567291.0,1.0612739279407313,3864473290.0,7.864944872578294
2025-03-27,52177703285,Ethereum,-822184844.0,-1.5512954329239936,1493682857.0,2.9470488812580964
2025-03-28,51751399500,Ethereum,-426303785.0,-0.8170229008959695,2468621205.0,5.009095043755796
2025-03-29,49418342414,Ethereum,-2333057086.0,-4.50820095406309,230369107.0,0.46834437670806306
2025-03-30,48132124707,Ethereum,-1286217707.0,-2.602713171204263,-1444650011.0,-2.9139652976971187
2025-03-31,46911908875,Ethereum,-1220215832.0,-2.5351381004432127,-3701302869.0,-7.312918389216383
2025-04-01,48102589184,Ethereum,1190680309.0,2.538119504308911,-4340731654.0,-8.27699616393236
2025-04-02,49599197376,Ethereum,1496608192.0,3.1112840647210094,-3400690753.0,-6.416411190761062
2025-04-03,47935668116,Ethereum,-1663529260.0,-3.3539439104007474,-4242035169.0,-8.129976794550664
2025-04-04,48391371895,Ethereum,455703779.0,0.9506569886482907,-3360027605.0,-6.492631382847913
2025-04-05,48657085374,Ethereum,265713479.0,0.5490926762244941,-761257040.0,-1.5404341845839387
2025-04-06,48717018504,Ethereum,59933130.0,0.1231745172143528,584893797.0,1.2151838310909602
2025-04-07,44667488811,Ethereum,-4049529693.0,-8.312351242651495,-2244420064.0,-4.784329006906141
2025-04-08,44513058966,Ethereum,-154429845.0,-0.34573209533544924,-3589530218.0,-7.462239099582524
2025-04-09,43098323027,Ethereum,-1414735939.0,-3.1782491966696913,-6500874349.0,-13.10681360369278
2025-04-10,46271153139,Ethereum,3172830112.0,7.361841225266019,-1664514977.0,-3.4723934022824587
2025-04-11,43919439068,Ethereum,-2351714071.0,-5.0824626391639205,-4471932827.0,-9.241178027982421
2025-04-12,44318327792,Ethereum,398888724.0,0.9082281842953455,-4338757582.0,-8.917010849808161
2025-04-13,45411129859,Ethereum,1092802067.0,2.465801670425982,-3305888645.0,-6.785900998289874
2025-04-14,45072853451,Ethereum,-338276408.0,-0.7449196024197913,405364640.0,0.9075160721821796
2025-04-15,45145782333,Ethereum,72928882.0,0.16180222998147809,632723367.0,1.4214331292830007
2025-04-16,44842224938,Ethereum,-303557395.0,-0.6723936972914291,1743901911.0,4.046333565942906
2025-04-17,45080545772,Ethereum,238320834.0,0.5314652302143896,-1190607367.0,-2.573109348330649
2025-04-18,44957511671,Ethereum,-123034101.0,-0.272920611081906,1038072603.0,2.3635834724409
2025-04-19,44739934161,Ethereum,-217577510.0,-0.48396252798027506,421606369.0,0.9513138017723355
2025-04-20,45367009489,Ethereum,627075328.0,1.4016009181940792,-44120370.0,-0.0971576134242702
2025-04-21,44956586127,Ethereum,-410423362.0,-0.9046736089129093,-116267324.0,-0.25795421212104763
2025-04-22,44100068522,Ethereum,-856517605.0,-1.905210512605171,-1045713811.0,-2.3163045515231184
2025-04-23,47620643988,Ethereum,3520575466.0,7.983151917879017,2778419050.0,6.195988387823115
2025-04-24,48589629870,Ethereum,968985882.0,2.0348021380058867,3509084098.0,7.784031976337635
2025-04-25,48952908077,Ethereum,363278207.0,0.7476455531189252,3995396406.0,8.887049699810778
2025-04-26,49639048065,Ethereum,686139988.0,1.4016327424731134,4899113904.0,10.950203651105461
2025-04-27,49912505340,Ethereum,273457275.0,0.550891456745739,4545495851.0,10.019386118236717
2025-04-28,49623325241,Ethereum,-289180099.0,-0.5793740406940695,4666739114.0,10.380546024595173
2025-04-29,49745739019,Ethereum,122413778.0,0.2466859635171348,5645670497.0,12.80195402459199
2025-04-30,49520824352,Ethereum,-224914667.0,-0.4521285067533021,1900180364.0,3.9902449964322795
2025-05-01,49254593991,Ethereum,-266230361.0,-0.5376129426028942,664964121.0,1.368530945345925
2025-05-02,50221682078,Ethereum,967088087.0,1.9634474850746209,1268774001.0,2.591825594925412
2025-05-03,50684973283,Ethereum,463291205.0,0.9224924093152786,1045925218.0,2.1070613937447247
2025-05-04,50612935141,Ethereum,-72038142.0,-0.14212919004173985,700429801.0,1.4033152538201143
2025-05-05,50180206612,Ethereum,-432728529.0,-0.8549761593444116,556881371.0,1.1222169580443309
2025-05-06,49778497914,Ethereum,-401708698.0,-0.8005321721890613,32758895.0,0.06585266526544231
2025-05-07,49782169164,Ethereum,3671250.0,0.007375172321077983,261344812.0,0.5277472970609987
2025-05-08,48697498636,Ethereum,-1084670528.0,-2.17883339801187,-557095355.0,-1.1310525777591285
2025-05-09,55651773124,Ethereum,6954274488.0,14.280557898838353,5430091046.0,10.812244475536392
2025-05-10,57883236629,Ethereum,2231463505.0,4.009689862042642,7198263346.0,14.20196732828176
2025-05-11,61501816129,Ethereum,3618579500.0,6.251515483132231,10888880988.0,21.514027901494394
2025-05-12,60641541655,Ethereum,-860274474.0,-1.3987789762103575,10461335043.0,20.84753282083596
2025-05-13,59330284379,Ethereum,-1311257276.0,-2.162308609269803,9551786465.0,19.18857913612053
2025-05-14,62413901363,Ethereum,3083616984.0,5.197374353208817,12631732199.0,25.374009230868634
2025-05-15,60327471835,Ethereum,-2086429528.0,-3.3428923403863164,11629973199.0,23.8820751060147
2025-05-16,59088732440,Ethereum,-1238739395.0,-2.053358705944186,3436959316.0,6.175830747282696
2025-05-17,59317743662,Ethereum,229011222.0,0.38757172906449533,1434507033.0,2.4782771602673392
2025-05-18,58597351814,Ethereum,-720391848.0,-1.2144626607931697,-2904464315.0,-4.72256674324526
2025-05-19,58928136281,Ethereum,330784467.0,0.5645041230702308,-1713405374.0,-2.8254647346333206
2025-05-20,60108973509,Ethereum,1180837228.0,2.00385979011648,778689130.0,1.3124648535741912
2025-05-21,60384531889,Ethereum,275558380.0,0.4584313521154071,-2029369474.0,-3.2514703129951195
2025-05-22,61274256113,Ethereum,889724224.0,1.4734306885669124,946784278.0,1.5694081803883986
2025-05-23,63022214099,Ethereum,1747957986.0,2.852679243916856,3933481659.0,6.656906480426095
2025-05-24,60337702932,Ethereum,-2684511167.0,-4.259626871856592,1019959270.0,1.7194842673245558
2025-05-25,60448684731,Ethereum,110981799.0,0.18393441183048864,1851332917.0,3.1594139661405007
2025-05-26,60841274227,Ethereum,392589496.0,0.6494591201562816,1913137946.0,3.2465610941387446
2025-05-27,61476798154,Ethereum,635523927.0,1.0445605143456493,1367824645.0,2.2755747855105257
2025-05-28,62842138644,Ethereum,1365340490.0,2.2209037083873673,2457606755.0,4.069927642260462
2025-05-29,63098753769,Ethereum,256615125.0,0.4083488094727583,1824497656.0,2.9775925025272043
2025-05-30,61600541709,Ethereum,-1498212060.0,-2.374392472924025,-1421672390.0,-2.2558274258132727
2025-05-31,59965657853,Ethereum,-1634883856.0,-2.6540088944723372,-372045079.0,-0.6166046450579832
2025-06-01,60045273756,Ethereum,79615903.0,0.1327691646361595,-403410975.0,-0.6673610464730584
2025-06-02,60570157778,Ethereum,524884022.0,0.8741471046212812,-271116449.0,-0.44561270690758326
2025-06-03,61181901890,Ethereum,611744112.0,1.0099760912661848,-294896264.0,-0.4796870898534422
2025-06-04,61175068883,Ethereum,-6833007.0,-0.011168346829570908,-1667069761.0,-2.6527896678436247
2025-06-05,61527126587,Ethereum,352057704.0,0.575492125187993,-1571627182.0,-2.4907420323285856
2025-06-06,58294052133,Ethereum,-3233074454.0,-5.254713869058058,-3306489576.0,-5.367630680294678
2025-06-07,59613160825,Ethereum,1319108692.0,2.2628529733881075,-352497028.0,-0.587831503264935
2025-06-08,60611380127,Ethereum,998219302.0,1.674494840041052,566106371.0,0.9427992173046462
2025-06-09,60444828287,Ethereum,-166551840.0,-0.27478641742032517,-125329491.0,-0.20691623663809944
2025-06-10,62870213641,Ethereum,2425385354.0,4.0125605824934185,1688311751.0,2.7594953717448023
2025-06-11,65264431895,Ethereum,2394218254.0,3.8081916941962612,4089363012.0,6.684688855554999
2025-06-12,64829125913,Ethereum,-435305982.0,-0.6669880811961071,3301999326.0,5.366737420007639
2025-06-13,61315776715,Ethereum,-3513349198.0,-5.419399303200356,3021724582.0,5.183589871408878
2025-06-14,61014711585,Ethereum,-301065130.0,-0.49100761032412343,1401550760.0,2.3510760721351165
2025-06-15,60648335107,Ethereum,-366376478.0,-0.6004723590139371,36954980.0,0.06097036550325452
2025-06-16,60660020871,Ethereum,11685764.0,0.019268070556899275,215192584.0,0.35601488183278907
2025-06-17,62516344075,Ethereum,1856323204.0,3.0602086470554735,-353869566.0,-0.5628572665915543
2025-06-18,61763579300,Ethereum,-752764775.0,-1.2041087592980726,-3500852595.0,-5.364104908830447
2025-06-19,62136621255,Ethereum,373041955.0,0.6039837056528885,-2692504658.0,-4.153233010750923
2025-06-20,62174269332,Ethereum,37648077.0,0.06058919239508853,858492617.0,1.400117005759105
2025-06-21,60022623967,Ethereum,-2151645365.0,-3.460668517888932,-992087618.0,-1.6259810006934439
2025-06-22,57771670392,Ethereum,-2250953575.0,-3.75017522765676,-2876664715.0,-4.743188267121912
2025-06-23,56286075352,Ethereum,-1485595040.0,-2.5714940037560696,-4373945519.0,-7.21059019795206
2025-06-24,60023288145,Ethereum,3737212793.0,6.6396755674087204,-2493055930.0,-3.9878466453654338
2025-06-25,60837826546,Ethereum,814538401.0,1.3570372869815106,-925752754.0,-1.4988651313477264
2025-06-26,60801853705,Ethereum,-35972841.0,-0.059129069926255884,-1334767550.0,-2.1481173630640504
2025-06-27,60078934796,Ethereum,-722918909.0,-1.1889751133369653,-2095334536.0,-3.370099172072727
2025-06-28,60276224328,Ethereum,197289532.0,0.3283838714349674,253600361.0,0.4225079548995092
2025-06-29,61334769431,Ethereum,1058545103.0,1.7561569504416896,3563099039.0,6.167554122674979
2025-06-30,62329604357,Ethereum,994834926.0,1.6219754883388893,6043529005.0,10.737165395180215
2025-07-01,61900154855,Ethereum,-429449502.0,-0.6889976383297358,1876866710.0,3.1268975226182105
2025-07-02,60759476565,Ethereum,-1140678290.0,-1.8427713027084014,-78349981.0,-0.12878497712399684
2025-07-03,63328225980,Ethereum,2568749415.0,4.227734602440125,2526372275.0,4.1550908747906234
2025-07-04,64199089283,Ethereum,870863303.0,1.375158216614225,4120154487.0,6.857902026708906
2025-07-05,62937228074,Ethereum,-1261861209.0,-1.9655437843323798,2661003746.0,4.41468219960135
2025-07-06,63387396992,Ethereum,450168918.0,0.7152665151866966,2052627561.0,3.3465970118452093
2025-07-07,64306230137,Ethereum,918833145.0,1.4495517856900841,1976625780.0,3.171247115060516
2025-07-08,63620295412,Ethereum,-685934725.0,-1.0666691602643552,1720140557.0,2.7788954018441503
2025-07-09,64961964186,Ethereum,1341668774.0,2.1088691357238343,4202487621.0,6.916596156822075
2025-07-10,67801391189,Ethereum,2839427003.0,4.370906943130781,4473165209.0,7.0634620499438805
2025-07-11,70845171791,Ethereum,3043780602.0,4.489259805179069,6646082508.0,10.352300293082028
2025-07-12,70971285523,Ethereum,126113732.0,0.178013164216817,8034057449.0,12.765191119560848
2025-07-13,70863305931,Ethereum,-107979592.0,-0.15214546447098742,7475908939.0,11.79399895525528
2025-07-14,71716395629,Ethereum,853089698.0,1.2038525253544652,7410165492.0,11.523246622004034
2025-07-15,71921215437,Ethereum,204819808.0,0.2855969073788378,8300920025.0,13.047597423501255
2025-07-16,73625990133,Ethereum,1704774696.0,2.370336326550704,8664025947.0,13.337075095502104
2025-07-17,76034723031,Ethereum,2408732898.0,3.2715796332908997,8233331842.0,12.14330812040294
2025-07-18,77562844082,Ethereum,1528121051.0,2.009767366913362,6717672291.0,9.482187876991489
2025-07-19,79070498788,Ethereum,1507654706.0,1.943784712698382,8099213265.0,11.411957956398089
2025-07-20,79787861783,Ethereum,717362995.0,0.9072448081089757,8924555852.0,12.594043891615625
2025-07-21,82521479406,Ethereum,2733617623.0,3.4261071319778624,10805083777.0,15.066406617667138
2025-07-22,83260684064,Ethereum,739204658.0,0.8957724259439859,11339468627.0,15.766514175407531
2025-07-23,82923832159,Ethereum,-336851905.0,-0.40457499092977356,9297842026.0,12.628478081183193
2025-07-24,81332090567,Ethereum,-1591741592.0,-1.9195224708717706,5297367536.0,6.967037328248327
2025-07-25,81342357960,Ethereum,10267393.0,0.012624036746644585,3779513878.0,4.872840756076813
2025-07-26,82521648384,Ethereum,1179290424.0,1.449786376465645,3451149596.0,4.364648824655903
2025-07-27,83086611924,Ethereum,564963540.0,0.6846246422163471,3298750141.0,4.134400981908315
2025-07-28,85768115663,Ethereum,2681503739.0,3.2273595912814423,3246636257.0,3.9342923568138843
2025-07-29,83824684546,Ethereum,-1943431117.0,-2.2659132732216314,564000482.0,0.677391122040838
2025-07-30,83617600036,Ethereum,-207084510.0,-0.24704478295574095,693767877.0,0.8366326771654276
2025-07-31,83713129614,Ethereum,95529578.0,0.11424577835152938,2381039047.0,2.9275517577388888
2025-08-01,81716735909,Ethereum,-1996393705.0,-2.3848035716802607,374377949.0,0.46024968834084135
2025-08-02,78022274459,Ethereum,-3694461450.0,-4.521058518678678,-4499373925.0,-5.452355852203716
2025-08-03,76441493663,Ethereum,-1580780796.0,-2.026063463236627,-6645118261.0,-7.997820716384907
2025-08-04,78754424976,Ethereum,2312931313.0,3.0257536871228563,-7013690687.0,-8.177503531216878
2025-08-05,82040277699,Ethereum,3285852723.0,4.172276953328469,-1784406847.0,-2.128736727927416
2025-08-06,81639202106,Ethereum,-401075593.0,-0.48887644489883364,-1978397930.0,-2.3660065932868624
2025-08-07,82838046081,Ethereum,1198843975.0,1.4684660605127187,-875083533.0,-1.0453360626164532
2025-08-08,87304691478,Ethereum,4466645397.0,5.392021671578862,5587955569.0,6.838202122050929
2025-08-09,88044949171,Ethereum,740257693.0,0.847901390484318,10022674712.0,12.845914556447369
2025-08-10,91695816524,Ethereum,3650867353.0,4.146594878383447,15254322861.0,19.95555310346264
2025-08-11,91278209270,Ethereum,-417607254.0,-0.45542672482850044,12523784294.0,15.902324596765904
2025-08-12,90835409665,Ethereum,-442799605.0,-0.4851098729272918,8795131966.0,10.720504869899061
2025-08-13,95790052984,Ethereum,4954643319.0,5.454528511813472,14150850878.0,17.33340173955473
2025-08-14,97262939326,Ethereum,1472886342.0,1.5376192998306504,14424893245.0,17.413367320246987
2025-08-15,93817711320,Ethereum,-3445228006.0,-3.542179611138929,6513019842.0,7.46010292429844
2025-08-16,91852991881,Ethereum,-1964719439.0,-2.0941881989623434,3808042710.0,4.3251120545303
2025-08-17,91534049000,Ethereum,-318942881.0,-0.3472318913827044,-161767524.0,-0.17641756203530257
2025-08-18,91688870590,Ethereum,154821590.0,0.16914098271780809,410661320.0,0.44990071922343944
2025-08-19,89870905053,Ethereum,-1817965537.0,-1.9827548592340039,-964504612.0,-1.0618156680936242
2025-08-20,85873368811,Ethereum,-3997536242.0,-4.448087219821051,-9916684173.0,-10.352519770143987
2025-08-21,89025886982,Ethereum,3152518171.0,3.6711243714432795,-8237052344.0,-8.46884990426986
2025-08-22,88435312860,Ethereum,-590574122.0,-0.6633734771094191,-5382398460.0,-5.73708139355621
2025-08-23,96051788989,Ethereum,7616476129.0,8.612482822396395,4198797108.0,4.571214308881455
2025-08-24,97300372785,Ethereum,1248583796.0,1.2999068618523957,5766323785.0,6.299648980894523
2025-08-25,95141955330,Ethereum,-2158417455.0,-2.218303376667785,3453084740.0,3.766089295003927
2025-08-26,91225770609,Ethereum,-3916184721.0,-4.116149082091813,1354865556.0,1.507568612111987
2025-08-27,94206511630,Ethereum,2980741021.0,3.267433096044381,8333142819.0,9.70398964705872
2025-08-28,93135929201,Ethereum,-1070582429.0,-1.1364208380889362,4110042219.0,4.616682134075223
2025-08-29,93467544612,Ethereum,331615411.0,0.35605529879272346,5032231752.0,5.690296770891079
2025-08-30,91221081116,Ethereum,-2246463496.0,-2.4034690387186863,-4830707873.0,-5.029274232001257
2025-08-31,91144111102,Ethereum,-76970014.0,-0.08437744111158274,-6156261683.0,-6.327068958515913
2025-09-01,91067583006,Ethereum,-76528096.0,-0.08396384042229643,-4074372324.0,-4.282413904431581
2025-09-02,89574562651,Ethereum,-1493020355.0,-1.6394641273191901,-1651207958.0,-1.810023578838471
2025-09-03,89458888374,Ethereum,-115674277.0,-0.129137417562053,-4747623256.0,-5.039591397510279
2025-09-04,92260098157,Ethereum,2801209783.0,3.131281680238418,-875831044.0,-0.9403793482425482
2025-09-05,90169027944,Ethereum,-2091070213.0,-2.2664946762159355,-3298516668.0,-3.529050304779824
2025-09-06,90595115006,Ethereum,426087062.0,0.47254259219100536,-625966110.0,-0.6862077299917058
2025-09-07,90085665919,Ethereum,-509449087.0,-0.5623361557256845,-1058445183.0,-1.1612875151258972
2025-09-08,91136892189,Ethereum,1051226270.0,1.1669184650810127,69309183.0,0.07610741463890403
2025-09-09,90883903653,Ethereum,-252988536.0,-0.27759179616894114,1309341002.0,1.4617330671224726
2025-09-10,90708879810,Ethereum,-175023843.0,-0.1925795833641275,1249991436.0,1.3972803135829048
2025-09-11,91672635186,Ethereum,963755376.0,1.0624708165492658,-587462971.0,-0.636746527193488
2025-09-12,93011984063,Ethereum,1339348877.0,1.4610127376424975,2842956119.0,3.1529186726573455
2025-09-13,96839774594,Ethereum,3827790531.0,4.115373486073914,6244659588.0,6.8929319065232475
2025-09-14,96136258435,Ethereum,-703516159.0,-0.7264743871508217,6050592516.0,6.716487528038417
2025-09-15,94905757837,Ethereum,-1230500598.0,-1.2799547413549162,3768865648.0,4.135389695079916
2025-09-16,94130786641,Ethereum,-774971196.0,-0.8165692089314613,3246882988.0,3.572561099924565
2025-09-17,93579124414,Ethereum,-551662227.0,-0.5860592975855505,2870244604.0,3.1642377350619366
2025-09-18,95203569620,Ethereum,1624445206.0,1.735905541083449,3530934434.0,3.851677686406507
2025-09-19,95910912600,Ethereum,707342980.0,0.7429794731681927,2898928537.0,3.11672583506708
2025-09-20,94322363604,Ethereum,-1588548996.0,-1.6562755508594762,-2517410990.0,-2.599563041688424
2025-09-21,95381280027,Ethereum,1058916423.0,1.122656793722565,-754978408.0,-0.7853211892061118
2025-09-22,94346626873,Ethereum,-1034653154.0,-1.0847549474143348,-559130964.0,-0.5891433530938128
2025-09-23,90544826618,Ethereum,-3801800255.0,-4.029609092562048,-3585960023.0,-3.8095506804551538
2025-09-24,89324111928,Ethereum,-1220714690.0,-1.3481882241048182,-4255012486.0,-4.546967619803278
2025-09-25,89264973948,Ethereum,-59137980.0,-0.06620606544364138,-5938595672.0,-6.237786771760334
2025-09-26,84748553068,Ethereum,-4516420880.0,-5.059566681362582,-11162359532.0,-11.638258076589292
2025-09-27,85834338152,Ethereum,1085785084.0,1.2811842145892482,-8488025452.0,-8.998953299809
2025-09-28,85697420962,Ethereum,-136917190.0,-0.15951330545304065,-9683859065.0,-10.152787907919404
2025-09-29,87630017349,Ethereum,1932596387.0,2.2551394958046034,-6716609524.0,-7.119077540568808
2025-09-30,88583832102,Ethereum,953814753.0,1.0884566520183325,-1960994516.0,-2.1657720150851323
2025-10-01,88159207264,Ethereum,-424624838.0,-0.4793480118483351,-1164904664.0,-1.3041323768647972
2025-10-02,91408778016,Ethereum,3249570752.0,3.6860253770986118,2143804068.0,2.40161843238631
2025-10-03,93528163824,Ethereum,2119385808.0,2.3185801779660897,8779610756.0,10.359599589807122
2025-10-04,94187680799,Ethereum,659516975.0,0.7051533442280267,8353342647.0,9.731935757700438
2025-10-05,94001319010,Ethereum,-186361789.0,-0.1978621698921601,8303898048.0,9.689787574450026
2025-10-06,94454515968,Ethereum,453196958.0,0.48211765831902564,6824498619.0,7.787854921699244
2025-10-07,97438446510,Ethereum,2983930542.0,3.1591189806222886,8854614408.0,9.995745496542007
2025-10-08,94680503923,Ethereum,-2757942587.0,-2.830445974646112,6521296659.0,7.397181600636937
2025-10-09,94731882433,Ethereum,51378510.0,0.05426514210546962,3323104417.0,3.6354324925099935
2025-10-10,92751718016,Ethereum,-1980164417.0,-2.090282981973346,-776445808.0,-0.8301732614585555
2025-10-11,82837578388,Ethereum,-9914139628.0,-10.688901337967426,-11350102411.0,-12.050516919746157
2025-10-12,82106826391,Ethereum,-730751997.0,-0.8821503612494008,-11894492619.0,-12.653537997413256
2025-10-13,88321391424,Ethereum,6214565033.0,7.568877407836583,-6133124544.0,-6.493204142910248
2025-10-14,89891647689,Ethereum,1570256265.0,1.777888957230922,-7546798821.0,-7.745196163636992
2025-10-15,88622708052,Ethereum,-1268939637.0,-1.411632414826991,-6057795871.0,-6.398144940088802
2025-10-16,86231694195,Ethereum,-2391013857.0,-2.6979697523991875,-8500188238.0,-8.972890667523515
2025-10-17,84484592829,Ethereum,-1747101366.0,-2.0260547845078802,-8267125187.0,-8.913177420146434
2025-10-18,83204569590,Ethereum,-1280023239.0,-1.5150966538843513,366991202.0,0.4430250245619938
2025-10-19,84096731564,Ethereum,892161974.0,1.0722511736990237,1989905173.0,2.4235563112912084
2025-10-20,84995707270,Ethereum,898975706.0,1.0689781746343607,-3325684154.0,-3.7654345118212196
2025-10-21,85623572965,Ethereum,627865695.0,0.7387028300211762,-4268074724.0,-4.748021461088737
2025-10-22,84727148785,Ethereum,-896424180.0,-1.0469361987106351,-3895559267.0,-4.395667151938365
2025-10-23,82374784691,Ethereum,-2352364094.0,-2.7763994513367307,-3856909504.0,-4.47272843240002
2025-10-24,83040913361,Ethereum,666128670.0,0.8086560377653651,-1443679468.0,-1.7088079845778092
2025-10-25,84970707880,Ethereum,1929794519.0,2.3239081085376423,1766138290.0,2.12264578580581
2025-10-26,85562827489,Ethereum,592119609.0,0.6968514488972177,1466095925.0,1.7433447147517933
2025-10-27,89072248918,Ethereum,3509421429.0,4.10157253095822,4076541648.0,4.796173570331419
2025-10-28,88297042840,Ethereum,-775206078.0,-0.8703115587815224,2673469875.0,3.122352621389468
2025-10-29,86497382756,Ethereum,-1799660084.0,-2.0381883991982597,1770233971.0,2.0893349963800434
2025-10-30,86154759573,Ethereum,-342623183.0,-0.396108150424046,3779974882.0,4.588752366612248
2025-10-31,84363033644,Ethereum,-1791725929.0,-2.079659832933367,1322120283.0,1.5921311911062608
2025-11-01,85015049000,Ethereum,652015356.0,0.772868551350836,44341120.0,0.05218400682576174
2025-11-02,84817599563,Ethereum,-197449437.0,-0.23225233570117743,-745227926.0,-0.8709715981461752
2025-11-03,85021881705,Ethereum,204282142.0,0.24084876611989436,-4050367213.0,-4.547282977809141
2025-11-04,80288144218,Ethereum,-4733737487.0,-5.567669630536553,-8008898622.0,-9.07040413178123
2025-11-05,74051577017,Ethereum,-6236567201.0,-7.76773116596935,-12445805739.0,-14.388650086798938
2025-11-06,74506691442,Ethereum,455114425.0,0.6145911313887531,-11648068131.0,-13.51993573974337
2025-11-07,73142039501,Ethereum,-1364651941.0,-1.8315830626599694,-11220994143.0,-13.300842393068745
2025-11-08,74408846258,Ethereum,1266806757.0,1.731981724385312,-10606202742.0,-12.475676796939794
2025-11-09,73686573054,Ethereum,-722273204.0,-0.970681901847581,-11131026509.0,-13.123486830975695
2025-11-10,76718845019,Ethereum,3032271965.0,4.115094296457311,-8303036686.0,-9.765764435570834
2025-11-11,76656269224,Ethereum,-62575795.0,-0.08156509001732148,-3631874994.0,-4.523550804884291
2025-11-12,74778056116,Ethereum,-1878213108.0,-2.4501754742480397,726479099.0,0.9810447370124598
2025-11-13,74913106263,Ethereum,135050147.0,0.18060130740829017,406414821.0,0.5454742562503556
2025-11-14,73449682254,Ethereum,-1463424009.0,-1.9534952987562804,307642753.0,0.42061002823936544
2025-11-15,72168986346,Ethereum,-1280695908.0,-1.7436370978041293,-2239859912.0,-3.010206480333899
2025-11-16,71994132798,Ethereum,-174853548.0,-0.242283502724705,-1692440256.0,-2.2968095622519002
2025-11-17,69948188272,Ethereum,-2045944526.0,-2.841821196375094,-6770656747.0,-8.825285033062213
2025-11-18,69065437597,Ethereum,-882750675.0,-1.2620064890992544,-7590831627.0,-9.902427686401694
2025-11-19,70754894162,Ethereum,1689456565.0,2.446167900735041,-4023161954.0,-5.380137119048722
2025-11-20,69317268241,Ethereum,-1437625921.0,-2.031839546969594,-5595838022.0,-7.469771714383999
2025-11-21,66938904046,Ethereum,-2378364195.0,-3.4311279935772765,-6510778208.0,-8.864270080141058
2025-11-22,64674891935,Ethereum,-2264012111.0,-3.3822067200923733,-7494094411.0,-10.384092655910448
2025-11-23,64473362478,Ethereum,-201529457.0,-0.31160385579390715,-7520770320.0,-10.446365596348883
2025-11-24,64813848843,Ethereum,340486365.0,0.5281039361273887,-5134339429.0,-7.340203593314875
2025-11-25,67329945373,Ethereum,2516096530.0,3.882035359595437,-1735492224.0,-2.512823033319034
2025-11-26,67411463856,Ethereum,81518483.0,0.1210731459061698,-3343430306.0,-4.725369666082601
2025-11-27,68743988704,Ethereum,1332524848.0,1.9767036224676238,-573279537.0,-0.8270371172257374
2025-11-28,68547037615,Ethereum,-196951089.0,-0.28649936192681746,1608133569.0,2.4023900479381854
2025-11-29,68923686742,Ethereum,376649127.0,0.5494754260796597,4248794807.0,6.569465645601924
2025-11-30,67966017863,Ethereum,-957668879.0,-1.389462642334871,3492655385.0,5.41720681342126
2025-12-01,67622389805,Ethereum,-343628058.0,-0.5055880406185542,2808540962.0,4.333242064983978
2025-12-02,65385064191,Ethereum,-2237325614.0,-3.3085574473952883,-1944881182.0,-2.8885827416398224
2025-12-03,67463752560,Ethereum,2078688369.0,3.1791486247192857,52288704.0,0.07756648648320486
2025-12-04,70825058762,Ethereum,3361306202.0,4.982388430009976,2081070058.0,3.0272756894580866
2025-12-05,69642330285,Ethereum,-1182728477.0,-1.669929397410641,1095292670.0,1.5978701751515612
2025-12-06,68794126669,Ethereum,-848203616.0,-1.217942611237821,-129560073.0,-0.18797612130787567
2025-12-07,68920651057,Ethereum,126524388.0,0.18391742744081618,954633194.0,1.404574262279512
2025-12-08,69252785988,Ethereum,332134931.0,0.4819091606161896,1630396183.0,2.411030115471391
2025-12-09,69311451813,Ethereum,58665825.0,0.08471258471849374,3926387622.0,6.005022202823573
2025-12-10,72033448226,Ethereum,2721996413.0,3.927195783380588,4569695666.0,6.773556899219124
2025-12-11,71660438644,Ethereum,-373009582.0,-0.5178283022488461,835379882.0,1.1794976193485462
2025-12-12,71232411356,Ethereum,-428027288.0,-0.5972992854905379,1590081071.0,2.2832106055223234
2025-12-13,69676516286,Ethereum,-1555895070.0,-2.184251579276275,882389617.0,1.2826525456825388
2025-12-14,70283687805,Ethereum,607171519.0,0.8714148630906804,1363036748.0,1.977689889889045
2025-12-15,70548060365,Ethereum,264372560.0,0.37615066633027716,1295274377.0,1.8703570672585546
2025-12-16,68612647820,Ethereum,-1935412545.0,-2.7433958283000326,-698803993.0,-1.008208563983548
2025-12-17,69065727919,Ethereum,453080099.0,0.6603448684688873,-2967720307.0,-4.119919815151684
2025-12-18,67242661607,Ethereum,-1823066312.0,-2.6396106534026353,-4417777037.0,-6.164875795621283
2025-12-19,67232172436,Ethereum,-10489171.0,-0.015598982475295564,-4000238920.0,-5.615756709411257
2025-12-20,69213385165,Ethereum,1981212729.0,2.946822417327022,-463131121.0,-0.6646875384799578
2025-12-21,69447482871,Ethereum,234097706.0,0.338226060525626,-836204934.0,-1.1897567701911527
2025-12-22,70106032842,Ethereum,658549971.0,0.9482704682375109,-442027523.0,-0.6265622622550482
2025-12-23,69689670228,Ethereum,-416362614.0,-0.5939041151256763,1077022408.0,1.569714101145725
2025-12-24,68061345329,Ethereum,-1628324899.0,-2.3365369554378623,-1004382590.0,-1.45424166263467
2025-12-25,68542444579,Ethereum,481099250.0,0.7068612112711259,1299782972.0,1.9329737118328083
2025-12-26,68041204272,Ethereum,-501240307.0,-0.7312845494185538,809031836.0,1.2033403156355593
2025-12-27,68074501928,Ethereum,33297656.0,0.04893748774181805,-1138883237.0,-1.645466746475377
2025-12-28,68371974342,Ethereum,297472414.0,0.4369806690831535,-1075508529.0,-1.5486645225108786
2025-12-29,68613781202,Ethereum,241806860.0,0.3536637084523342,-1492251640.0,-2.128563804720107
2025-12-30,67374824676,Ethereum,-1238956526.0,-1.8056963255712377,-2314845552.0,-3.321648021043355
2025-12-31,67195508033,Ethereum,-179316643.0,-0.2661478435933895,-865837296.0,-1.2721424941200543
2026-01-01,67985320501,Ethereum,789812468.0,1.1753947415831911,-557124078.0,-0.8128161775115439
2026-01-02,69293920616,Ethereum,1308600115.0,1.9248274559222622,1252716344.0,1.8411143033156385
2026-01-03,71362344657,Ethereum,2068424041.0,2.985000736879062,3287842729.0,4.829771259255677
2026-01-04,72320006986,Ethereum,957662329.0,1.3419715027623624,3948032644.0,5.774343482099464
2026-01-05,72653319651,Ethereum,333312665.0,0.46088583075569733,4039538449.0,5.887357289212125
2026-01-06,74326741016,Ethereum,1673421365.0,2.303296494968854,6951916340.0,10.318270026573263
2026-01-07,74987661317,Ethereum,660920301.0,0.8892093100889786,7792153284.0,11.596241344247659
2026-01-08,72830481621,Ethereum,-2157179696.0,-2.876712859307373,4845161120.0,7.126775433718424
2026-01-09,71195871736,Ethereum,-1634609885.0,-2.2444035088306724,1901951120.0,2.7447589963048413
2026-01-10,70262304918,Ethereum,-933566818.0,-1.3112653799109864,-1100039739.0,-1.5414848605203368
2026-01-11,71207031196,Ethereum,944726278.0,1.3445705760756654,-1112975790.0,-1.5389597379539155
2026-01-12,71746708216,Ethereum,539677020.0,0.7578984981335912,-906611435.0,-1.2478596151628496
2026-01-13,70668336866,Ethereum,-1078371350.0,-1.5030255419572258,-3658404150.0,-4.92205644965985
2026-01-14,75033128759,Ethereum,4364791893.0,6.176446321747231,45467442.0,0.060633231122908526
2026-01-15,75524099438,Ethereum,490970679.0,0.6543385396828638,2693617817.0,3.6984759087784536
2026-01-16,74797750956,Ethereum,-726348482.0,-0.961743982920682,3601879220.0,5.059112462806903
2026-01-17,74876059072,Ethereum,78308116.0,0.10469314250647344,4613754154.0,6.566471395130735
2026-01-18,75170630208,Ethereum,294571136.0,0.3934116453922165,3963599012.0,5.566302857213712
2026-01-19,73740794994,Ethereum,-1429835214.0,-1.9021194980587408,1994086778.0,2.7793425337321764
2026-01-20,73534207262,Ethereum,-206587732.0,-0.2801539256754859,2865870396.0,4.055381126959601
2026-01-21,68677499197,Ethereum,-4856708065.0,-6.604692218542185,-6355629562.0,-8.470431217674179
2026-01-22,69395597244,Ethereum,718098047.0,1.0456089045120187,-6128502194.0,-8.114631276114814
2026-01-23,69224864680,Ethereum,-170732564.0,-0.24602794814156947,-5572886276.0,-7.450606742545329
2026-01-24,69068597019,Ethereum,-156267661.0,-0.2257392076132847,-5807462053.0,-7.7561000471667585
2026-01-25,69766666220,Ethereum,698069201.0,1.0106897072311494,-5403963988.0,-7.1889300023786245
2026-01-26,67445705379,Ethereum,-2320960841.0,-3.326747523926621,-6295089615.0,-8.53678023882467
2026-01-27,69730218740,Ethereum,2284513361.0,3.387188773788563,-3803988522.0,-5.173087007583444
2026-01-28,71134200175,Ethereum,1403981435.0,2.0134476276848723,2456700978.0,3.5771555556398438
2026-01-29,71341939701,Ethereum,207739526.0,0.29203888634290465,1946342457.0,2.8047059673778962
2026-01-30,68057959024,Ethereum,-3283980677.0,-4.603155858620378,-1166905656.0,-1.6856741597028102
2026-01-31,66278398821,Ethereum,-1779560203.0,-2.6147716277716393,-2790198198.0,-4.03974934836514
2026-02-01,62307518307,Ethereum,-3970880514.0,-5.991213705575893,-7459147913.0,-10.691564205574277
2026-02-02,59543289303,Ethereum,-2764229004.0,-4.436429309188917,-7902416076.0,-11.716707582185816
2026-02-03,60399539127,Ethereum,856249824.0,1.4380290945009255,-9330679613.0,-13.381113356019858
2026-02-04,59603881253,Ethereum,-795657874.0,-1.3173244125704309,-11530318922.0,-16.209248003961264
2026-02-05,58052553817,Ethereum,-1551327436.0,-2.602728888434458,-13289385884.0,-18.62773277499451
2026-02-06,52092658161,Ethereum,-5959895656.0,-10.266379795775183,-15965300863.0,-23.458389131783964
2026-02-07,55316255943,Ethereum,3223597782.0,6.188199826618557,-10962142878.0,-16.539540895678208
2026-02-08,56773742516,Ethereum,1457486573.0,2.634825058481627,-5533775791.0,-8.881393355668765
2026-02-09,57238664312,Ethereum,464921796.0,0.8189028508539309,-2304624991.0,-3.87050332283857
2026-02-10,57218837629,Ethereum,-19826683.0,-0.034638619259053094,-3180701498.0,-5.266102264972671
2026-02-11,56045646398,Ethereum,-1173191231.0,-2.0503583777895518,-3558234855.0,-5.969803945981966
2026-02-12,55269406227,Ethereum,-776240171.0,-1.3850142176747182,-2783147590.0,-4.7941863139619345
2026-02-13,54748102909,Ethereum,-521303318.0,-0.9432041224740617,2655444748.0,5.097541269237893
2026-02-14,56221956472,Ethereum,1473853563.0,2.69206325824618,905700529.0,1.6373135049726928
2026-02-15,56434093709,Ethereum,212137237.0,0.3773209797593102,-339648807.0,-0.5982498104722955
2026-02-16,55095245150,Ethereum,-1338848559.0,-2.3724108442384373,-2143419162.0,-3.7447050656467473
2026-02-17,55232536257,Ethereum,137291107.0,0.24918866705505582,-1986301372.0,-3.4714116090210356
2026-02-18,55269591029,Ethereum,37054772.0,0.06708866641136346,-776055369.0,-1.3846844828748317
2026-02-19,53761741026,Ethereum,-1507850003.0,-2.7281728974777986,-1507665201.0,-2.7278476537413554
2026-02-20,53894302858,Ethereum,132561832.0,0.24657280339170917,-853800051.0,-1.5595061849342118
2026-02-21,53501746168,Ethereum,-392556690.0,-0.7283825361547036,-2720210304.0,-4.838341592318541
2026-02-22,53751535475,Ethereum,249789307.0,0.46688066257807304,-2682558234.0,-4.753435481452928
2026-02-23,53780851896,Ethereum,29316421.0,0.05454062054401909,-1314393254.0,-2.385674572136831
2026-02-24,52010588307,Ethereum,-1770263589.0,-3.291624298594764,-3221947950.0,-5.833423862717623
2026-02-25,51850047458,Ethereum,-160540849.0,-0.30866955023155507,-3419543571.0,-6.1870252834072215
2026-02-26,54685035105,Ethereum,2834987647.0,5.4676664458145785,923294079.0,1.7173812852405268
2026-02-27,54415267125,Ethereum,-269767980.0,-0.49331225532180945,520964267.0,0.9666407011008848
2026-02-28,52936648877,Ethereum,-1478618248.0,-2.7172856555190528,-565097291.0,-1.0562221450222342
2026-03-01,53173158649,Ethereum,236509772.0,0.44677888951667466,-578376826.0,-1.0760191702225974
2026-03-02,52651805539,Ethereum,-521353110.0,-0.9804817378660791,-1129046357.0,-2.099346360640253
2026-03-03,54169411816,Ethereum,1517606277.0,2.882344226307465,2158823509.0,4.150738492433947
2026-03-04,53059576074,Ethereum,-1109835742.0,-2.0488236899633194,1209528616.0,2.332743508055124
2026-03-05,55581390781,Ethereum,2521814707.0,4.7527984458129335,896355676.0,1.6391242581794474
2026-03-06,55783147181,Ethereum,201756400.0,0.3629927160242463,1367880056.0,2.5137799155846796
2026-03-07,54204191786,Ethereum,-1578955395.0,-2.8305240467640713,1267542909.0,2.3944524934798483
2026-03-08,54496640722,Ethereum,292448936.0,0.5395319556734668,1323482073.0,2.489004051341781
2026-03-09,54204647836,Ethereum,-291992886.0,-0.5357997889989696,1552842297.0,2.9492669455557063
2026-03-10,55230881647,Ethereum,1026233811.0,1.8932579621307344,1061469831.0,1.9595373023534979
2026-03-11,55206557179,Ethereum,-24324468.0,-0.0440414262358968,2146981105.0,4.0463593263649456
2026-03-12,56074444868,Ethereum,867887689.0,1.5720735603670821,493054087.0,0.8870848319408209
2026-03-13,57005089015,Ethereum,930644147.0,1.659658243948292,1221941834.0,2.1905215029104586
2026-03-14,56767607707,Ethereum,-237481308.0,-0.4165966795306786,2563415921.0,4.729183918322133
2026-03-15,57142397246,Ethereum,374789539.0,0.6602172508914483,2645756524.0,4.854898373455008
2026-03-16,58334691033,Ethereum,1192293787.0,2.0865309200577276,4130043197.0,7.619352512898403
2026-03-17,60146330741,Ethereum,1811639708.0,3.105595788576565,4915449094.0,8.899820077862163
2026-03-18,59973355544,Ethereum,-172975197.0,-0.2875906058922517,4766798365.0,8.63447859924371
2026-03-19,57371602991,Ethereum,-2601752553.0,-4.338180729426089,1297158123.0,2.3132785818094748
2026-03-20,56037410633,Ethereum,-1334192358.0,-2.325527418519746,-967678382.0,-1.69752981482999
2026-03-21,56799889353,Ethereum,762478720.0,1.360660157896354,32281646.0,0.056866313913772615
2026-03-22,56314114179,Ethereum,-485775174.0,-0.8552396484102331,-828283067.0,-1.4495070331652538
2026-03-23,54837253222,Ethereum,-1476860957.0,-2.62254139753606,-3497437811.0,-5.995468132369974
2026-03-24,56254213045,Ethereum,1416959823.0,2.5839365390233127,-3892117696.0,-6.471080859047074
2026-03-25,55760887985,Ethereum,-493325060.0,-0.8769566460833267,-4212467559.0,-7.023898397530026
2026-03-26,56120267034,Ethereum,359379049.0,0.6445002258512744,-1251335957.0,-2.181106839905278
2026-03-27,54109909996,Ethereum,-2010357038.0,-3.5822299932786184,-1927500637.0,-3.439667563556037
2026-03-28,52624764252,Ethereum,-1485145744.0,-2.744683449131202,-4175125101.0,-7.350586679935988
2021-03-18,148988798,Solana,,,,
2021-03-19,153204289,Solana,4215491.0,2.8294013084124714,,
2021-03-20,147690914,Solana,-5513375.0,-3.598707997006534,,
2021-03-21,151935325,Solana,4244411.0,2.873847066854762,,
2021-03-22,152981122,Solana,1045797.0,0.6883172165525142,,
2021-03-23,162065403,Solana,9084281.0,5.938171247037927,,
2021-03-24,156101311,Solana,-5964092.0,-3.680052552610502,,
2021-03-25,144439504,Solana,-11661807.0,-7.470665637138696,-4549294.0,-3.053447011499477
2021-03-26,135610450,Solana,-8829054.0,-6.112631070790719,-17593839.0,-11.483907607834665
2021-03-27,147786656,Solana,12176206.0,8.978810998709918,95742.0,0.06482592422714095
2021-03-28,172583244,Solana,24796588.0,16.778637984744705,20647919.0,13.589939666762806
2021-03-29,189014228,Solana,16430984.0,9.52061371612647,36033106.0,23.55395589267544
2021-03-30,202157669,Solana,13143441.0,6.9536781114700075,40092266.0,24.73832493416255
2021-03-31,209794033,Solana,7636364.0,3.777429784273978,53692722.0,34.3960737139485
2021-04-01,216074736,Solana,6280703.0,2.9937472053840564,71635232.0,49.59531846633869
2021-04-02,236083655,Solana,20008919.0,9.260184402122796,100473205.0,74.0895742179161
2021-04-03,236307232,Solana,223577.0,0.09470244774039127,88520576.0,59.89754311783062
2021-04-04,236512420,Solana,205188.0,0.08683102851461122,63929176.0,37.042516132099124
2021-04-05,236284645,Solana,-227775.0,-0.0963057246634258,47270417.0,25.008919963422006
2021-04-06,272660066,Solana,36375421.0,15.394746027614282,70502397.0,34.87495544875916
2021-04-07,268791821,Solana,-3868245.0,-1.418706104178824,58997788.0,28.12176645653215
2021-04-08,279546575,Solana,10754754.0,4.001146299760361,63471839.0,29.374946916515032
2021-04-09,294784827,Solana,15238252.0,5.451060167701938,58701172.0,24.86456421559553
2021-04-10,331055199,Solana,36270372.0,12.304015905133415,94747967.0,40.09524642902169
2021-04-11,647826457,Solana,316771258.0,95.68532950301136,411314037.0,173.9080074526319
2021-04-12,739114210,Solana,91287753.0,14.091390064978459,502829565.0,212.80670396504183
2021-04-13,725197241,Solana,-13916969.0,-1.8829253736036278,452537175.0,165.97119689687156
2021-04-14,789380856,Solana,64183615.0,8.850504576037132,520589035.0,193.67740917979793
2021-04-15,845183863,Solana,55803007.0,7.069212101591682,565637288.0,202.34098307231986
2021-04-16,832431640,Solana,-12752223.0,-1.5088105154700493,537646813.0,182.38618943572695
2021-04-17,824389987,Solana,-8041653.0,-0.966043650142856,493334788.0,149.01889155953114
2021-04-18,731812653,Solana,-92577334.0,-11.22979845217358,83986196.0,12.964304728912923
2021-04-19,752985413,Solana,21172760.0,2.893194031724411,13871203.0,1.8767333670935749
2021-04-20,679436372,Solana,-73549041.0,-9.767658141871605,-45760869.0,-6.310127288528944
2021-04-21,829344535,Solana,149908163.0,22.063605832394263,39963679.0,5.062661286531123
2021-04-22,856891182,Solana,27546647.0,3.3214961740840376,11707319.0,1.3851801380168949
2021-04-23,944231588,Solana,87340406.0,10.192706826104313,111799948.0,13.430526018929312
2021-04-24,901200587,Solana,-43031001.0,-4.557250736669916,76810600.0,9.317265033690902
2021-04-25,916208113,Solana,15007526.0,1.66528142751865,184395460.0,25.19708551691302
2021-04-26,1069894340,Solana,153686227.0,16.774161330745606,316908927.0,42.08699418723003
2021-04-27,1276677940,Solana,206783600.0,19.327478636815677,597241568.0,87.90250163410445
2021-04-28,1329654493,Solana,52976553.0,4.149562809865737,500309958.0,60.325948611936056
2021-04-29,1323930069,Solana,-5724424.0,-0.43051965981661944,467038887.0,54.50387363187967
2021-04-30,1251700240,Solana,-72229829.0,-5.455713310791188,307468652.0,32.56284325874512
2021-05-01,1355254181,Solana,103553941.0,8.27306232680758,454053594.0,50.383188887115104
2021-05-02,1470780217,Solana,115526036.0,8.524307662696673,554572104.0,60.52905405783064
2021-05-03,1540847058,Solana,70066841.0,4.76392326944115,470952718.0,44.018619446103436
2021-05-04,1556253722,Solana,15406664.0,0.9998827541000566,279575782.0,21.8986929467897
2021-05-05,1508702507,Solana,-47551215.0,-3.05549245137805,179048014.0,13.46575482146699
2021-05-06,1539822922,Solana,31120415.0,2.0627270688296173,215892853.0,16.3069680230973
2021-05-07,1537938603,Solana,-1884319.0,-0.12237244770668676,286238363.0,22.86796421801438
2021-05-08,1548041003,Solana,10102400.0,0.6568792785546673,192786822.0,14.225141283663012
2021-05-09,1599948716,Solana,51907713.0,3.3531226175150586,129168499.0,8.782311422672606
2021-05-10,1622269712,Solana,22320996.0,1.3951069666660487,81422654.0,5.28427877233224
2021-05-11,1571029533,Solana,-51240179.0,-3.158548706233877,14775811.0,0.9494474320685287
2021-05-12,1633176756,Solana,62147223.0,3.955827799196432,124474249.0,8.250417058530157
2021-05-13,1435048916,Solana,-198127840.0,-12.131438882663105,-104774006.0,-6.804289279179853
2021-05-14,1496478540,Solana,61429624.0,4.280664116400068,-41460063.0,-2.695820426064177
2021-05-15,1382212605,Solana,-114265935.0,-7.635654768560862,-165828398.0,-10.712145071004942
2021-05-16,1549574579,Solana,167361974.0,12.10826564557339,-50374137.0,-3.1484844792987743
2021-05-17,1125804868,Solana,-423769711.0,-27.347487287347917,-496464844.0,-30.603101341757654
2021-05-18,1296947874,Solana,171143006.0,15.20183567015807,-274081659.0,-17.445990240337515
2021-05-19,875150588,Solana,-421797286.0,-32.52230058399401,-758026168.0,-46.41421482488941
2021-05-20,973602542,Solana,98451954.0,11.249715803196136,-461446374.0,-32.155445633603755
2021-05-21,715568965,Solana,-258033577.0,-26.50296870321852,-780909575.0,-52.18314557320682
2021-05-22,790006618,Solana,74437653.0,10.402582649738035,-592205987.0,-42.84478269535098
2021-05-23,658552593,Solana,-131454025.0,-16.639610606401277,-891021986.0,-57.501071460207534
2021-05-24,768757432,Solana,110204839.0,16.734402107198143,-357047436.0,-31.714859843722042
2021-05-25,612657114,Solana,-156100318.0,-20.30553611610483,-684290760.0,-52.76162394171904
2021-05-26,857310002,Solana,244652888.0,39.93308531140307,-17840586.0,-2.038573274660249
2021-05-27,850953177,Solana,-6356825.0,-0.7414849920297506,-122649365.0,-12.597477893602294
2021-05-28,791685442,Solana,-59267735.0,-6.964864413450567,76116477.0,10.637196513965641
2021-05-29,736826756,Solana,-54858686.0,-6.929353893563195,-53179862.0,-6.731571709441042
2021-05-30,813407821,Solana,76581065.0,10.393361041302907,154855228.0,23.514481553335862
2021-05-31,880378004,Solana,66970183.0,8.233284862895363,111620572.0,14.519608832867847
2021-06-01,670808190,Solana,-209569814.0,-23.80452635661261,58151076.0,9.491618504245425
2021-06-02,848207713,Solana,177399523.0,26.44564059362484,-9102289.0,-1.0617266774871958
2021-06-03,760054301,Solana,-88153412.0,-10.392903842882173,-90898876.0,-10.682006772741627
2021-06-04,740082595,Solana,-19971706.0,-2.627668309188347,-51602847.0,-6.518099773268283
2021-06-05,725056470,Solana,-15026125.0,-2.030330817332626,-11770286.0,-1.597429233419423
2021-06-06,742389346,Solana,17332876.0,2.3905553177120176,-71018475.0,-8.730980102046503
2021-06-07,735811188,Solana,-6578158.0,-0.8860792568539888,-144566816.0,-16.420993634911397
2021-06-08,691338751,Solana,-44472437.0,-6.044001195589321,20530561.0,3.060571010619295
2021-06-09,689235758,Solana,-2102993.0,-0.30419139632460457,-158971955.0,-18.742102030378494
2021-06-10,638617904,Solana,-50617854.0,-7.344055123733151,-121436397.0,-15.977331730144373
2021-06-11,556162146,Solana,-82455758.0,-12.911595099908125,-183920449.0,-24.85134095066781
2021-06-12,534624148,Solana,-21537998.0,-3.8726112798047163,-190432322.0,-26.264481441011068
2021-06-13,541039253,Solana,6415105.0,1.1999280286905334,-201350093.0,-27.12189959148471
2021-06-14,556519807,Solana,15480554.0,2.8612626374449057,-179291381.0,-24.36649291611478
2021-06-15,584211544,Solana,27691737.0,4.975876267419177,-107127207.0,-15.49561728530967
2021-06-16,547748099,Solana,-36463445.0,-6.241479713040388,-141487659.0,-20.528194795140042
2021-06-17,540478965,Solana,-7269134.0,-1.327094336478929,-98138939.0,-15.36739549350311
2021-06-18,516185477,Solana,-24293488.0,-4.4948073048504344,-39976669.0,-7.18795216242567
2021-06-19,502604659,Solana,-13580818.0,-2.630995757364174,-32019489.0,-5.989158761306079
2021-06-20,506128155,Solana,3523496.0,0.7010472220871256,-34911098.0,-6.452599844913653
2021-06-21,466164686,Solana,-39963469.0,-7.895918969376437,-90355121.0,-16.235742171886436
2021-06-22,447502806,Solana,-18661880.0,-4.003280505894002,-136708738.0,-23.400554029449307
2021-06-23,444512249,Solana,-2990557.0,-0.6682767034984827,-103235850.0,-18.847322371081386
2021-06-24,448430968,Solana,3918719.0,0.8815772813495659,-92047997.0,-17.03081950654638
2021-06-25,451721654,Solana,3290686.0,0.7338222011464612,-64463823.0,-12.488499942821907
2021-06-26,423082407,Solana,-28639247.0,-6.340020839470317,-79522252.0,-15.822028422541944
2021-06-27,449526718,Solana,26444311.0,6.2503924915034315,-56601437.0,-11.183222359957433
2021-06-28,463489716,Solana,13962998.0,3.1061553053227,-2674970.0,-0.5738251052333054
2021-06-29,479139300,Solana,15649584.0,3.376468443584635,31636494.0,7.06956326883903
2021-06-30,491278563,Solana,12139263.0,2.533556107795798,46766314.0,10.520815591743116
2021-07-01,507472546,Solana,16193983.0,3.2962934309836767,59041578.0,13.166257955672677
2021-07-02,790560134,Solana,283087588.0,55.783823229720085,338838480.0,75.01045765674097
2021-07-03,869787883,Solana,79227749.0,10.021723281078065,446705476.0,105.58356211677693
2021-07-04,873447775,Solana,3659892.0,0.42077983282275966,423921057.0,94.3038622678708
2021-07-05,853035678,Solana,-20412097.0,-2.3369567802722924,389545962.0,84.04630104025867
2021-07-06,885504288,Solana,32468610.0,3.80624290840037,406364988.0,84.81145003133743
2021-07-07,898078492,Solana,12574204.0,1.4200048684575028,406799929.0,82.80433131783118
2021-07-08,855072856,Solana,-43005636.0,-4.788627762839237,347600310.0,68.4963773390019
2021-07-09,858662277,Solana,3589421.0,0.4197795515099356,68102143.0,8.614416547343895
2021-07-10,848788419,Solana,-9873858.0,-1.1499117015478233,-20999464.0,-2.4143201360279254
2021-07-11,855127871,Solana,6339452.0,0.7468824807328023,-18319904.0,-2.0974240846855396
2021-07-12,832663878,Solana,-22463993.0,-2.626974720602926,-20371800.0,-2.388153335832688
2021-07-13,822681126,Solana,-9982752.0,-1.1988933666700952,-62823162.0,-7.094619738306673
2021-07-14,831885719,Solana,9204593.0,1.1188530657989082,-66192773.0,-7.37048861426246
2021-07-15,785680901,Solana,-46204818.0,-5.554226613667835,-69391955.0,-8.115326607911877
2021-07-16,781718509,Solana,-3962392.0,-0.5043258649862437,-76943768.0,-8.96088835634269
2021-07-17,876082630,Solana,94364121.0,12.071368390741277,27294211.0,3.2156672250732043
2021-07-18,886311874,Solana,10229244.0,1.1676117810942133,31184003.0,3.6467064233952406
2021-07-19,861778925,Solana,-24532949.0,-2.767981533326491,29115047.0,3.4966146327774394
2021-07-20,854373926,Solana,-7404999.0,-0.8592689824713506,31692800.0,3.8523796156713974
2021-07-21,891610557,Solana,37236631.0,4.358352925672038,59724838.0,7.179452253585317
2021-07-22,919195017,Solana,27584460.0,3.0937789804568183,133514116.0,16.993427717291553
2021-07-23,949581083,Solana,30386066.0,3.3057257097815596,167862574.0,21.473531976968975
2021-07-24,970500585,Solana,20919502.0,2.203024299295153,94417955.0,10.777288781538786
2021-07-25,986521609,Solana,16021024.0,1.6508000353240293,100209735.0,11.306373968312645
2021-07-26,997549981,Solana,11028372.0,1.1179047574212841,135771056.0,15.754743132062554
2021-07-27,1023543513,Solana,25993532.0,2.6057373059084954,169169587.0,19.800415468203326
2021-07-28,1066854851,Solana,43311338.0,4.231509207952944,175244294.0,19.654802494672573
2021-07-29,1135937952,Solana,69083101.0,6.475398310767955,216742935.0,23.579646428827417
2021-07-30,1192566473,Solana,56628521.0,4.985177306585853,242985390.0,25.588693198514356
2021-07-31,1244169934,Solana,51603461.0,4.32709305253125,273669349.0,28.198782487081143
2021-08-01,1204468607,Solana,-39701327.0,-3.19098910165434,217946998.0,22.0924707590465
2021-08-02,1235666585,Solana,31197978.0,2.5901860636870833,238116604.0,23.870142703155437
2021-08-03,1245829134,Solana,10162549.0,0.8224345566486324,222285621.0,21.71726147220474
2021-08-04,1290175469,Solana,44346335.0,3.55958403843204,223320618.0,20.932614946698113
2021-08-05,1364332725,Solana,74157256.0,5.7478426603071675,228394773.0,20.106271878483728
2021-08-06,1314146303,Solana,-50186422.0,-3.678459152989977,121579830.0,10.194805300383457
2021-08-07,1327362329,Solana,13216026.0,1.0056738713056346,83192395.0,6.68657815355953
2021-08-08,1304155428,Solana,-23206901.0,-1.7483471161550468,99686821.0,8.276415044829811
2021-08-09,1361913466,Solana,57758038.0,4.42876951319946,126246881.0,10.216904991405906
2021-08-10,1343991879,Solana,-17921587.0,-1.3159123136241901,98162745.0,7.879310438408793
2021-08-11,1343511250,Solana,-480629.0,-0.03576130239399955,53335781.0,4.133994350500236
2021-08-12,1402560821,Solana,59049571.0,4.395167587915627,38228096.0,2.8019628423118004
2021-08-13,1463369152,Solana,60808331.0,4.33552186040993,149222849.0,11.355116904361907
2021-08-14,1508051128,Solana,44681976.0,3.0533632569015534,180688799.0,13.61262068783633
2021-08-15,1631699574,Solana,123648446.0,8.199221081050778,327544146.0,25.115422515421226
2021-08-16,1729658494,Solana,97958920.0,6.003489953721108,367745028.0,27.002084727165766
2021-08-17,1786087699,Solana,56429205.0,3.262447771958854,442095820.0,32.894232986656306
2021-08-18,1997161281,Solana,211073582.0,11.817649386319417,653650031.0,48.65236751832187
2021-08-19,2103736573,Solana,106575292.0,5.3363387831470765,701175752.0,49.99253804195634
2021-08-20,2274158627,Solana,170422054.0,8.100921768782698,810789475.0,55.40566943698975
2021-08-21,2275112735,Solana,954108.0,0.041954329336246765,767061607.0,50.864429776813246
2021-08-22,2218000709,Solana,-57112026.0,-2.5102943305356673,586301135.0,35.93192915793455
2021-08-23,2250117206,Solana,32116497.0,1.4479930898885884,520458712.0,30.09025849931739
2021-08-24,2204595033,Solana,-45522173.0,-2.023102302342916,418507334.0,23.431510907012854
2021-08-25,2193191447,Solana,-11403586.0,-0.5172644331182252,196030166.0,9.815439937922577
2021-08-26,2253275462,Solana,60084015.0,2.739570003438918,149538889.0,7.108251618535699
2021-08-27,2439598288,Solana,186322826.0,8.268976835820174,165439661.0,7.274763467939915
2021-08-28,2567798841,Solana,128200553.0,5.254986184840282,292686106.0,12.864685845996116
2021-08-29,2593429466,Solana,25630625.0,0.9981554859654906,375428757.0,16.92644891755983
2021-08-30,2709652837,Solana,116223371.0,4.4814548659871,459535631.0,20.422741969824298
2021-08-31,2735864216,Solana,26211379.0,0.9673334768973474,531269183.0,24.09826635039869
2021-09-01,2877963189,Solana,142098973.0,5.193933681685325,684771742.0,31.22261592514772
2021-09-02,3029584099,Solana,151620910.0,5.268340838392849,776308637.0,34.4524515573853
2021-09-03,3191574878,Solana,161990779.0,5.34696425999428,751976590.0,30.82378741200362
2021-09-04,3328505721,Solana,136930843.0,4.2903847860153554,760706880.0,29.624862658780216
2021-09-05,3546418518,Solana,217912797.0,6.546865628776244,952989052.0,36.746287666340564
2021-09-06,4208649902,Solana,662231384.0,18.67324402460726,1498997065.0,55.320631651825146
2021-09-07,3966327656,Solana,-242322246.0,-5.757719260156224,1230463440.0,44.97531101156083
2021-09-08,4816807931,Solana,850480275.0,21.442511783247387,1938844742.0,67.36864284472264
2021-09-09,5658526091,Solana,841718160.0,17.47460500932314,2628941992.0,86.77567303273597
2021-09-10,6350729997,Solana,692203906.0,12.232936543333505,3159155119.0,98.9842081029189
2021-09-11,6694664395,Solana,343934398.0,5.415667146335457,3366158674.0,101.13122692752015
2021-09-12,7604633492,Solana,909969097.0,13.592452784931574,4058214974.0,114.43136091813066
2021-09-13,7326415290,Solana,-278218202.0,-3.6585353165630274,3117765388.0,74.07994156316973
2021-09-14,7151040149,Solana,-175375141.0,-2.3937373743933676,3184712493.0,80.29373186510136
2021-09-15,7131258837,Solana,-19781312.0,-0.27662146467973825,2314450906.0,48.04947465529325
2021-09-16,6704300350,Solana,-426958487.0,-5.987140514165013,1045774259.0,18.4813897149529
2021-09-17,6483722696,Solana,-220577654.0,-3.2900920675488554,132992699.0,2.094132470799792
2021-09-18,7201356137,Solana,717633441.0,11.068231549179753,506691742.0,7.568590628358152
2021-09-19,6882391944,Solana,-318964193.0,-4.429223981316344,-722241548.0,-9.497387990621654
2021-09-20,5953651385,Solana,-928740559.0,-13.4944444686802,-1372763905.0,-18.737183884098386
2021-09-21,5543049946,Solana,-410601439.0,-6.89663220850476,-1607990203.0,-22.48610229415172
2021-09-22,6276025425,Solana,732975479.0,13.223324453876394,-855233412.0,-11.992741135165163
2021-09-23,6556372861,Solana,280347436.0,4.466958258060272,-147927489.0,-2.206456770690468
2021-09-24,6268148421,Solana,-288224440.0,-4.396095922403642,-215574275.0,-3.3248534076417924
2021-09-25,6353408537,Solana,85260116.0,1.3602121435790426,-847947600.0,-11.774832182556727
2021-09-26,6342540190,Solana,-10868347.0,-0.1710632479669183,-539851754.0,-7.843955392145851
2021-09-27,6323728768,Solana,-18811422.0,-0.2965912936532811,370077383.0,6.215973342550685
2021-09-28,6147041840,Solana,-176686928.0,-2.7940307764951933,603991894.0,10.896381953690582
2021-09-29,6277367087,Solana,130325247.0,2.1201294930506043,1341662.0,0.02137757432683074
2021-09-30,6617236505,Solana,339869418.0,5.414203332219425,60863644.0,0.9283127316025874
2021-10-01,7114242817,Solana,497006312.0,7.510783566893231,846094396.0,13.498314640498199
2021-10-02,7220803330,Solana,106560513.0,1.4978475677744019,867394793.0,13.652432201527741
2021-10-03,7441217915,Solana,220414585.0,3.052493952913138,1098677725.0,17.322361263587037
2021-10-04,7300749820,Solana,-140468095.0,-1.8877030158846009,977021052.0,15.450078392736021
2021-10-05,7270422667,Solana,-30327153.0,-0.41539778444291686,1123380827.0,18.27514528516696
2021-10-06,6900156538,Solana,-370266129.0,-5.092773088428748,622789451.0,9.921188969333251
2021-10-07,6649879818,Solana,-250276720.0,-3.627116553395504,32643313.0,0.4933073341920613
2021-10-08,6650989615,Solana,1109797.0,0.016688978302981106,-463253202.0,-6.51163045620291
2021-10-09,6668108737,Solana,17119122.0,0.25739210239317245,-552694593.0,-7.654198123687161
2021-10-10,6535290908,Solana,-132817829.0,-1.99183657973393,-905927007.0,-12.174445330700944
2021-10-11,6552348938,Solana,17058030.0,0.2610140885866086,-748400882.0,-10.25101394311304
2021-10-12,6623123168,Solana,70774230.0,1.0801352411125231,-647299499.0,-8.903189383170973
2021-10-13,7787820635,Solana,1164697467.0,17.58532096499885,887664097.0,12.864405207498208
2021-10-14,7865264964,Solana,77444329.0,0.9944287706364241,1215385146.0,18.276798668002627
2021-10-15,7534917475,Solana,-330347489.0,-4.200080868375434,883927860.0,13.290170503446209
2021-10-16,7621040592,Solana,86123117.0,1.1429868646305241,952931855.0,14.290886555469196
2021-10-17,7925872554,Solana,304831962.0,3.999873223611883,1390581646.0,21.278037436677177
2021-10-18,7640107857,Solana,-285764697.0,-3.6054667174250876,1087758919.0,16.601052985618626
2021-10-19,7461956613,Solana,-178151244.0,-2.331789646618332,838833445.0,12.665224905568294
2021-10-20,7466363059,Solana,4406446.0,0.059052152518868084,-321457576.0,-4.127696194687724
2021-10-21,7933436821,Solana,467073762.0,6.255706537562311,68171857.0,0.8667458415200002
2021-10-22,7868042413,Solana,-65394408.0,-0.8242885079376872,333124938.0,4.421082767067741
2021-10-23,7707026730,Solana,-161015683.0,-2.0464516400415134,85986138.0,1.1282729302119376
2021-10-24,8115070507,Solana,408043777.0,5.294438326153306,189197953.0,2.3870930514081623
2021-10-25,8183788321,Solana,68717814.0,0.8467925687241307,543680464.0,7.116135978392912
2021-10-26,8449789045,Solana,266000724.0,3.250337295717065,987832432.0,13.23824947305412
2021-10-27,8219139877,Solana,-230649168.0,-2.729644098469919,752776818.0,10.08224234545625
2021-10-28,7726205440,Solana,-492934437.0,-5.99739686118983,-207231381.0,-2.6121261903977566
2021-10-29,8027081125,Solana,300875685.0,3.894223203570424,159038712.0,2.0213250469675703
2021-10-30,7920353255,Solana,-106727870.0,-1.3295975004862015,213326525.0,2.7679484251639463
2021-10-31,7853513235,Solana,-66840020.0,-0.8439020059844538,-261557272.0,-3.2231053540986765
2021-11-01,8115703748,Solana,262190513.0,3.3385123976301445,-68084573.0,-0.8319444532221332
2021-11-02,8115212180,Solana,-491568.0,-0.006056997831160871,-334576865.0,-3.9595883781025187
2021-11-03,8526959834,Solana,411747654.0,5.073775581798778,307819957.0,3.745160218788679
2021-11-04,9794133173,Solana,1267173339.0,14.860787005789945,2067927733.0,26.765114506196717
2021-11-05,9804364557,Solana,10231384.0,0.10446441578113586,1777283432.0,22.141092189347965
2021-11-06,9659963037,Solana,-144401520.0,-1.4728289544976403,1739609782.0,21.9637903259152
2021-11-07,9961743713,Solana,301780676.0,3.1240355148783427,2108230478.0,26.844425098877412
2021-11-08,9933530531,Solana,-28213182.0,-0.28321529656683,1817826783.0,22.398880484615734
2021-11-09,10027276058,Solana,93745527.0,0.9437281811078613,1912063878.0,23.561477329111558
2021-11-10,9708705937,Solana,-318570121.0,-3.177035509517434,1181746103.0,13.858938308680212
2021-11-11,9305929286,Solana,-402776651.0,-4.148613147968705,-488203887.0,-4.984656409878696
2021-11-12,9610132340,Solana,304203054.0,3.2689164580011143,-194232217.0,-1.981079098709404
2021-11-13,9509495458,Solana,-100636882.0,-1.0471955894001739,-150467579.0,-1.5576413535297484
2021-11-14,9676660601,Solana,167165143.0,1.7578760486117062,-285083112.0,-2.861779224735206
2021-11-15,9597029012,Solana,-79631589.0,-0.8229242740183662,-336501519.0,-3.3875319348932953
2021-11-16,9400644816,Solana,-196384196.0,-2.046301993611188,-626631242.0,-6.249266883403082
2021-11-17,8934429975,Solana,-466214841.0,-4.959392149424657,-774275962.0,-7.975068634525484
2021-11-18,8963456377,Solana,29026402.0,0.3248825283898471,-342472909.0,-3.680158084966556
2021-11-19,8284863411,Solana,-678592966.0,-7.570661778878652,-1325268929.0,-13.790329644929745
2021-11-20,8734078017,Solana,449214606.0,5.422112396006051,-775417441.0,-8.154138612555606
2021-11-21,8721983483,Solana,-12094534.0,-0.13847522287365743,-954677118.0,-9.865770407420737
2021-11-22,8701078197,Solana,-20905286.0,-0.2396849987247318,-895950815.0,-9.335710185722213
2021-11-23,8333533673,Solana,-367544524.0,-4.224126202275991,-1067111143.0,-11.35146752043823
2021-11-24,8436786678,Solana,103253005.0,1.2390062733475427,-497643297.0,-5.569950163496584
2021-11-25,8548154789,Solana,111368111.0,1.320029950388646,-415301588.0,-4.633275050745533
2021-11-26,8558940009,Solana,10785220.0,0.12617015328124648,274076598.0,3.3081607312451577
2021-11-27,7975727436,Solana,-583212573.0,-6.81407478480669,-758350581.0,-8.682663236164679
2021-11-28,7977267278,Solana,1539842.0,0.019306602593394118,-744716205.0,-8.538381280491125
2021-11-29,8213629197,Solana,236361919.0,2.962943458743661,-487449000.0,-5.6021677884479315
2021-11-30,8423492804,Solana,209863607.0,2.5550655132648536,89959131.0,1.0794836203933622
2021-12-01,8477726900,Solana,54234096.0,0.6438433232144103,40940222.0,0.48525847058285
2021-12-02,8690625487,Solana,212898587.0,2.5112697013158103,142470698.0,1.6666836471344038
2021-12-03,8573321674,Solana,-117303813.0,-1.349774112064439,14381665.0,0.16803091252979296
2021-12-04,8217718286,Solana,-355603388.0,-4.14779010425359,241990850.0,3.034091271822148
2021-12-05,7228674575,Solana,-989043711.0,-12.03550275853299,-748592703.0,-9.384074482053473
2021-12-06,7090293935,Solana,-138380640.0,-1.9143293637616798,-1123335262.0,-13.676478875017805
2021-12-07,7090818319,Solana,524384.0,0.007395800580445311,-1332674485.0,-15.820925072401826
2021-12-08,7024538846,Solana,-66279473.0,-0.9347224822049527,-1453188054.0,-17.141246364046005
2021-12-09,7232216943,Solana,207678097.0,2.956465919727358,-1458408544.0,-16.781399062490742
2021-12-10,6951538211,Solana,-280678732.0,-3.8809501182298867,-1621783463.0,-18.91662910442663
2021-12-11,6358872890,Solana,-592665321.0,-8.52567162850628,-1858845396.0,-22.61996981773877
2021-12-12,6478340403,Solana,119467513.0,1.8787529656061341,-750334172.0,-10.379968889386614
2021-12-13,6562382733,Solana,84042330.0,1.2972817847157536,-527911202.0,-7.445547488434268
2021-12-14,6368195884,Solana,-194186849.0,-2.959090575798029,-722622435.0,-10.190959667711663
2021-12-15,6448505134,Solana,80309250.0,1.2610989275907203,-576033712.0,-8.200306448985073
2021-12-16,6774841742,Solana,326336608.0,5.060655162998584,-457375201.0,-6.324135525866515
2021-12-17,6736445335,Solana,-38396407.0,-0.5667498734614695,-215092876.0,-3.094176705518792
2021-12-18,6598505688,Solana,-137939647.0,-2.0476622334232863,239632798.0,3.768479133728997
2021-12-19,6914154542,Solana,315648854.0,4.783641462551702,435814139.0,6.727249756715192
2021-12-20,6833148072,Solana,-81006470.0,-1.1716034044065182,270765339.0,4.126021751800812
2021-12-21,6626928722,Solana,-206219350.0,-3.017925966583679,258732838.0,4.062890694836541
2021-12-22,6822615143,Solana,195686421.0,2.95289762737847,374110009.0,5.801499746468219
2021-12-23,6777634406,Solana,-44980737.0,-0.6592887925995661,2792664.0,0.04122109572961552
2021-12-24,7089737850,Solana,312103444.0,4.604902319955562,353292515.0,5.244494647116449
2021-12-25,7064679087,Solana,-25058763.0,-0.3534511928392381,466173399.0,7.064832873415261
2021-12-26,7023307330,Solana,-41371757.0,-0.585614102077614,109152788.0,1.5786859743581294
2021-12-27,7140271136,Solana,116963806.0,1.6653664791285827,307123064.0,4.494605718533884
2021-12-28,7050882480,Solana,-89388656.0,-1.2518944210580196,423953758.0,6.397439534735949
2021-12-29,6732377650,Solana,-318504830.0,-4.517233564783507,-90237493.0,-1.3226232333005572
2021-12-30,6561190253,Solana,-171187397.0,-2.542747984436078,-216444153.0,-3.193505875861191
2021-12-31,6432190593,Solana,-128999660.0,-1.9661015002730209,-657547257.0,-9.274634280024896
2022-01-01,6559829856,Solana,127639263.0,1.9843824767709295,-504849231.0,-7.14610281348792
2022-01-02,6700501937,Solana,140672081.0,2.144447098293756,-322805393.0,-4.596202014699536
2022-01-03,6704021952,Solana,3520015.0,0.05253360170769383,-436249184.0,-6.10970053784804
2022-01-04,6517690974,Solana,-186330978.0,-2.779390928820158,-533191506.0,-7.562053509080757
2022-01-05,6593987447,Solana,76296473.0,1.1706058680038378,-138390203.0,-2.055591801211565
2022-01-06,6238078126,Solana,-355909321.0,-5.397482537852339,-323112127.0,-4.924596217161392
2022-01-07,6002713804,Solana,-235364322.0,-3.773026198870666,-429476789.0,-6.67699103113315
2022-01-08,5518693723,Solana,-484020081.0,-8.063354289479296,-1041136133.0,-15.871389286838234
2022-01-09,5382213690,Solana,-136480033.0,-2.473049599241184,-1318288247.0,-19.67447005306343
2022-01-10,5476959880,Solana,94746190.0,1.7603572703929649,-1227062072.0,-18.30337192786089
2022-01-11,5223230801,Solana,-253729079.0,-4.632662728214109,-1294460173.0,-19.860717210493505
2022-01-12,5341695413,Solana,118464612.0,2.268033263575475,-1252292034.0,-18.9914227781817
2022-01-13,5472717669,Solana,131022256.0,2.452821545779882,-765360457.0,-12.269170753248758
2022-01-14,5311961489,Solana,-160756180.0,-2.9374104370594067,-690752315.0,-11.507333808580157
2022-01-15,5392655938,Solana,80694449.0,1.5191083212312773,-126037785.0,-2.2838336629322
2022-01-16,5518692262,Solana,126036324.0,2.337184597887476,136478572.0,2.535733061910439
2022-01-17,5559393537,Solana,40701275.0,0.7375166627836105,82433657.0,1.5050987921423342
2022-01-18,5491635457,Solana,-67758080.0,-1.2188034458982422,268404656.0,5.138671183142307
2022-01-19,5487748614,Solana,-3886843.0,-0.07077751300926804,146053201.0,2.7342105774985415
2022-01-20,5613992223,Solana,126243609.0,2.300462682965021,141274554.0,2.5814332575613053
2022-01-21,5399515576,Solana,-214476647.0,-3.820394444461628,87554087.0,1.6482440089467199
2022-01-22,4843182721,Solana,-556332855.0,-10.30338457532769,-549473217.0,-10.189287492422249
2022-01-23,4514168198,Solana,-329014523.0,-6.793353502303267,-1004524064.0,-18.202211979037873
2022-01-24,4466301676,Solana,-47866522.0,-1.0603619515375473,-1093091861.0,-19.662070219081162
2022-01-25,4376219740,Solana,-90081936.0,-2.016924572830847,-1115415717.0,-20.311175527469103
2022-01-26,4467853090,Solana,91633350.0,2.093892798902286,-1019895524.0,-18.58495342512787
2022-01-27,4485182525,Solana,17329435.0,0.38786940060286934,-1128809698.0,-20.107076268744596
2022-01-28,4429324066,Solana,-55858459.0,-1.2453999071085686,-970191510.0,-17.968121331334775
2022-01-29,4590744235,Solana,161420169.0,3.644352198997569,-252438486.0,-5.212243694738772
2022-01-30,4730291107,Solana,139546872.0,3.039743990442534,216122909.0,4.78765742702616
2022-01-31,4600023965,Solana,-130267142.0,-2.753892710899497,133722289.0,2.994027244477615
2022-02-01,4751626794,Solana,151602829.0,3.2956965040507047,375407054.0,8.578341040982561
2022-02-02,4929584825,Solana,177958031.0,3.7452021952715686,461731735.0,10.334532620006097
2022-02-03,4223013963,Solana,-706570862.0,-14.33327322854212,-262168562.0,-5.845215006049276
2022-02-04,4410536014,Solana,187522051.0,4.44047906644347,-18788052.0,-0.4241742469064169
2022-02-05,4785167923,Solana,374631909.0,8.494022218860398,194423688.0,4.235123501712579
2022-02-06,4875181830,Solana,90013907.0,1.8811023656525538,144890723.0,3.063040301802711
2022-02-07,4840454317,Solana,-34727513.0,-0.7123326721128698,240430352.0,5.226719552536063
2022-02-08,4915969584,Solana,75515267.0,1.5600863483988592,164342790.0,3.458663677196183
2022-02-09,4860926395,Solana,-55043189.0,-1.1196812360098618,-68658430.0,-1.3927832147608954
2022-02-10,5090786283,Solana,229859888.0,4.728725953070101,867772320.0,20.548649083403458
2022-02-11,4895276509,Solana,-195509774.0,-3.840463204139577,484740495.0,10.990512116017825
2022-02-12,4686624486,Solana,-208652023.0,-4.262313326252187,-98543437.0,-2.0593517006236906
2022-02-13,4623671635,Solana,-62952851.0,-1.3432450410322927,-251510195.0,-5.158991064749685
2022-02-14,4587772050,Solana,-35899585.0,-0.7764302449215776,-252682267.0,-5.220217988889242
2022-02-15,4634247200,Solana,46475150.0,1.0130222141267797,-281722384.0,-5.730759297553867
2022-02-16,4777078817,Solana,142831617.0,3.082088866558519,-83847578.0,-1.7249300068860607
2022-02-17,4706100610,Solana,-70978207.0,-1.4858077440006334,-384685673.0,-7.556508005150531
2022-02-18,4573603903,Solana,-132496707.0,-2.8154244454200006,-321672606.0,-6.5710814375572575
2022-02-19,4494109740,Solana,-79494163.0,-1.7381077304892245,-192514746.0,-4.107748478144235
2022-02-20,4441454304,Solana,-52655436.0,-1.1716544331647816,-182217331.0,-3.9409660846298378
2022-02-21,4452219037,Solana,10764733.0,0.24236955427652251,-135553013.0,-2.954658852328984
2022-02-22,4327820079,Solana,-124398958.0,-2.79408890187538,-306427121.0,-6.612230806332475
2022-02-23,4319769339,Solana,-8050740.0,-0.1860229827728932,-457309478.0,-9.572994198307782
2022-02-24,4170613845,Solana,-149155494.0,-3.452857833250156,-535486765.0,-11.378566022624836
2022-02-25,4254827322,Solana,84213477.0,2.019210603757049,-318776581.0,-6.9699210460901995
2022-02-26,4295698123,Solana,40870801.0,0.9605748460971286,-198411617.0,-4.414925947046411
2022-02-27,4272832360,Solana,-22865763.0,-0.5322944570423149,-168621944.0,-3.796547987629595
2022-02-28,4085776340,Solana,-187056020.0,-4.377799179558728,-366442697.0,-8.2305630957213
2022-03-01,4409302548,Solana,323526208.0,7.918353357540853,81482469.0,1.8827600850455761
2022-03-02,4358228042,Solana,-51074506.0,-1.1583352569708993,38458703.0,0.8902952908338202
2022-03-03,4297796873,Solana,-60431169.0,-1.386599517455911,127183028.0,3.049503807514453
2022-03-04,4184239542,Solana,-113557331.0,-2.642221918709098,-70587780.0,-1.659004576637435
2022-03-05,4085354776,Solana,-98884766.0,-2.3632673274899263,-210343347.0,-4.896604486096933
2022-03-06,4054125002,Solana,-31229774.0,-0.7644323617489457,-218707358.0,-5.1185569564446975
2022-03-07,4052971283,Solana,-1153719.0,-0.028457903972645138,-32805057.0,-0.8029087808560709
2022-03-08,3965703556,Solana,-87267727.0,-2.1531790113105576,-443598992.0,-10.060525154963806
2022-03-09,3928900001,Solana,-36803555.0,-0.928046044801234,-429328041.0,-9.85097697648195
2022-03-10,4137838843,Solana,208938842.0,5.317998471501428,-159958030.0,-3.7218611006234914
2022-03-11,3951124719,Solana,-186714124.0,-4.5123585302473845,-233114823.0,-5.571259022340169
2022-03-12,4155248962,Solana,204124243.0,5.166231326953974,69894186.0,1.7108474008329377
2022-03-13,4249152047,Solana,93903085.0,2.2598666375649,195027045.0,4.810582922425644
2022-03-14,3989486056,Solana,-259665991.0,-6.111007281637059,-63485227.0,-1.5663872889079111
2022-03-15,4221273115,Solana,231787059.0,5.80994784156228,255569559.0,6.444494788656874
2022-03-16,4170711031,Solana,-50562084.0,-1.1977922921009632,241811030.0,6.154675098334228
2022-03-17,4205653757,Solana,34942726.0,0.837812203729249,67814914.0,1.6388969356484928
2022-03-18,4109065053,Solana,-96588704.0,-2.296639466319239,157940334.0,3.997351266602722
2022-03-19,4387202498,Solana,278137445.0,6.768874218648202,231953536.0,5.582181431756039
2022-03-20,4324845347,Solana,-62357151.0,-1.4213419833806862,75693300.0,1.7813742403838262
2022-03-21,4223037741,Solana,-101807606.0,-2.3540172614639365,233551685.0,5.854179754526245
2022-03-22,4241576802,Solana,18539061.0,0.4389982315339269,20303687.0,0.4809849172718206
2022-03-23,4091108110,Solana,-150468692.0,-3.5474706465069894,-79602921.0,-1.9086175093006585
2022-03-24,4121617332,Solana,30509222.0,0.7457447024053376,-84036425.0,-1.9981774500605898
2022-03-25,4148626289,Solana,27008957.0,0.6552999666005865,39561236.0,0.9627795006826867
2022-03-26,4068416159,Solana,-80210130.0,-1.9334142053883174,-318786339.0,-7.26627820679181
2022-03-27,4302593105,Solana,234176946.0,5.755973254652491,-22252242.0,-0.5145211034062847
2022-03-28,4249579831,Solana,-53013274.0,-1.232123807812402,26542090.0,0.6285070517441094
2022-03-29,4337223936,Solana,87644105.0,2.06241813274457,95647134.0,2.254990030002535
2022-03-30,4273232601,Solana,-63991335.0,-1.4753984563457,182124491.0,4.451715430223624
2022-03-31,4447464439,Solana,174231838.0,4.077284207726661,325847107.0,7.905806889692113
2022-04-01,4481773935,Solana,34309496.0,0.771439467826629,333147646.0,8.030312271879826
2022-04-02,4731102037,Solana,249328102.0,5.563156589690865,662685878.0,16.288546994732343
2022-04-03,4731619939,Solana,517902.0,0.01094675185506766,429026834.0,9.97135503009643
2022-04-04,4808549261,Solana,76929322.0,1.6258559011875784,558969430.0,13.15352228289508
2022-04-05,4825021968,Solana,16472707.0,0.3425712435474626,487798032.0,11.246779949523923
2022-04-06,4596447269,Solana,-228574699.0,-4.737277892534564,323214668.0,7.563704066199506
2022-04-07,4381090584,Solana,-215356685.0,-4.685285665136174,-66373855.0,-1.4923976551215357
2022-04-08,4024894118,Solana,-356196466.0,-8.130315024776035,-456879817.0,-10.19417363807753
2022-04-09,4053305493,Solana,28411375.0,0.7058912400437878,-677796544.0,-14.326398769234572
2022-04-10,4106559764,Solana,53254271.0,1.313847946866309,-625060175.0,-13.210278573897948
2022-04-11,4075997437,Solana,-30562327.0,-0.7442318815842786,-732551824.0,-15.234362470639562
2022-04-12,3850908985,Solana,-225088452.0,-5.522291303639015,-974112983.0,-20.18877819542396
2022-04-13,3860577821,Solana,9668836.0,0.25107931757570867,-735869448.0,-16.009526595963653
2022-04-14,4089541250,Solana,228963429.0,5.930807242235359,-291549334.0,-6.654720517871859
2022-04-15,3971780747,Solana,-117760503.0,-2.8795528838350792,-53113371.0,-1.3196215712226622
2022-04-16,4027227902,Solana,55447155.0,1.3960275889317586,-26077591.0,-0.6433660390275486
2022-04-17,3975970069,Solana,-51257833.0,-1.272782028912356,-130589695.0,-3.1800266525964016
2022-04-18,3890719398,Solana,-85250671.0,-2.144147705353361,-185278039.0,-4.545587720888456
2022-04-19,4059997833,Solana,169278435.0,4.350826098819072,209088848.0,5.429597240922579
2022-04-20,4103747231,Solana,43749398.0,1.0775719544577456,243169410.0,6.298782754158094
2022-04-21,4016856795,Solana,-86890436.0,-2.1173437619067648,-72684455.0,-1.777325390714668
2022-04-22,3952371780,Solana,-64485015.0,-1.605360068605577,-19408967.0,-0.48867166231821857
2022-04-23,3842766127,Solana,-109605653.0,-2.7731615116430186,-184461775.0,-4.580365936290631
2022-04-24,3965697713,Solana,122931586.0,3.1990389718556944,-10272356.0,-0.25836099924624323
2022-04-25,3806204017,Solana,-159493696.0,-4.021831908094297,-84515381.0,-2.1722301804505517
2022-04-26,3948776649,Solana,142572632.0,3.7457958470753283,-111221184.0,-2.7394394917156117
2022-04-27,3767772455,Solana,-181004194.0,-4.583804304197303,-335974776.0,-8.187024129118448
2022-04-28,3899913937,Solana,132141482.0,3.507151336186509,-116942858.0,-2.9113026420450216
2022-04-29,3882353190,Solana,-17560747.0,-0.45028550074899254,-70018590.0,-1.7715587980440484
2022-04-30,3838258579,Solana,-44094611.0,-1.1357702105407874,-4507548.0,-0.11729956627672955
2022-05-01,3555628093,Solana,-282630486.0,-7.363508220794102,-410069620.0,-10.340415474829213
2022-05-02,3632275189,Solana,76647096.0,2.1556555971333324,-173928828.0,-4.569613904645298
2022-05-03,3644027511,Solana,11752322.0,0.32355263267471734,-304749138.0,-7.717558248759793
2022-05-04,3654803356,Solana,10775845.0,0.2957125040212061,-112969099.0,-2.9982994023454057
2022-05-05,3775014567,Solana,120211211.0,3.2891293810008104,-124899370.0,-3.2026186222991027
2022-05-06,3607987045,Solana,-167027522.0,-4.424553045704849,-274366145.0,-7.067006312220658
2022-05-07,3575335096,Solana,-32651949.0,-0.9049907494886766,-262923483.0,-6.850072176963662
2022-05-08,3531183252,Solana,-44151844.0,-1.2349008642405623,-24444841.0,-0.687497127388681
2022-05-09,3406626647,Solana,-124556605.0,-3.5273333642328875,-225648542.0,-6.212319558918756
2022-05-10,2977807176,Solana,-428819471.0,-12.587803579169265,-666220335.0,-18.282527587646413
2022-05-11,3013958516,Solana,36151340.0,1.2140255518008791,-640844840.0,-17.534317925694708
2022-05-12,2646294386,Solana,-367664130.0,-12.198712359450404,-1128720181.0,-29.899756966951063
2022-05-13,2504459607,Solana,-141834779.0,-5.3597505912556525,-1103527438.0,-30.585681828577627
2022-05-14,2507642131,Solana,3182524.0,0.12707427946152539,-1067692965.0,-29.8627383540779
2022-05-15,2573223090,Solana,65580959.0,2.6152439452693077,-957960162.0,-27.128588171045166
2022-05-16,2736899436,Solana,163676346.0,6.36075226575088,-669727211.0,-19.65954242710414
2022-05-17,2709082290,Solana,-27817146.0,-1.0163744284537923,-268724886.0,-9.024254094281892
2022-05-18,2760557698,Solana,51475408.0,1.9001049982870777,-253400818.0,-8.407574844006248
2022-05-19,2689164260,Solana,-71393438.0,-2.5861961896947117,42869874.0,1.6199964080640283
2022-05-20,2752041452,Solana,62877192.0,2.3381685133655683,247581845.0,9.885639373380407
2022-05-21,2611117390,Solana,-140924062.0,-5.120710005933438,103475259.0,4.126396574727198
2022-05-22,2646259317,Solana,35141927.0,1.3458577976840802,73036227.0,2.8383169451506873
2022-05-23,2701752751,Solana,55493434.0,2.0970520025570094,-35146685.0,-1.2841788973937285
2022-05-24,2690204545,Solana,-11548206.0,-0.4274338573626246,-18877745.0,-0.696831730423364
2022-05-25,2645229346,Solana,-44975199.0,-1.671813360199348,-115328352.0,-4.177719309527728
2022-05-26,2627012059,Solana,-18217287.0,-0.6886845946854292,-62152201.0,-2.311208799123343
2022-05-27,2544374976,Solana,-82637083.0,-3.1456682018984217,-207666476.0,-7.545906543271064
2022-05-28,2435185793,Solana,-109189183.0,-4.291395098204265,-175931597.0,-6.73778964031947
2022-05-29,2476559893,Solana,41374100.0,1.6990120474146497,-169699424.0,-6.412804025282903
2022-05-30,2512781627,Solana,36221734.0,1.4625825970282724,-188971124.0,-6.99438999109212
2022-05-31,2520917517,Solana,8135890.0,0.3237802247747723,-169287028.0,-6.292719574600225
2022-06-01,2511483227,Solana,-9434290.0,-0.37424032862555245,-133746119.0,-5.05612563244261
2022-06-02,2440606912,Solana,-70876315.0,-2.8220899203321603,-186405147.0,-7.095709605191425
2022-06-03,2372493131,Solana,-68113781.0,-2.7908542201162123,-171881845.0,-6.755366116287409
2022-06-04,2399596224,Solana,27103093.0,1.1423886815881357,-35589569.0,-1.4614724306581839
2022-06-05,2395477474,Solana,-4118750.0,-0.17164346062914504,-81082419.0,-3.2739938666203727
2022-06-06,2339879041,Solana,-55598433.0,-2.320974987385749,-172902586.0,-6.880923680042494
2022-06-07,2366949034,Solana,27069993.0,1.1568971098792735,-153968483.0,-6.1076366823468735
2022-06-08,2356903833,Solana,-10045201.0,-0.42439447811110087,-154579394.0,-6.154904493813684
2022-06-09,2487731837,Solana,130828004.0,5.550841836150555,47124925.0,1.9308691116252996
2022-06-10,2461343569,Solana,-26388268.0,-1.0607360330212257,88850438.0,3.745024035645983
2022-06-11,2409347919,Solana,-51995650.0,-2.11249053788638,9751695.0,0.4063889958846767
2022-06-12,2276101238,Solana,-133246681.0,-5.530404303555459,-119376236.0,-4.9834004826045835
2022-06-13,2094418261,Solana,-181682977.0,-7.982201053571947,-245460780.0,-10.49031918740111
2022-06-14,1899145885,Solana,-195272376.0,-9.323466073427255,-467803149.0,-19.76397219713012
2022-06-15,1898304377,Solana,-841508.0,-0.04430981351387642,-458599456.0,-19.457707589887907
2022-06-16,1791545957,Solana,-106758420.0,-5.623883150325792,-696185880.0,-27.984763857809646
2022-06-17,1601845745,Solana,-189700212.0,-10.588632195495506,-859497824.0,-34.91986388349672
2022-06-18,1690729234,Solana,88883489.0,5.548816999229844,-718618685.0,-29.826272882094283
2022-06-19,1606205418,Solana,-84523816.0,-4.999252056465009,-669895820.0,-29.431723370469864
2022-06-20,1647931629,Solana,41726211.0,2.597812865801208,-446486632.0,-21.317930630857884
2022-06-21,1630951494,Solana,-16980135.0,-1.0303907456587824,-268194391.0,-14.121842514483818
2022-06-22,1646436945,Solana,15485451.0,0.9494734243764125,-251867432.0,-13.268021453864032
2022-06-23,1632932359,Solana,-13504586.0,-0.8202309867384572,-158613598.0,-8.85344846333741
2022-06-24,1658645227,Solana,25712868.0,1.57464379086385,56799482.0,3.5458771343803708
2022-06-25,1714779635,Solana,56134408.0,3.3843529096050595,24050401.0,1.422486848654092
2022-06-26,1717098543,Solana,2318908.0,0.1352306706161599,110893125.0,6.904043764095924
2022-06-27,1664372611,Solana,-52725932.0,-3.0706410074683776,16440982.0,0.9976737936619795
2022-06-28,1673138874,Solana,8766263.0,0.5267007485020514,42187380.0,2.5866728811494655
2022-06-29,1656030879,Solana,-17107995.0,-1.022508965983182,9593934.0,0.5827088628650667
2022-06-30,1607607784,Solana,-48423095.0,-2.9240454157014595,-25324575.0,-1.5508649124639007
2022-07-01,1558848755,Solana,-48759029.0,-3.0330177226860155,-99796472.0,-6.016746099496051
2022-07-02,1532175498,Solana,-26673257.0,-1.7110869104167814,-182604137.0,-10.64883984349394
2022-07-03,1571752658,Solana,39577160.0,2.583069632144719,-145345885.0,-8.464621066305334
2022-07-04,1579477582,Solana,7724924.0,0.49148471043971576,-84895029.0,-5.100722544874903
2022-07-05,1599575859,Solana,20098277.0,1.2724635809360896,-73563015.0,-4.396707060193494
2022-07-06,1580541536,Solana,-19034323.0,-1.1899606319327405,-75489343.0,-4.558450205082199
2022-07-07,1652542224,Solana,72000688.0,4.555444217063598,44934440.0,2.7951121192132833
2022-07-08,1729678199,Solana,77135975.0,4.6677158307816935,170829444.0,10.958692653925883
2022-07-09,1717467234,Solana,-12210965.0,-0.7059674456820764,185291736.0,12.093375480933322
2022-07-10,1708185958,Solana,-9281276.0,-0.5404048366258407,136433300.0,8.6803288867096
2022-07-11,1635696116,Solana,-72489842.0,-4.243673919722035,56218534.0,3.5593119295060704
2022-07-12,1559041270,Solana,-76654846.0,-4.6863745197032625,-40534589.0,-2.5340835679616203
2022-07-13,1586717731,Solana,27676461.0,1.77522311516487,6176195.0,0.3907644854200143
2022-07-14,1606591440,Solana,19873709.0,1.2525043750204468,-45950784.0,-2.780611795127119
2022-07-15,1580509699,Solana,-26081741.0,-1.6234208866443334,-149168500.0,-8.624060827397873
2022-07-16,1605350608,Solana,24840909.0,1.5717024081356223,-112116626.0,-6.52802125015679
2022-07-17,1691261715,Solana,85911107.0,5.35154791556911,-16924243.0,-0.9907728675989991
2022-07-18,1671971281,Solana,-19290434.0,-1.140594257465355,36275165.0,2.2177203115642863
2022-07-19,1776919065,Solana,104947784.0,6.27688915429403,217877795.0,13.975114013498825
2022-07-20,1774892826,Solana,-2026239.0,-0.11403102369211826,188175095.0,11.859393219322389
2022-07-21,1732487796,Solana,-42405030.0,-2.3891600314575823,125896356.0,7.836239685180946
2022-07-22,1733323158,Solana,835362.0,0.04821748250860569,152813459.0,9.668618870019351
2022-07-23,1686025152,Solana,-47298006.0,-2.7287471341798097,80674544.0,5.025353564384738
2022-07-24,1670639037,Solana,-15386115.0,-0.9125673470380069,-20622678.0,-1.2193664538784899
2022-07-25,1680230556,Solana,9591519.0,0.5741227630609913,8259275.0,0.49398426240072624
2022-07-26,1644083270,Solana,-36147286.0,-2.1513289275046366,-132835795.0,-7.475624389229008
2022-07-27,1600516566,Solana,-43566704.0,-2.6499086022571117,-174376260.0,-9.824607854942114
2022-07-28,1678542821,Solana,78026255.0,4.875067003836309,-53944975.0,-3.113729004299437
2022-07-29,1702124911,Solana,23582090.0,1.4049144117723955,-31198247.0,-1.7999094315452546
2022-07-30,1692142371,Solana,-9982540.0,-0.5864751720327743,6117219.0,0.3628189646366575
2022-07-31,1713590610,Solana,21448239.0,1.2675197647420644,42951573.0,2.5709666809371923
2022-08-01,1697453858,Solana,-16136752.0,-0.9416923684006373,17223302.0,1.025055873344094
2022-08-02,1693096347,Solana,-4357511.0,-0.2567086568782573,49013077.0,2.981179718470095
2022-08-03,1606737909,Solana,-86358438.0,-5.100621600951339,6221343.0,0.3887084415219899
2022-08-04,1569868450,Solana,-36869459.0,-2.2946778558891934,-108674371.0,-6.474328187544042
2022-08-05,1574929416,Solana,5060966.0,0.32238153458017393,-127195495.0,-7.472747398149093
2022-08-06,1605909437,Solana,30980021.0,1.9670736151898849,-86232934.0,-5.096080299025852
2022-08-07,1606807421,Solana,897984.0,0.05591747450450768,-106783189.0,-6.231546110071184
2022-08-08,1622775491,Solana,15968070.0,0.9937762168201969,-74678367.0,-4.399434284946557
2022-08-09,1642443658,Solana,19668167.0,1.212007890745248,-50652689.0,-2.991719230258316
2022-08-10,1506741801,Solana,-135701857.0,-8.262192516560585,-99996108.0,-6.223548186663219
2022-08-11,1541137495,Solana,34395694.0,2.2827862064470628,-28730955.0,-1.8301504817171188
2022-08-12,1523879038,Solana,-17258457.0,-1.1198518662995705,-51050378.0,-3.2414391071352022
2022-08-13,1565506395,Solana,41627357.0,2.731670687893528,-40403042.0,-2.5158979123677705
2022-08-14,1588639972,Solana,23133577.0,1.4777056851307258,-18167449.0,-1.1306550344840627
2022-08-15,1561108660,Solana,-27531312.0,-1.733011411348273,-61666831.0,-3.800083951354183
2022-08-16,1558492667,Solana,-2615993.0,-0.16757276844521218,-83950991.0,-5.111346778386716
2022-08-17,1648984182,Solana,90491515.0,5.806348461952693,142242381.0,9.44039522269815
2022-08-18,1576367092,Solana,-72617090.0,-4.4037469123521245,35229597.0,2.2859476921622823
2022-08-19,1560502838,Solana,-15864254.0,-1.0063806888960358,36623800.0,2.40332723836576
2022-08-20,1487288128,Solana,-73214710.0,-4.691738343381335,-78218267.0,-4.996355636094352
2022-08-21,1506411742,Solana,19123614.0,1.2858042527184033,-82228230.0,-5.176014166159981
2022-08-22,1515109802,Solana,8698060.0,0.5774025624927681,-45998858.0,-2.9465506904561067
2022-08-23,1493698764,Solana,-21411038.0,-1.4131674134598482,-64793903.0,-4.157472432945363
2022-08-24,1473695584,Solana,-20003180.0,-1.3391709548204456,-175288598.0,-10.630095783417282
2022-08-25,1462921029,Solana,-10774555.0,-0.731124875244249,-113446063.0,-7.196677955010244
2022-08-26,1501106781,Solana,38185752.0,2.610240145778908,-59396057.0,-3.806212686939059
2022-08-27,1420839823,Solana,-80266958.0,-5.347185091424889,-66448305.0,-4.467749304860991
2022-08-28,1450843963,Solana,30004140.0,2.1117186831551837,-55567779.0,-3.6887510532960244
2022-08-29,1382588994,Solana,-68254969.0,-4.704501017384732,-132520808.0,-8.746614128234654
2022-08-30,1414620091,Solana,32031097.0,2.316747575671796,-79078673.0,-5.294151331305519
2022-08-31,1401972084,Solana,-12648007.0,-0.8940921368548516,-71723500.0,-4.866914224260855
2022-09-01,1371489615,Solana,-30482469.0,-2.1742564882625715,-91431414.0,-6.249921368790446
2022-09-02,1452465726,Solana,80976111.0,5.904245290256904,-48641055.0,-3.2403460976704546
2022-09-03,1369991705,Solana,-82474021.0,-5.678207721095651,-50848118.0,-3.5787368271138376
2022-09-04,1415908447,Solana,45916742.0,3.35160730042523,-34935516.0,-2.407944402771034
2022-09-05,1407165041,Solana,-8743406.0,-0.6175121010490003,24576047.0,1.7775381625813713
2022-09-06,1418234940,Solana,11069899.0,0.7866809277846443,3614849.0,0.255534968222082
2022-09-07,1377692013,Solana,-40542927.0,-2.8586890547203647,-24280071.0,-1.7318512456200974
2022-09-08,1389364491,Solana,11672478.0,0.8472487239424842,17874876.0,1.303318363077799
2022-09-09,1403517185,Solana,14152694.0,1.018645149755737,-48948541.0,-3.3700307087315085
2022-09-10,1338159887,Solana,-65357298.0,-4.656679568907451,-31831818.0,-2.3235044331892496
2022-09-11,1344041371,Solana,5881484.0,0.4395202738579851,-71867076.0,-5.075686648545008
2022-09-12,1305556799,Solana,-38484572.0,-2.8633472771278257,-101608242.0,-7.220776457592515
2022-09-13,1384822263,Solana,79265464.0,6.071391460004949,-33412677.0,-2.3559338483086556
2022-09-14,1286336770,Solana,-98485493.0,-7.11177857486539,-91355243.0,-6.631035248659744
2022-09-15,1299645601,Solana,13308831.0,1.0346303791036071,-89718890.0,-6.457548798834245
2022-09-16,1251295619,Solana,-48349982.0,-3.720243577387372,-152221566.0,-10.845721564855648
2022-09-17,1276576438,Solana,25280819.0,2.0203714147264185,-61583449.0,-4.602099464964759
2022-09-18,1298551001,Solana,21974563.0,1.721366801538915,-45490370.0,-3.3845959641967016
2022-09-19,1242792293,Solana,-55758708.0,-4.29391744775991,-62764506.0,-4.807489497820006
2022-09-20,1273962279,Solana,31169986.0,2.5080607737563376,-110859984.0,-8.00535830207114
2022-09-21,1255042992,Solana,-18919287.0,-1.4850743473229677,-31293778.0,-2.432782668569755
2022-09-22,1230721169,Solana,-24321823.0,-1.9379274777863498,-68924432.0,-5.303325148561022
2022-09-23,1269175264,Solana,38454095.0,3.1245172317337477,17879645.0,1.428890561791385
2022-09-24,1275982289,Solana,6807025.0,0.5363345152620269,-594149.0,-0.046542375553382254
2022-09-25,1256333713,Solana,-19648576.0,-1.5398784269489152,-42217288.0,-3.25110742415885
2022-09-26,1270032081,Solana,13698368.0,1.0903446957010843,27239788.0,2.191821445419917
2022-09-27,1286929221,Solana,16897140.0,1.3304498565654743,12966942.0,1.017843480434788
2022-09-28,1285093809,Solana,-1835412.0,-0.14261949841917199,30050817.0,2.3944053862339665
2022-09-29,1289996404,Solana,4902595.0,0.3814970522513894,59275235.0,4.81630092120402
2022-09-30,1298503484,Solana,8507080.0,0.6594654042151982,29328220.0,2.310809297335936
2022-10-01,1280404320,Solana,-18099164.0,-1.39384793518198,4422031.0,0.34655896387603136
2022-10-02,1279312645,Solana,-1091675.0,-0.08526017781633755,22978932.0,1.8290468338327592
2022-10-03,1270382348,Solana,-8930297.0,-0.6980543055603139,350267.0,0.027579382067588476
2022-10-04,1286867525,Solana,16485177.0,1.2976547592898457,-61696.0,-0.004794047644052224
2022-10-05,1301808459,Solana,14940934.0,1.161031241347077,16714650.0,1.3006560208243867
2022-10-06,1282079205,Solana,-19729254.0,-1.5155266401598921,-7917199.0,-0.6137380674434811
2022-10-07,1289478239,Solana,7399034.0,0.5771120825565523,-9025245.0,-0.6950497331126182
2022-10-08,1278491999,Solana,-10986240.0,-0.8519911129729385,-1912321.0,-0.14935290127731093
2022-10-09,1275999676,Solana,-2492323.0,-0.19494240104352967,-3312969.0,-0.2589647661928596
2022-10-10,1285395957,Solana,9396281.0,0.7363858452891892,15013609.0,1.181818137164492
2022-10-11,1260822439,Solana,-24573518.0,-1.9117469497377582,-26045086.0,-2.0239135337570935
2022-10-12,1097987578,Solana,-162834861.0,-12.914971685398434,-203820881.0,-15.65674885509405
2022-10-13,939327583,Solana,-158659995.0,-14.450071947899579,-342751622.0,-26.734044251189616
2022-10-14,885341857,Solana,-53985726.0,-5.747273579210965,-404136382.0,-31.341078102520814
2022-10-15,878853071,Solana,-6488786.0,-0.7329130492019664,-399638928.0,-31.258617833555956
2022-10-16,876726168,Solana,-2126903.0,-0.24200893985383276,-399273508.0,-31.29103521809985
2022-10-17,935299998,Solana,58573830.0,6.6809720227262615,-350095959.0,-27.236429140254405
2022-10-18,890560705,Solana,-44739293.0,-4.783416347232794,-370261734.0,-29.36668340814642
2022-10-19,883295441,Solana,-7265264.0,-0.8158078342340502,-214692137.0,-19.553239153312173
2022-10-20,876381631,Solana,-6913810.0,-0.7827290484113347,-62945952.0,-6.701171469804478
2022-10-21,870019800,Solana,-6361831.0,-0.7259201670784421,-15322057.0,-1.7306373666686414
2022-10-22,878794513,Solana,8774713.0,1.0085647476068882,-58558.0,-0.006663002261952933
2022-10-23,882953698,Solana,4159185.0,0.47328299602162893,6227530.0,0.7103164280138241
2022-10-24,908287367,Solana,25333669.0,2.8691956392938645,-27012631.0,-2.888124778975998
2022-10-25,897639211,Solana,-10648156.0,-1.1723333811379577,7078506.0,0.7948370010329553
2022-10-26,936027994,Solana,38388783.0,4.276638378712705,52732553.0,5.969979075211818
2022-10-27,959491837,Solana,23463843.0,2.50674586127817,83110206.0,9.483335006139582
2022-10-28,959600319,Solana,108482.0,0.011306193113558294,89580519.0,10.29637704797064
2022-10-29,967645557,Solana,8045238.0,0.838394677524068,88851044.0,10.11055971397492
2022-10-30,985235496,Solana,17589939.0,1.8178080675050223,102281798.0,11.584050016629522
2022-10-31,974475788,Solana,-10759708.0,-1.0920950416102304,66188421.0,7.287167410311457
2022-11-01,964956150,Solana,-9519638.0,-0.9768983608651749,67316939.0,7.499331376690499
2022-11-02,961633287,Solana,-3322863.0,-0.3443537822936271,25605293.0,2.7355264120444645
2022-11-03,982030188,Solana,20396901.0,2.1210685274458463,22538351.0,2.3489883009812473
2022-11-04,943510594,Solana,-38519594.0,-3.922444999216257,-16089725.0,-1.676711093298422
2022-11-05,966892803,Solana,23382209.0,2.4782137210427546,-752754.0,-0.07779232742346487
2022-11-06,1004248611,Solana,37355808.0,3.8634901288018053,19013115.0,1.9298041003589672
2022-11-07,940593129,Solana,-63655482.0,-6.338617878357211,-33882659.0,-3.4770139409559198
2022-11-08,859226292,Solana,-81366837.0,-8.650588069520115,-105729858.0,-10.956959857709592
2022-11-09,629377056,Solana,-229849236.0,-26.750721915758135,-332256231.0,-34.55124063316665
2022-11-10,426594603,Solana,-202782453.0,-32.219549643068014,-555435585.0,-56.55992980533506
2022-11-11,461964842,Solana,35370239.0,8.291300159744397,-481545752.0,-51.037662434556616
2022-11-12,392982139,Solana,-68982703.0,-14.932457349211003,-573910664.0,-59.35618325209522
2022-11-13,343984997,Solana,-48997142.0,-12.46803280288522,-660263614.0,-65.74702785424115
2022-11-14,325945087,Solana,-18039910.0,-5.2443886091927405,-614648042.0,-65.34685647273105
2022-11-15,324799577,Solana,-1145510.0,-0.35144263426188926,-534426715.0,-62.198598899485255
2022-11-16,331352723,Solana,6553146.0,2.017596839419533,-298024333.0,-47.352271608706374
2022-11-17,339352328,Solana,7999605.0,2.4142264254155554,-87242275.0,-20.450862337796615
2022-11-18,314943577,Solana,-24408751.0,-7.1927460005519634,-147021265.0,-31.825206516473393
2022-11-19,296452297,Solana,-18491280.0,-5.871299289904231,-96529842.0,-24.56341711753979
2022-11-20,294605301,Solana,-1846996.0,-0.6230331215817841,-49379696.0,-14.355188868891277
2022-11-21,293192137,Solana,-1413164.0,-0.47968043860826537,-32752950.0,-10.048609813836528
2022-11-22,287991520,Solana,-5200617.0,-1.7737914301569457,-36808057.0,-11.332544623357066
2022-11-23,288594259,Solana,602739.0,0.20929053744360715,-42758464.0,-12.90421385793169
2022-11-24,286240112,Solana,-2354147.0,-0.8157289781706933,-53112216.0,-15.651053968900431
2022-11-25,285847100,Solana,-393012.0,-0.13730151139683677,-29096477.0,-9.238631654964657
2022-11-26,286210404,Solana,363304.0,0.12709731881135333,-10241893.0,-3.454819916608709
2022-11-27,284798018,Solana,-1412386.0,-0.49347821751440923,-9807283.0,-3.328956731841015
2022-11-28,285049308,Solana,251290.0,0.08823446236201349,-8142829.0,-2.7773012889496407
2022-11-29,283014542,Solana,-2034766.0,-0.7138294824416858,-4976978.0,-1.7281682460650205
2022-11-30,284789709,Solana,1775167.0,0.6272352605824816,-3804550.0,-1.3183041177544652
2022-12-01,286326331,Solana,1536622.0,0.5395637382388685,86219.0,0.030121215156597714
2022-12-02,305971283,Solana,19644952.0,6.861035773898139,20124183.0,7.040191417019792
2022-12-03,304861868,Solana,-1109415.0,-0.362587949144233,18651464.0,6.516696716587567
2022-12-04,294281911,Solana,-10579957.0,-3.4704100809354044,9483893.0,3.3300417842093255
2022-12-05,294963352,Solana,681441.0,0.23156061399913774,9914044.0,3.478010197449777
2022-12-06,296608247,Solana,1644895.0,0.5576608039089548,13593705.0,4.8031825163245445
2022-12-07,296120617,Solana,-487630.0,-0.16440203700741618,11330908.0,3.9786929239075786
2022-12-08,296576602,Solana,455985.0,0.1539862386549018,10250271.0,3.5799260809163957
2022-12-09,294224639,Solana,-2351963.0,-0.7930372740598046,-11746644.0,-3.839132837835635
2022-12-10,295102439,Solana,877800.0,0.2983434708199173,-9759429.0,-3.2012626124825805
2022-12-11,294852840,Solana,-249599.0,-0.08458045987210783,570929.0,0.19400750731157768
2022-12-12,293011161,Solana,-1841679.0,-0.6246095509882199,-1952191.0,-0.6618418819704708
2022-12-13,291961905,Solana,-1049256.0,-0.3580942092509587,-4646342.0,-1.5664911704225126
2022-12-14,294356351,Solana,2394446.0,0.820122748548302,-1764266.0,-0.5957930311890403
2022-12-15,294430993,Solana,74642.0,0.02535769985816394,-2145609.0,-0.7234586226731454
2022-12-16,294257635,Solana,-173358.0,-0.05887899172354327,32996.0,0.011214560450190092
2022-12-17,263482687,Solana,-30774948.0,-10.458504500656375,-31619752.0,-10.714839262985553
2022-12-18,262059709,Solana,-1422978.0,-0.5400650859462397,-32793131.0,-11.121863706654478
2022-12-19,259387456,Solana,-2672253.0,-1.0197115039916382,-33623705.0,-11.475230119305934
2022-12-20,258230899,Solana,-1156557.0,-0.44588008141766,-33731006.0,-11.553221643762058
2022-12-21,245493859,Solana,-12737040.0,-4.93242290110294,-48862492.0,-16.599775012158645
2022-12-22,245092130,Solana,-401729.0,-0.16364116057175915,-49338863.0,-16.757360526919797
2022-12-23,233793683,Solana,-11298447.0,-4.609877518303018,-60463952.0,-20.54796369174924
2022-12-24,223161058,Solana,-10632625.0,-4.547866676106905,-40321629.0,-15.303331486064586
2022-12-25,222585745,Solana,-575313.0,-0.25780169943449005,-39473964.0,-15.062965669400175
2022-12-26,222095244,Solana,-490501.0,-0.2203649654204054,-37292212.0,-14.377029859146306
2022-12-27,219605426,Solana,-2489818.0,-1.1210586751691065,-38625473.0,-14.957727037925073
2022-12-28,217914558,Solana,-1690868.0,-0.7699572960460421,-27579301.0,-11.234212176362423
2022-12-29,232157758,Solana,14243200.0,6.5361397286729295,-12934372.0,-5.2773510108219295
2022-12-30,211046695,Solana,-21111063.0,-9.093412678459789,-22746988.0,-9.729513521543698
2022-12-31,210349576,Solana,-697119.0,-0.3303150518419673,-12811482.0,-5.740912915012264
2023-01-01,210474937,Solana,125361.0,0.05959650710205544,-12110808.0,-5.440962987095155
2023-01-02,210076888,Solana,-398049.0,-0.18911942945492033,-12018356.0,-5.411352257502644
2023-01-03,217225786,Solana,7148898.0,3.4029911943478597,-2379640.0,-1.0835979981660415
2023-01-04,230793963,Solana,13568177.0,6.246117116132788,12879405.0,5.9103004031515916
2023-01-05,232996701,Solana,2202738.0,0.9544175122119691,838943.0,0.3613676351922779
2023-01-06,233888868,Solana,892167.0,0.38290971338688085,22842173.0,10.823279179993794
2023-01-07,233644901,Solana,-243967.0,-0.10430894043234051,23295325.0,11.074576637130939
2023-01-08,232866188,Solana,-778713.0,-0.33328910524779154,22391251.0,10.638440528432124
2023-01-09,247500415,Solana,14634227.0,6.284393249912257,37423527.0,17.814204768684494
2023-01-10,248508121,Solana,1007706.0,0.40715325669251623,31282335.0,14.400838673913242
2023-01-11,246248696,Solana,-2259425.0,-0.9091956395260059,15454733.0,6.696333300537849
2023-01-12,251287156,Solana,5038460.0,2.04608596181155,18290455.0,7.850091834562067
2023-01-13,250297875,Solana,-989281.0,-0.39368546158403683,16409007.0,7.015728085015138
2023-01-14,265348961,Solana,15051086.0,6.013269589284365,31704060.0,13.569335287997575
2023-01-15,283929539,Solana,18580578.0,7.002317977796801,51063351.0,21.92819465915765
2023-01-16,282770642,Solana,-1158897.0,-0.40816359019271164,35270227.0,14.2505728727768
2023-01-17,278088563,Solana,-4682079.0,-1.6557868125503639,29580442.0,11.90320939250109
2023-01-18,276355209,Solana,-1733354.0,-0.6233100639956968,30106513.0,12.226059869165763
2023-01-19,256877714,Solana,-19477495.0,-7.047992715780504,5590558.0,2.2247687024640417
2023-01-20,258352149,Solana,1474435.0,0.5739832300126979,8054274.0,3.2178755013401616
2023-01-21,275932479,Solana,17580330.0,6.80479340622786,10583518.0,3.988528148033721
2023-01-22,273394058,Solana,-2538421.0,-0.9199428096320572,-10535481.0,-3.7105970154095114
2023-01-23,271944752,Solana,-1449306.0,-0.5301161300294233,-10825890.0,-3.8285056480509727
2023-01-24,270234215,Solana,-1710537.0,-0.6290016583956781,-7854348.0,-2.8244052597013902
2023-01-25,264691879,Solana,-5542336.0,-2.0509379243483283,-11663330.0,-4.220412577784993
2023-01-26,283305455,Solana,18613576.0,7.032167390371646,26427741.0,10.288062980815837
2023-01-27,253001157,Solana,-30304298.0,-10.69668707932221,-5350992.0,-2.0712008863529863
2023-01-28,269074964,Solana,16073807.0,6.353254344998915,-6857515.0,-2.4852148702654175
2023-01-29,266407540,Solana,-2667424.0,-0.991331174163046,-6986518.0,-2.5554754375824773
2023-01-30,274436767,Solana,8029227.0,3.0138887960903915,2492015.0,0.9163681158296466
2023-01-31,262694671,Solana,-11742096.0,-4.278616210341813,-7539544.0,-2.790003479019121
2023-02-01,262638638,Solana,-56033.0,-0.021330086288651184,-2053241.0,-0.7757098584804001
2023-02-02,269655191,Solana,7016553.0,2.67156160016333,-13650264.0,-4.818214319240699
2023-02-03,264221742,Solana,-5433449.0,-2.0149617664879327,11220585.0,4.434993552223165
2023-02-04,266719447,Solana,2497705.0,0.9453063858764432,-2355517.0,-0.875412920244778
2023-02-05,263572547,Solana,-3146900.0,-1.1798539759269921,-2834993.0,-1.0641564424190064
2023-02-06,262677929,Solana,-894618.0,-0.33942002313314124,-11758838.0,-4.284716704886704
2023-02-07,257706363,Solana,-4971566.0,-1.8926470217450198,-4988308.0,-1.8988995783625895
2023-02-08,262292967,Solana,4586604.0,1.779779104639334,-345671.0,-0.13161467887294886
2023-02-09,258288831,Solana,-4004136.0,-1.5265891593654546,-11366360.0,-4.215146001027659
2023-02-10,245130116,Solana,-13158715.0,-5.094573756462584,-19091626.0,-7.225607497508668
2023-02-11,243878725,Solana,-1251391.0,-0.5105007170967069,-22840722.0,-8.563575793556588
2023-02-12,244329991,Solana,451266.0,0.18503705068984022,-19242556.0,-7.300667774022762
2023-02-13,245851964,Solana,1521973.0,0.6229169795205269,-16825965.0,-6.405549588446768
2023-02-14,244594225,Solana,-1257739.0,-0.5115838732937639,-13112138.0,-5.088014842691335
2023-02-15,246291398,Solana,1697173.0,0.6938728827305729,-16001569.0,-6.100647372676216
2023-02-16,256036512,Solana,9745114.0,3.9567415180289833,-2252319.0,-0.8720156389573019
2023-02-17,251607149,Solana,-4429363.0,-1.7299731844495625,6477033.0,2.6422836596707633
2023-02-18,257759057,Solana,6151908.0,2.4450449935347507,13880332.0,5.691489489294321
2023-02-19,262109985,Solana,4350928.0,1.6879825875526944,17779994.0,7.2770411553774395
2023-02-20,264874777,Solana,2764792.0,1.0548213186155397,19022813.0,7.737507030856983
2023-02-21,272330147,Solana,7455370.0,2.814677216320982,27735922.0,11.339565355641579
2023-02-22,269121963,Solana,-3208184.0,-1.1780495238376987,22830565.0,9.26973706162486
2023-02-23,281951226,Solana,12829263.0,4.767081384583993,25914714.0,10.12149157851361
2023-02-24,252504137,Solana,-29447089.0,-10.444036515734112,896988.0,0.356503383773088
2023-02-25,260760338,Solana,8256201.0,3.2697290024994663,3001281.0,1.1643746043034309
2023-02-26,258399655,Solana,-2360683.0,-0.9053075395231258,-3710330.0,-1.4155622495648168
2023-02-27,261344629,Solana,2944974.0,1.139697342088164,-3530148.0,-1.3327611031834885
2023-02-28,259770178,Solana,-1574451.0,-0.6024424553986107,-12559969.0,-4.6120376823356235
2023-03-01,254358211,Solana,-5411967.0,-2.083367321710039,-14763752.0,-5.485896370338228
2023-03-02,257529711,Solana,3171500.0,1.2468636210057227,-24421515.0,-8.661609792042546
2023-03-03,258060140,Solana,530429.0,0.20596807954325058,5556003.0,2.2003611766566733
2023-03-04,255547984,Solana,-2512156.0,-0.9734769577355085,-5212354.0,-1.9989059839307322
2023-03-05,253713227,Solana,-1834757.0,-0.7179696631846588,-4686428.0,-1.8136355483911126
2023-03-06,252663573,Solana,-1049654.0,-0.4137167038595124,-8681056.0,-3.3216890789823705
2023-03-07,250601540,Solana,-2062033.0,-0.8161180400943713,-9168638.0,-3.52951908128577
2023-03-08,247808351,Solana,-2793189.0,-1.114593709200673,-6549860.0,-2.575053494144919
2023-03-09,237498765,Solana,-10309586.0,-4.16030612301681,-20030946.0,-7.778110697293483
2023-03-10,232364537,Solana,-5134228.0,-2.1617914518418657,-25695603.0,-9.957215011973563
2023-03-11,231311355,Solana,-1053182.0,-0.4532455828231696,-24236629.0,-9.484179299962703
2023-03-12,224333797,Solana,-6977558.0,-3.016522038012359,-29379430.0,-11.579778613591952
2023-03-13,237218716,Solana,12884919.0,5.743637014265834,-15444857.0,-6.112815083161993
2023-03-14,239691350,Solana,2472634.0,1.0423435560624084,-10910190.0,-4.353600540523416
2023-03-15,242327098,Solana,2635748.0,1.0996425194317538,-5481253.0,-2.2118919632373446
2023-03-16,239285612,Solana,-3041486.0,-1.2551159259951983,1786847.0,0.7523605438537695
2023-03-17,241522677,Solana,2237065.0,0.9348932354528605,9158140.0,3.9412812808006015
2023-03-18,251677090,Solana,10154413.0,4.204331090616398,20365735.0,8.804468332304749
2023-03-19,250391362,Solana,-1285728.0,-0.5108641394415359,26057565.0,11.615532455860844
2023-03-20,251590404,Solana,1199042.0,0.47886715836467086,14371688.0,6.058412355625431
2023-03-21,286070292,Solana,34479888.0,13.704770711366244,46378942.0,19.349443357050646
2023-03-22,284817521,Solana,-1252771.0,-0.43792418682887524,42490423.0,17.534325855707642
2023-03-23,278879852,Solana,-5937669.0,-2.0847274350091705,39594240.0,16.546853640326688
2023-03-24,276741416,Solana,-2138436.0,-0.7667947270712072,35218739.0,14.581959523411548
2023-03-25,271851189,Solana,-4890227.0,-1.7670745025023638,20174099.0,8.015866283260031
2023-03-26,271976710,Solana,125521.0,0.04617268751396786,21585348.0,8.620644030044456
2023-03-27,272116612,Solana,139902.0,0.051438963284766714,20526208.0,8.15858143778807
2023-03-28,267793331,Solana,-4323281.0,-1.588760409820189,-18276961.0,-6.388975545912334
2023-03-29,269585593,Solana,1792262.0,0.6692705876234051,-15231928.0,-5.34796031737107
2023-03-30,272507029,Solana,2921436.0,1.0836766043354595,-6372823.0,-2.2851500222396903
2023-03-31,261096401,Solana,-11410628.0,-4.187278413284523,-15645015.0,-5.65329730046622
2023-04-01,280787892,Solana,19691491.0,7.541846967090127,8936703.0,3.287351080888601
2023-04-02,280095373,Solana,-692519.0,-0.24663421028140453,8118663.0,2.9850581691351463
2023-04-03,278515899,Solana,-1579474.0,-0.5639057807641845,6399287.0,2.351670834414188
2023-04-04,282105543,Solana,3589644.0,1.28884706865513,14312212.0,5.344499038327433
2023-04-05,286187753,Solana,4082210.0,1.4470506167969965,16602160.0,6.1584003118445585
2023-04-06,286484840,Solana,297087.0,0.10380842537311974,13977811.0,5.12933961787827
2023-04-07,283526677,Solana,-2958163.0,-1.0325722645568303,22430276.0,8.590802444649558
2023-04-08,282774866,Solana,-751811.0,-0.26516411364000403,1986974.0,0.7076423366574547
2023-04-09,282666214,Solana,-108652.0,-0.038423499774553616,2570841.0,0.917844865648676
2023-04-10,282685634,Solana,19420.0,0.006870294021066314,4169735.0,1.4971263812842528
2023-04-11,283837309,Solana,1151675.0,0.40740485595387455,1731766.0,0.6138716671724609
2023-04-12,291434273,Solana,7596964.0,2.6765205838390926,5246520.0,1.833244066177775
2023-04-13,293597999,Solana,2163726.0,0.7424404747344182,7113159.0,2.482909392343413
2023-04-14,297455751,Solana,3857752.0,1.313957184020187,13929074.0,4.912791327921506
2023-04-15,297392428,Solana,-63323.0,-0.021288208342629122,14617562.0,5.169328592308475
2023-04-16,294448128,Solana,-2944300.0,-0.99003865693581,11781914.0,4.16813662774711
2023-04-17,297078918,Solana,2630790.0,0.8934646716449723,14393284.0,5.091622024202325
2023-04-18,295641141,Solana,-1437777.0,-0.48397140048827003,11803832.0,4.1586611857287625
2023-04-19,295650993,Solana,9852.0,0.0033324184741889695,4216720.0,1.446885418311794
2023-04-20,288372173,Solana,-7278820.0,-2.4619636572639547,-5225826.0,-1.7799256186347479
2023-04-21,280338325,Solana,-8033848.0,-2.785930388643987,-17117426.0,-5.754612557482542
2023-04-22,274835067,Solana,-5503258.0,-1.9630772924108753,-22557361.0,-7.5850488701750045
2023-04-23,276752859,Solana,1917792.0,0.6977974175325974,-17695269.0,-6.009638818284491
2023-04-24,273979683,Solana,-2773176.0,-1.0020405968055424,-23099235.0,-7.775454130339876
2023-04-25,273723414,Solana,-256269.0,-0.09353576775983363,-21917727.0,-7.41362549402419
2023-04-26,276603496,Solana,2880082.0,1.0521869349473967,-19047497.0,-6.44256148329595
2023-04-27,276894249,Solana,290753.0,0.10511544655242844,-11477924.0,-3.9802467348331816
2023-04-28,276521775,Solana,-372474.0,-0.1345185034883123,-3816550.0,-1.3614085765833117
2023-04-29,278382920,Solana,1861145.0,0.6730554944542888,3547853.0,1.2909025906799654
2023-04-30,277815361,Solana,-567559.0,-0.20387709131005627,1062502.0,0.38391726244100255
2023-05-01,276210934,Solana,-1604427.0,-0.5775155823727118,2231251.0,0.8143855688744539
2023-05-02,272810610,Solana,-3400324.0,-1.2310606067462926,-912804.0,-0.3334767700946428
2023-05-03,271896336,Solana,-914274.0,-0.3351313938999678,-4707160.0,-1.7017716941654326
2023-05-04,273901133,Solana,2004797.0,0.7373387333913906,-2993116.0,-1.0809599732784614
2023-05-05,271187388,Solana,-2713745.0,-0.9907753831744803,-5334387.0,-1.9291019667438514
2023-05-06,279132707,Solana,7945319.0,2.9298261466348174,749787.0,0.2693365670566328
2023-05-07,273541818,Solana,-5590889.0,-2.002950159473782,-4273543.0,-1.538267353042444
2023-05-08,272443692,Solana,-1098126.0,-0.4014472112633283,-3767242.0,-1.3639003878101352
2023-05-09,267597883,Solana,-4845809.0,-1.778646062394429,-5212727.0,-1.9107493656496666
2023-05-10,268194049,Solana,596166.0,0.22278427367079523,-3702287.0,-1.3616538767922237
2023-05-11,267661799,Solana,-532250.0,-0.1984570507752026,-6239334.0,-2.2779511467008073
2023-05-12,265743665,Solana,-1918134.0,-0.7166259836727806,-5443723.0,-2.00736584401926
2023-05-13,269851475,Solana,4107810.0,1.545779087527821,-9281232.0,-3.325024895774753
2023-05-14,269947941,Solana,96466.0,0.035747812755149155,-3593877.0,-1.3138309258440284
2023-05-15,270280253,Solana,332312.0,0.12310225400089525,-2163439.0,-0.7940866547939796
2023-05-16,271830868,Solana,1550615.0,0.5737063595245395,4232985.0,1.5818454737177357
2023-05-17,270896119,Solana,-934749.0,-0.34387154294780453,2702070.0,1.007505576680412
2023-05-18,271130295,Solana,234176.0,0.08644494460254837,3468496.0,1.2958502158165741
2023-05-19,269894384,Solana,-1235911.0,-0.455836556368594,4150719.0,1.5619258506124778
2023-05-20,269200620,Solana,-693764.0,-0.2570501800437608,-650855.0,-0.24119008428618027
2023-05-21,269692389,Solana,491769.0,0.18267751389280384,-255552.0,-0.0946671417656808
2023-05-22,266997901,Solana,-2694488.0,-0.9990967894907832,-3282352.0,-1.214425383862583
2023-05-23,266439302,Solana,-558599.0,-0.209214753339948,-5391566.0,-1.9834266945724544
2023-05-24,269675134,Solana,3235832.0,1.2144724804901363,-1220985.0,-0.45072074288373676
2023-05-25,266423781,Solana,-3251353.0,-1.2056554684051757,-4706514.0,-1.7358864305443977
2023-05-26,266104217,Solana,-319564.0,-0.1199457491371625,-3790167.0,-1.404314881928037
2023-05-27,266656375,Solana,552158.0,0.20749689960757323,-2544245.0,-0.9451111219580421
2023-05-28,271250745,Solana,4594370.0,1.722955245303992,1558356.0,0.577827207426318
2023-05-29,272477034,Solana,1226289.0,0.45208686892270755,5479133.0,2.0521258704576884
2023-05-30,271083234,Solana,-1393800.0,-0.5115293496625428,4643932.0,1.7429605786912106
2023-05-31,273595910,Solana,2512676.0,0.926902030392629,3920776.0,1.4538885887788178
2023-06-01,269167294,Solana,-4428616.0,-1.6186703960596516,2743513.0,1.0297552980077285
2023-06-02,265881722,Solana,-3285572.0,-1.220643099380414,-222495.0,-0.08361197823483213
2023-06-03,268463977,Solana,2582255.0,0.9712044064465575,1807602.0,0.6778769118120698
2023-06-04,269170303,Solana,706326.0,0.26309898552980826,-2080442.0,-0.7669811192592246
2023-06-05,284493661,Solana,15323358.0,5.692811513460305,12016627.0,4.41014305814853
2023-06-06,277421670,Solana,-7071991.0,-2.485816722643952,6338436.0,2.338188130070784
2023-06-07,280503550,Solana,3081880.0,1.1109009617020993,6907640.0,2.524759964430756
2023-06-08,271704983,Solana,-8798567.0,-3.136704330479956,2537689.0,0.9427924776031604
2023-06-09,272964301,Solana,1259318.0,0.46348726699649845,7082579.0,2.6638081575235173
2023-06-10,264394127,Solana,-8570174.0,-3.1396684359835003,-4069850.0,-1.5159762011571432
2023-06-11,254570708,Solana,-9823419.0,-3.7154452375562808,-14599595.0,-5.423924867372909
2023-06-12,252855825,Solana,-1714883.0,-0.6736372041672656,-31637836.0,-11.120752528823486
2023-06-13,252347542,Solana,-508283.0,-0.20101692337916033,-25074128.0,-9.038273037574896
2023-06-14,251470823,Solana,-876719.0,-0.3474252188277682,-29032727.0,-10.350217314540222
2023-06-15,248922416,Solana,-2548407.0,-1.0134006679574092,-22782567.0,-8.385038341383677
2023-06-16,247472215,Solana,-1450201.0,-0.5825915653976277,-25492086.0,-9.338981656799138
2023-06-17,249692859,Solana,2220644.0,0.8973306356836908,-14701268.0,-5.560361028745541
2023-06-18,251797642,Solana,2104783.0,0.8429488165698773,-2773066.0,-1.0893107151982329
2023-06-19,254803995,Solana,3006353.0,1.193955978348682,1948170.0,0.7704667274325283
2023-06-20,254907732,Solana,103737.0,0.04071246999091116,2560190.0,1.0145492124508104
2023-06-21,257890105,Solana,2982373.0,1.1699813797723557,6419282.0,2.552694552560486
2023-06-22,261967220,Solana,4077115.0,1.5809505370514287,13044804.0,5.240509958733486
2023-06-23,256644388,Solana,-5322832.0,-2.031869483517823,9172173.0,3.7063445688236163
2023-06-24,261089578,Solana,4445190.0,1.7320425490854774,11396719.0,4.564295128680462
2023-06-25,256756369,Solana,-4333209.0,-1.6596637189401742,4958727.0,1.969330197301855
2023-06-26,258135509,Solana,1379140.0,0.5371395480359142,3331514.0,1.3074810699102324
2023-06-27,255489470,Solana,-2646039.0,-1.0250581217014942,581738.0,0.2282151253065967
2023-06-28,254558885,Solana,-930585.0,-0.364236146405561,-3331220.0,-1.2917207505887096
2023-06-29,253888742,Solana,-670143.0,-0.2632565742107129,-8078478.0,-3.083774374519066
2023-06-30,263911581,Solana,10022839.0,3.947728804769146,7267193.0,2.831619680692188
2023-07-01,268673568,Solana,4761987.0,1.8043872807536943,7583990.0,2.9047463549081165
2023-07-02,270398301,Solana,1724733.0,0.6419436838684511,13641932.0,5.313181539812173
2023-07-03,272581694,Solana,2183393.0,0.8074728990253632,14446185.0,5.596357144340036
2023-07-04,274854417,Solana,2272723.0,0.8337768272876023,19364947.0,7.579547994678615
2023-07-05,274474368,Solana,-380049.0,-0.13827283699792137,19915483.0,7.823526961158711
2023-07-06,276083170,Solana,1608802.0,0.5861392492577,22194428.0,8.741792891313004
2023-07-07,279527516,Solana,3444346.0,1.2475755041497116,15615935.0,5.9171086546595975
2023-07-08,286934886,Solana,7407370.0,2.649960943379903,18261318.0,6.796842032484562
2023-07-09,292032720,Solana,5097834.0,1.7766518637960305,21634419.0,8.000944872800808
2023-07-10,289132370,Solana,-2900350.0,-0.9931592596884364,16550676.0,6.071822269913696
2023-07-11,287267371,Solana,-1864999.0,-0.6450329307645442,12412954.0,4.5161922939008114
2023-07-12,291984923,Solana,4717552.0,1.6422164423261387,17510555.0,6.379668574371222
2023-07-13,292446057,Solana,461134.0,0.15793075726722172,16362887.0,5.926796262155354
2023-07-14,325189730,Solana,32743673.0,11.196482980791234,45662214.0,16.3354987921833
2023-07-15,316155786,Solana,-9033944.0,-2.7780532921504064,29220900.0,10.183808740495914
2023-07-16,315312252,Solana,-843534.0,-0.26680960379450447,23279532.0,7.971549215444074
2023-07-17,318827480,Solana,3515228.0,1.1148402821974601,29695110.0,10.270420430614525
2023-07-18,320447252,Solana,1619772.0,0.5080402730655464,33179881.0,11.550173931866414
2023-07-19,317326786,Solana,-3120466.0,-0.9737846027776165,25341863.0,8.67916834185305
2023-07-20,320496581,Solana,3169795.0,0.998905588764254,28050524.0,9.591691639733746
2023-07-21,315525622,Solana,-4970959.0,-1.551017793852849,-9664108.0,-2.9718367797162637
2023-07-22,315818280,Solana,292658.0,0.09275253088638635,-337506.0,-0.10675306761585013
2023-07-23,308240864,Solana,-7577416.0,-2.3992962028670406,-7071388.0,-2.242661981939098
2023-07-24,310747628,Solana,2506764.0,0.8132484341855539,-8079852.0,-2.5342395203826196
2023-07-25,304737943,Solana,-6009685.0,-1.9339439656157253,-15709309.0,-4.902307291435282
2023-07-26,305463199,Solana,725256.0,0.2379933371145615,-11863587.0,-3.7386024512913285
2023-07-27,316580042,Solana,11116843.0,3.6393395461035594,-3916539.0,-1.2220220845351237
2023-07-28,316530093,Solana,-49949.0,-0.015777684431539374,1004471.0,0.3183484731392072
2023-07-29,316573265,Solana,43172.0,0.013639145520349949,754985.0,0.2390567765741647
2023-07-30,318209131,Solana,1635866.0,0.5167416774755074,9968267.0,3.2339213142096535
2023-07-31,314926518,Solana,-3282613.0,-1.0315898194637296,4178890.0,1.3447858079869146
2023-08-01,315344339,Solana,417821.0,0.13267253664550616,10606396.0,3.4804973399718664
2023-08-02,308868619,Solana,-6475720.0,-2.053539321661968,3405420.0,1.1148380594285578
2023-08-03,306779224,Solana,-2089395.0,-0.6764672328204324,-9800818.0,-3.0958420303703216
2023-08-04,307633001,Solana,853777.0,0.27830339645165125,-8897092.0,-2.8108202653578385
2023-08-05,303664865,Solana,-3968136.0,-1.2898928226494188,-12908400.0,-4.077539523117979
2023-08-06,304468642,Solana,803777.0,0.2646921302535299,-13740489.0,-4.318068735745994
2023-08-07,310493415,Solana,6024773.0,1.9787827608203967,-4433103.0,-1.4076626598970576
2023-08-08,310412566,Solana,-80849.0,-0.02603887750727285,-4931773.0,-1.5639326254085706
2023-08-09,320625754,Solana,10213188.0,3.290197987667809,11757135.0,3.8065165176265348
2023-08-10,321425341,Solana,799587.0,0.2493832731852219,14646117.0,4.774155436288607
2023-08-11,324943495,Solana,3518154.0,1.0945478004486198,17310494.0,5.626995135024537
2023-08-12,324852999,Solana,-90496.0,-0.02784976507992365,21188134.0,6.977473011242186
2023-08-13,327882474,Solana,3029475.0,0.9325679643794826,23413832.0,7.690063530417701
2023-08-14,324068496,Solana,-3813978.0,-1.1632149634200895,13575081.0,4.372099485588121
2023-08-15,328208259,Solana,4139763.0,1.2774345704989587,17795693.0,5.732916430966917
2023-08-16,320380092,Solana,-7828167.0,-2.385121880799468,-245662.0,-0.07661954691262629
2023-08-17,315611718,Solana,-4768374.0,-1.488349032623415,-5813623.0,-1.8087008889569822
2023-08-18,309450128,Solana,-6161590.0,-1.9522690852688762,-15493367.0,-4.768018821241515
2023-08-19,307405695,Solana,-2044433.0,-0.660666393390541,-17447304.0,-5.37083051525099
2023-08-20,310735305,Solana,3329610.0,1.0831321781465286,-17147169.0,-5.2296692747292095
2023-08-21,309882199,Solana,-853106.0,-0.27454427812765303,-14186297.0,-4.377561279514197
2023-08-22,306962861,Solana,-2919338.0,-0.9420799288958226,-21245398.0,-6.473145454880225
2023-08-23,304352842,Solana,-2610019.0,-0.850271916119516,-16027250.0,-5.00257363057377
2023-08-24,314816852,Solana,10464010.0,3.4381180511532827,-794866.0,-0.2518493308920844
2023-08-25,309967594,Solana,-4849258.0,-1.5403425735290743,517466.0,0.16722112973241998
2023-08-26,309429595,Solana,-537999.0,-0.17356620834370062,2023900.0,0.6583807759319438
2023-08-27,308501562,Solana,-928033.0,-0.29991733660770237,-2233743.0,-0.7188571636557395
2023-08-28,312129664,Solana,3628102.0,1.1760400746366306,2247465.0,0.7252643124557201
2023-08-29,311026936,Solana,-1102728.0,-0.35329163715756007,4064075.0,1.3239630966301208
2023-08-30,318463769,Solana,7436833.0,2.3910575385020616,14110927.0,4.6363710314885065
2023-08-31,315085925,Solana,-3377844.0,-1.060668223140948,269073.0,0.08546969397940085
2023-09-01,308996866,Solana,-6089059.0,-1.9325074580846424,-970728.0,-0.31317080197744707
2023-09-02,306252445,Solana,-2744421.0,-0.8881711441047435,-3177150.0,-1.0267763818777587
2023-09-03,307394978,Solana,1142533.0,0.3730690215387522,-1106584.0,-0.3586964010250271
2023-09-04,306952425,Solana,-442553.0,-0.14396884519043418,-5177239.0,-1.658682143072443
2023-09-05,306360068,Solana,-592357.0,-0.19298006849106653,-4666868.0,-1.500470685921551
2023-09-06,310852598,Solana,4492530.0,1.46642153115073,-7611171.0,-2.3899644923187524
2023-09-07,307835627,Solana,-3016971.0,-0.9705471401593391,-7250298.0,-2.3010542283029567
2023-09-08,310643551,Solana,2807924.0,0.9121504315028561,1646685.0,0.5329131720060776
2023-09-09,307053091,Solana,-3590460.0,-1.155813468022071,800646.0,0.26143334137300744
2023-09-10,306151944,Solana,-901147.0,-0.2934824714075246,-1243034.0,-0.40437680800367026
2023-09-11,298402094,Solana,-7749850.0,-2.5313737677915893,-8550331.0,-2.7855557746448767
2023-09-12,295234442,Solana,-3167652.0,-1.0615381271419588,-11125626.0,-3.6315522687506374
2023-09-13,298783953,Solana,3549511.0,1.2022686025230156,-12068645.0,-3.8824333712018766
2023-09-14,302287669,Solana,3503716.0,1.1726586936213312,-5547958.0,-1.8022468854782647
2023-09-15,303267492,Solana,979823.0,0.32413594747062735,-7376059.0,-2.3744445929283153
2023-09-16,306531807,Solana,3264315.0,1.0763814408436545,-521284.0,-0.16976998938597054
2023-09-17,304619638,Solana,-1912169.0,-0.623807695101608,-1532306.0,-0.5005050694696922
2023-09-18,302956731,Solana,-1662907.0,-0.5458961907111148,4554637.0,1.5263421710438818
2023-09-19,308245266,Solana,5288535.0,1.7456403700104595,13010824.0,4.406946530987743
2023-09-20,309043433,Solana,798167.0,0.25893893209052443,10259480.0,3.4337453189797085
2023-09-21,313747807,Solana,4704374.0,1.522237167226903,11460138.0,3.791136448903587
2023-09-22,310242207,Solana,-3505600.0,-1.117330518903037,6974715.0,2.299855798589845
2023-09-23,311642573,Solana,1400366.0,0.4513783000518634,5110766.0,1.667287336351353
2023-09-24,311725985,Solana,83412.0,0.026765277669560383,7106347.0,2.3328591179009983
2023-09-25,310613096,Solana,-1112889.0,-0.35700873637467545,7656365.0,2.527214026480906
2023-09-26,311821800,Solana,1208704.0,0.3891349127146837,3576534.0,1.1602883789300522
2023-09-27,310568262,Solana,-1253538.0,-0.40200460647715763,1524829.0,0.4934028156488912
2023-09-28,311520065,Solana,951803.0,0.3064714320357709,-2227742.0,-0.7100422537774098
2023-09-29,318138324,Solana,6618259.0,2.1245048854236614,7896117.0,2.5451459607493065
2023-09-30,319249502,Solana,1111178.0,0.34927511593982885,7606929.0,2.4409145794082487
2023-10-01,322888458,Solana,3638956.0,1.1398470403878758,11162473.0,3.580860607433811
2023-10-02,333822920,Solana,10934462.0,3.386451800640078,23209824.0,7.472261890722076
2023-10-03,332883859,Solana,-939061.0,-0.28130513027685433,21062059.0,6.754517804720517
2023-10-04,331283941,Solana,-1599918.0,-0.48062348375984554,20715679.0,6.670249840275044
2023-10-05,327601429,Solana,-3682512.0,-1.1115878387838896,16081364.0,5.1622241411640735
2023-10-06,325482166,Solana,-2119263.0,-0.6469028558480416,7343842.0,2.3083801749078203
2023-10-07,325756823,Solana,274657.0,0.08438465411957363,6507321.0,2.0383182931323685
2023-10-08,325041190,Solana,-715633.0,-0.21968319601397557,2152732.0,0.6667107314192178
2023-10-09,314418913,Solana,-10622277.0,-3.267978744478506,-19404007.0,-5.812664690609026
2023-10-10,310500507,Solana,-3918406.0,-1.2462373724954623,-22383352.0,-6.724072494004584
2023-10-11,310798264,Solana,297757.0,0.09589581765159227,-20485677.0,-6.183721715626412
2023-10-12,311899408,Solana,1101144.0,0.35429541524079067,-15702021.0,-4.793025795989436
2023-10-13,308120985,Solana,-3778423.0,-1.2114235882102142,-17361181.0,-5.333988406602897
2023-10-14,312727158,Solana,4606173.0,1.4949234957171154,-13029665.0,-3.9998133822664372
2023-10-15,312258250,Solana,-468908.0,-0.14994156663553637,-12782940.0,-3.9327138815852813
2023-10-16,313167885,Solana,909635.0,0.2913085562991524,-1251028.0,-0.39788573405570293
2023-10-17,326922235,Solana,13754350.0,4.392005265801768,16421728.0,5.288792652438401
2023-10-18,325198997,Solana,-1723238.0,-0.5271094515795216,14400733.0,4.633466356813365
2023-10-19,322252785,Solana,-2946212.0,-0.9059720439420715,10353377.0,3.319460292146492
2023-10-20,329254904,Solana,7002119.0,2.172865317517747,21133919.0,6.858967752553435
2023-10-21,331434068,Solana,2179164.0,0.6618470897551187,18706910.0,5.981862950322969
2023-10-22,353760859,Solana,22326791.0,6.736420047199254,41502609.0,13.291116888024579
2023-10-23,351342249,Solana,-2418610.0,-0.6836850201112799,38174364.0,12.189744168690853
2023-10-24,371082632,Solana,19740383.0,5.618562258363635,44160397.0,13.507920928045781
2023-10-25,362051282,Solana,-9031350.0,-2.4337840742705508,36852285.0,11.332225910893579
2023-10-26,376865017,Solana,14813735.0,4.091612358936492,54612232.0,16.947016299641902
2023-10-27,379699781,Solana,2834764.0,0.7521961105771746,50444877.0,15.320918955849482
2023-10-28,376767185,Solana,-2932596.0,-0.7723459814163003,45333117.0,13.677868806172345
2023-10-29,376391144,Solana,-376041.0,-0.0998072589575405,22630285.0,6.397057340930989
2023-10-30,382350710,Solana,5959566.0,1.5833438419050605,31008461.0,8.825713698895354
2023-10-31,415008313,Solana,32657603.0,8.541269087744086,43925681.0,11.837169733128338
2023-11-01,409813878,Solana,-5194435.0,-1.251646012208918,47762596.0,13.192218443794923
2023-11-02,424924596,Solana,15110718.0,3.6872148092554458,48059579.0,12.752464896469817
2023-11-03,421368548,Solana,-3556048.0,-0.8368656541595021,41668767.0,10.974135115447957
2023-11-04,433447939,Solana,12079391.0,2.8667044698362343,56680754.0,15.043973110344
2023-11-05,432762934,Solana,-685005.0,-0.15803628033861372,56371790.0,14.97691720398182
2023-11-06,423914697,Solana,-8848237.0,-2.0445921553900903,41563987.0,10.870644649777162
2023-11-07,434207838,Solana,10293141.0,2.4281160980837546,19199525.0,4.626298895366943
2023-11-08,443094992,Solana,8887154.0,2.046751168964378,33281114.0,8.121031469802986
2023-11-09,446577207,Solana,3482215.0,0.7858845310533269,21652611.0,5.0956360737470785
2023-11-10,470039052,Solana,23461845.0,5.253704092425826,48670504.0,11.550578283787804
2023-11-11,547162293,Solana,77123241.0,16.40783689607135,113714354.0,26.234835551957715
2023-11-12,537395517,Solana,-9766776.0,-1.7849870367437792,104632583.0,24.177806087246843
2023-11-13,537117125,Solana,-278392.0,-0.05180393047454768,113202428.0,26.704058340303316
2023-11-14,516713833,Solana,-20403292.0,-3.7986671901403257,82505995.0,19.001498310124944
2023-11-15,544052885,Solana,27339052.0,5.290946410563779,100957893.0,22.78470639993151
2023-11-16,602103717,Solana,58050832.0,10.670071531740888,155526510.0,34.82634302919092
2023-11-17,558536535,Solana,-43567182.0,-7.2358267803219745,88497483.0,18.82768732160578
2023-11-18,563698917,Solana,5162382.0,0.9242693497212295,16536624.0,3.02225211999394
2023-11-19,570406376,Solana,6707459.0,1.1899009910639968,33010859.0,6.14274923324305
2023-11-20,588989150,Solana,18582774.0,3.257813163014145,51872025.0,9.657488578492067
2023-11-21,571051735,Solana,-17937415.0,-3.045457628548842,54337902.0,10.516053283210635
2023-11-22,549572285,Solana,-21479450.0,-3.7613842465604286,5519400.0,1.0144969638383516
2023-11-23,594442328,Solana,44870043.0,8.164538901374918,-7661389.0,-1.2724367552774951
2023-11-24,595021123,Solana,578795.0,0.09736772984307862,36484588.0,6.532175733141621
2023-11-25,596198066,Solana,1176943.0,0.19779852420465094,32499149.0,5.76533820092473
2023-11-26,614479362,Solana,18281296.0,3.066312529769255,44072986.0,7.726594206233073
2023-11-27,611124377,Solana,-3354985.0,-0.545988231253236,22135227.0,3.7581722855166255
2023-11-28,596732588,Solana,-14391789.0,-2.3549688969451754,25680853.0,4.497114959295234
2023-11-29,630180805,Solana,33448217.0,5.605227144055358,80608520.0,14.667500927562237
2023-11-30,645890063,Solana,15709258.0,2.4928175970069466,51447735.0,8.654789973166244
2023-12-01,650515316,Solana,4625253.0,0.7161053041313092,55494193.0,9.32642403016002
2023-12-02,663746082,Solana,13230766.0,2.0338900060579146,67548016.0,11.329794551866268
2023-12-03,690178235,Solana,26432153.0,3.982268779704823,75698873.0,12.319188842016793
2023-12-04,688967503,Solana,-1210732.0,-0.17542309197855488,77843126.0,12.737689565278142
2023-12-05,672526547,Solana,-16440956.0,-2.3863180670220974,75793959.0,12.701494861212437
2023-12-06,677514480,Solana,4987933.0,0.7416707968258107,47333675.0,7.511126112449595
2023-12-07,683634331,Solana,6119851.0,0.9032797350692734,37744268.0,5.843760441937618
2023-12-08,780384877,Solana,96750546.0,14.15238258419178,129869561.0,19.964105041917257
2023-12-09,894730702,Solana,114345825.0,14.652491145084046,230984620.0,34.80014816870889
2023-12-10,889132574,Solana,-5598128.0,-0.6256774231046758,198954339.0,28.826515950622532
2023-12-11,940569064,Solana,51436490.0,5.785019186576323,251601561.0,36.51863983488928
2023-12-12,914309665,Solana,-26259399.0,-2.791862926931221,241783118.0,35.95146081274321
2023-12-13,885476293,Solana,-28833372.0,-3.1535674513514023,207961813.0,30.69481452263574
2023-12-14,908897403,Solana,23421110.0,2.645029594259274,225263072.0,32.95081329085563
2023-12-15,973902523,Solana,65005120.0,7.1520855693324,193517646.0,24.797718626215758
2023-12-16,1036618026,Solana,62715503.0,6.439607816890325,141887324.0,15.858103861065453
2023-12-17,1046874014,Solana,10255988.0,0.9893700227821434,157741440.0,17.74104836698964
2023-12-18,1038834078,Solana,-8039936.0,-0.7679946099034551,98265014.0,10.447400170924602
2023-12-19,1074804858,Solana,35970780.0,3.462610705768543,160495193.0,17.553701895954465
2023-12-20,1069715765,Solana,-5089093.0,-0.4734899514196256,184239472.0,20.806821532826735
2023-12-21,1164737849,Solana,95022084.0,8.882928260854417,255840446.0,28.14844064418567
2023-12-22,1302113486,Solana,137375637.0,11.794554209597074,328210963.0,33.70059685121074
2023-12-23,1327500975,Solana,25387489.0,1.9497140051892625,290882949.0,28.060765074907156
2023-12-24,1430558663,Solana,103057688.0,7.763285296268796,383684649.0,36.65050845363709
2023-12-25,1461486454,Solana,30927791.0,2.1619379756955937,422652376.0,40.68526292607817
2023-12-26,1557274884,Solana,95788430.0,6.554178435101665,482470026.0,44.8890812512498
2023-12-27,1468001393,Solana,-89273491.0,-5.732673911152608,398285628.0,37.23284642813505
2023-12-28,1424593248,Solana,-43408145.0,-2.9569553003823357,259855399.0,22.310204757499896
2023-12-29,1387315039,Solana,-37278209.0,-2.616761595096373,85201553.0,6.543327744936667
2023-12-30,1427882338,Solana,40567299.0,2.9241591029851133,100381363.0,7.561679041328007
2023-12-31,1401807297,Solana,-26075041.0,-1.826133730074897,-28751366.0,-2.009799859567174
2024-01-01,1386507103,Solana,-15300194.0,-1.0914620028547373,-74979351.0,-5.130348679920093
2024-01-02,1473711882,Solana,87204779.0,6.289529913789416,-83563002.0,-5.365976351288793
2024-01-03,1444589367,Solana,-29122515.0,-1.9761335547133774,-23412026.0,-1.5948231460567786
2024-01-04,1353477455,Solana,-91111912.0,-6.307114954695637,-71115793.0,-4.992006883357069
2024-01-05,1405859790,Solana,52382335.0,3.870203733833155,18544751.0,1.3367368246341105
2024-01-06,1353502561,Solana,-52357229.0,-3.7242141337579637,-74379777.0,-5.2090970677725394
2024-01-07,1311034174,Solana,-42468387.0,-3.137665803057166,-90773123.0,-6.475435189577272
2024-01-08,1245245603,Solana,-65788571.0,-5.0180668288208885,-141261500.0,-10.188299771010978
2024-01-09,1335094900,Solana,89849297.0,7.2153876137798445,-138616982.0,-9.405975733321803
2024-01-10,1346040958,Solana,10946058.0,0.8198711567245054,-98548409.0,-6.82189771371895
2024-01-11,1402503521,Solana,56462563.0,4.194713590580057,49026066.0,3.6222299690983784
2024-01-12,1378725863,Solana,-23777658.0,-1.6953724282307903,-27133927.0,-1.9300592557668916
2024-01-13,1295473658,Solana,-83252205.0,-6.038343606527386,-58028903.0,-4.287313867890052
2024-01-14,1363838216,Solana,68364558.0,5.277186269116707,52804042.0,4.027663278897875
2024-01-15,1361975795,Solana,-1862421.0,-0.1365573260927011,116730192.0,9.37406979946589
2024-01-16,1348461730,Solana,-13514065.0,-0.9922397335996758,13366830.0,1.0011895034577778
2024-01-17,1384963942,Solana,36502212.0,2.7069520170958095,38922984.0,2.891664162867169
2024-01-18,1426753029,Solana,41789087.0,3.017341154720121,24249508.0,1.7290158375295794
2024-01-19,1350849007,Solana,-75904022.0,-5.3200533278839774,-27876856.0,-2.021928850985799
2024-01-20,1352046910,Solana,1197903.0,0.08867778662104975,56573252.0,4.366993620490889
2024-01-21,1359345013,Solana,7298103.0,0.5397817890800738,-4493203.0,-0.32945278606271167
2024-01-22,1345563597,Solana,-13781416.0,-1.0138276793751677,-16412198.0,-1.2050286106589758
2024-01-23,1276799912,Solana,-68763685.0,-5.110400218414945,-71661818.0,-5.314338286782528
2024-01-24,1278723260,Solana,1923348.0,0.150638168277073,-106240682.0,-7.671007076659331
2024-01-25,1322968909,Solana,44245649.0,3.4601426582324013,-103784120.0,-7.274147514706275
2024-01-26,1311621404,Solana,-11347505.0,-0.857730285481717,-39227603.0,-2.9039221109632085
2024-01-27,1376068203,Solana,64446799.0,4.913521447839986,24021293.0,1.7766612106676183
2024-01-28,1419365065,Solana,43296862.0,3.1464183174647387,60020052.0,4.415365593429366
2024-01-29,1539548330,Solana,120183265.0,8.467396300190044,193984733.0,14.41661571645505
2024-01-30,1601999186,Solana,62450856.0,4.056440111886572,325199274.0,25.46986970656997
2024-01-31,1604132793,Solana,2133607.0,0.13318402522584094,325409533.0,25.44800295569818
2024-02-01,1596724742,Solana,-7408051.0,-0.461810333429169,273755833.0,20.692537151679957
2024-02-02,1628397463,Solana,31672721.0,1.983605575017755,316776059.0,24.151485942051607
2024-02-03,1642890164,Solana,14492701.0,0.889997763402306,266821961.0,19.390169790879174
2024-02-04,1623844887,Solana,-19045277.0,-1.1592544296223584,204479822.0,14.406429116951669
2024-02-05,1632247289,Solana,8402402.0,0.5174387078018983,92698959.0,6.02117888692717
2024-02-06,1657656038,Solana,25408749.0,1.5566727646744383,55656852.0,3.474212252190245
2024-02-07,1669486555,Solana,11830517.0,0.7136894946115468,65353762.0,4.074086776679975
2024-02-08,1733232356,Solana,63745801.0,3.818287772913509,136507614.0,8.549226451455594
2024-02-09,1745579942,Solana,12347586.0,0.7124022325832868,117182479.0,7.1961840805201405
2024-02-10,1815339271,Solana,69759329.0,3.996341119735436,172449107.0,10.496691183550123
2024-02-11,1855001067,Solana,39661796.0,2.1848145210978664,231156180.0,14.235114563623963
2024-02-12,1852417978,Solana,-2583089.0,-0.13925000076563387,220170689.0,13.488807148510439
2024-02-13,1925937882,Solana,73519904.0,3.9688615028114382,268281844.0,16.18440966339967
2024-02-14,1901005956,Solana,-24931926.0,-1.2945342751194744,231519401.0,13.867700839315834
2024-02-15,1964541031,Solana,63535075.0,3.342181795878596,231308675.0,13.345508708008458
2024-02-16,1943552592,Solana,-20988439.0,-1.068363483826873,197972650.0,11.341368288935127
2024-02-17,1928850944,Solana,-14701648.0,-0.7564317045247182,113511673.0,6.252917832679894
2024-02-18,1924222522,Solana,-4628422.0,-0.23995747387310917,69221455.0,3.731612678366192
2024-02-19,1979797854,Solana,55575332.0,2.888196732165671,127379876.0,6.8764111292813235
2024-02-20,2073689013,Solana,93891159.0,4.7424619038909155,147751131.0,7.6716457151030815
2024-02-21,2028103112,Solana,-45585901.0,-2.1982997794857906,127097156.0,6.6857842080322305
2024-02-22,2005541138,Solana,-22561974.0,-1.1124668103166924,41000107.0,2.087006906601996
2024-02-23,1981314292,Solana,-24226846.0,-1.2079954652119418,37761700.0,1.942921439606704
2024-02-24,1950464021,Solana,-30850271.0,-1.5570609430601179,21613077.0,1.1205156659321425
2024-02-25,2015345651,Solana,64881630.0,3.3264715114680987,91123129.0,4.735581667825417
2024-02-26,2009769840,Solana,-5575811.0,-0.2766677268106976,29971986.0,1.513891225785713
2024-02-27,2120963290,Solana,111193450.0,5.532645967062577,47274277.0,2.2797187381346173
2024-02-28,2144502181,Solana,23538891.0,1.1098207645074298,116399069.0,5.739307252736969
2024-02-29,2301826901,Solana,157324720.0,7.336188388796039,296285763.0,14.77335754356388
2024-03-01,2423027537,Solana,121200636.0,5.265410528799785,441713245.0,22.293951382853106
2024-03-02,2515676415,Solana,92648878.0,3.8236824214845866,565212394.0,28.978355299792536
2024-03-03,2530637347,Solana,14960932.0,0.5947081234610962,515291696.0,25.56840290618714
2024-03-04,2591262415,Solana,60625068.0,2.395644246374107,581492575.0,28.933291933567883
2024-03-05,2644829513,Solana,53567098.0,2.0672201198117524,523866223.0,24.699447909822148
2024-03-06,2553977578,Solana,-90851935.0,-3.4350771780729095,409475397.0,19.09419354421258
2024-03-07,2828976305,Solana,274998727.0,10.767468335229058,527149404.0,22.901348653584087
2024-03-08,3008546861,Solana,179570556.0,6.347545424209544,585519324.0,24.164782077753166
2024-03-09,3133963228,Solana,125416367.0,4.168669221203802,618286813.0,24.57735857097503
2024-03-10,3182360610,Solana,48397382.0,1.5442868495584072,651723263.0,25.75332509703927
2024-03-11,3172984559,Solana,-9376051.0,-0.294625661546255,581722144.0,22.449372191430484
2024-03-12,3254324793,Solana,81340234.0,2.5635244195967744,609495280.0,23.04478519330557
2024-03-13,3261390302,Solana,7065509.0,0.21711136562636568,707412724.0,27.69847042094902
2024-03-14,3631156519,Solana,369766217.0,11.337686776502842,802180214.0,28.355847752496466
2024-03-15,3811795094,Solana,180638575.0,4.974684347942859,803248233.0,26.698877235803174
2024-03-16,3915872761,Solana,104077667.0,2.730410854555765,781909533.0,24.949543951700768
2024-03-17,3795200232,Solana,-120672529.0,-3.0816253837926966,612839622.0,19.257390883806845
2024-03-18,4195903616,Solana,400703384.0,10.558161875660431,1022919057.0,32.238387485956885
2024-03-19,4098443240,Solana,-97460376.0,-2.3227505900840995,844118447.0,25.938358974361897
2024-03-20,3714326616,Solana,-384116624.0,-9.372256769377628,452936314.0,13.887829178931565
2024-03-21,4206198031,Solana,491871415.0,13.242546115389864,575041512.0,15.836318511501757
2024-03-22,4002274576,Solana,-203923455.0,-4.848165813807825,190479482.0,4.99710706642722
2024-03-23,3924650378,Solana,-77624198.0,-1.9395020637884341,8777617.0,0.224154806239385
2024-03-24,4091823209,Solana,167172831.0,4.259559830783988,296622977.0,7.815739852115389
2024-03-25,4408508090,Solana,316684881.0,7.739456589997551,212604474.0,5.0669532347999535
2024-03-26,4581580893,Solana,173072803.0,3.925881487947991,483137653.0,11.78832119192652
2024-03-27,4650133379,Solana,68552486.0,1.4962627006049,935806763.0,25.194520023330114
2024-03-28,4565577542,Solana,-84555837.0,-1.818352939764134,359379511.0,8.544046389431625
2024-03-29,4670664597,Solana,105087055.0,2.3017253355851475,668390021.0,16.70025402574977
2024-03-30,4772318026,Solana,101653429.0,2.1764232239089187,847667648.0,21.5985518799759
2024-03-31,4786840322,Solana,14522296.0,0.30430277112467596,695017113.0,16.985511775565087
2024-04-01,4869002041,Solana,82161719.0,1.71640818312635,460493951.0,10.445573459296975
2024-04-02,4766490354,Solana,-102511687.0,-2.1053942088499533,184909461.0,4.035931380858404
2024-04-03,4679587527,Solana,-86902827.0,-1.823203668650497,29454148.0,0.6334043692814317
2024-04-04,4693186593,Solana,13599066.0,0.2906039457866161,127609051.0,2.795025379069549
2024-04-05,4542766802,Solana,-150419791.0,-3.205067346445478,-127897795.0,-2.738321117773035
2024-04-06,4443898160,Solana,-98868642.0,-2.1763970353149587,-328419866.0,-6.8817682352839915
2024-04-07,4505658196,Solana,61760036.0,1.3897716323904241,-281182126.0,-5.874065293293896
2024-04-08,4536641173,Solana,30982977.0,0.6876459698497817,-332360868.0,-6.826057274187125
2024-04-09,4600451158,Solana,63809985.0,1.4065468827415328,-166039196.0,-3.4834686250998392
2024-04-10,4438418967,Solana,-162032191.0,-3.522093495509293,-241168560.0,-5.153628575350289
2024-04-11,4467367779,Solana,28948812.0,0.6522325227797721,-225818814.0,-4.8116308509193795
2024-04-12,4330754323,Solana,-136613456.0,-3.0580302038750062,-212012479.0,-4.667034171920504
2024-04-13,3864185981,Solana,-466568342.0,-10.773373578873413,-579712179.0,-13.045127456296168
2024-04-14,3429300409,Solana,-434885572.0,-11.254260900958435,-1076357787.0,-23.88902442612183
2024-04-15,3772216324,Solana,342915915.0,9.999588082165012,-764424849.0,-16.85001788436574
2024-04-16,3535168798,Solana,-237047526.0,-6.284038497257716,-1065282360.0,-23.15604107974316
2024-04-17,3539974764,Solana,4805966.0,0.13594728497035025,-898444203.0,-20.2424378969179
2024-04-18,3464165282,Solana,-75809482.0,-2.1415260575004536,-1003202497.0,-22.45623254292626
2024-04-19,3632310826,Solana,168145544.0,4.853854545384828,-698443497.0,-16.127525250986164
2024-04-20,3727503293,Solana,95192467.0,2.6207136877883563,-136682688.0,-3.537166396029112
2024-04-21,3903942364,Solana,176439071.0,4.7334383669449975,474641955.0,13.8407808704752
2024-04-22,3918440819,Solana,14498455.0,0.37137984243047484,146224495.0,3.876354971205509
2024-04-23,4022024683,Solana,103583864.0,2.643496961795,486855885.0,13.771786096195338
2024-04-24,4044384786,Solana,22360103.0,0.5559414663592221,504410022.0,14.24897225623274
2024-04-25,3853000229,Solana,-191384557.0,-4.7321055519369715,388834947.0,11.224491770655654
2024-04-26,3878397046,Solana,25396817.0,0.6591439265652754,246086220.0,6.7749218552145996
2024-04-27,3727721183,Solana,-150675863.0,-3.8850035520576753,217890.0,0.0058454676729269295
2024-04-28,3888056622,Solana,160335439.0,4.3011650048077055,-15885742.0,-0.40691538242186853
2024-04-29,3916489206,Solana,28432584.0,0.7312800909101469,-1951613.0,-0.04980585621038314
2024-04-30,3885347808,Solana,-31141398.0,-0.7951355502854973,-136676875.0,-3.39821074638591
2024-05-01,3704073387,Solana,-181274421.0,-4.665590571499234,-340311399.0,-8.414416951077907
2024-05-02,3836786803,Solana,132713416.0,3.582904606204007,-16213426.0,-0.42080002689768303
2024-05-03,3936916416,Solana,100129613.0,2.609725745556357,58519370.0,1.508854542377347
2024-05-04,4067944971,Solana,131028555.0,3.3282026122649633,340223788.0,9.126857168169277
2024-05-05,4153926951,Solana,85981980.0,2.11364658600246,265870329.0,6.838129041012708
2024-05-06,4121560534,Solana,-32366417.0,-0.7791763644810379,205071328.0,5.236100936671395
2024-05-07,4269095749,Solana,147535215.0,3.579595975430605,383747941.0,9.87679765013203
2024-05-08,4190940959,Solana,-78154790.0,-1.8307106374530702,486867572.0,13.144112471117197
2024-05-09,4061704417,Solana,-129236542.0,-3.083711826635638,224917614.0,5.862134790083617
2024-05-10,4261501892,Solana,199797475.0,4.9190550194583516,324585476.0,8.244662616682795
2024-05-11,4184959769,Solana,-76542123.0,-1.7961302127705303,117014798.0,2.876508872027217
2024-05-12,4182438656,Solana,-2521113.0,-0.060242227862616904,28511705.0,0.6863795472651812
2024-05-13,4134418250,Solana,-48020406.0,-1.148143701548654,12857716.0,0.3119623233465374
2024-05-14,4167004126,Solana,32585876.0,0.788161091345807,-102091623.0,-2.3914109451378396
2024-05-15,4042814768,Solana,-124189358.0,-2.9803032165272247,-148126191.0,-3.5344375511160764
2024-05-16,4415955592,Solana,373140824.0,9.229728429645423,354251175.0,8.72173695154439
2024-05-17,4456997102,Solana,41041510.0,0.9293913660352704,195495210.0,4.587472092104372
2024-05-18,4638942333,Solana,181945231.0,4.082238036869157,453982564.0,10.847955274573163
2024-05-19,4689823454,Solana,50881121.0,1.096825900120546,507384798.0,12.131314759921729
2024-05-20,4689618950,Solana,-204504.0,-0.004360590585250623,555200700.0,13.428750223807185
2024-05-21,4992484962,Solana,302866012.0,6.458222197349328,825480836.0,19.809935652557108
2024-05-22,4869403447,Solana,-123081515.0,-2.4653357183211932,826588679.0,20.445870672648137
2024-05-23,4885756632,Solana,16353185.0,0.3358354915133477,469801040.0,10.638717491885497
2024-05-24,4851986932,Solana,-33769700.0,-0.6911866992887039,394989830.0,8.862241122453396
2024-05-25,4753783857,Solana,-98203075.0,-2.0239764940900296,114841524.0,2.475597145992814
2024-05-26,4763669230,Solana,9885373.0,0.20794746453278723,73845776.0,1.574596074336565
2024-05-27,4688970391,Solana,-74698839.0,-1.5680945799001256,-648559.0,-0.013829673730736403
2024-05-28,4868132650,Solana,179162259.0,3.8209296297516238,-124352312.0,-2.4907899161740077
2024-05-29,4884068509,Solana,15935859.0,0.32735054990746804,14665062.0,0.30116752821200965
2024-05-30,4864941919,Solana,-19126590.0,-0.39161182863743926,-20814713.0,-0.42602844488141
2024-05-31,4823159306,Solana,-41782613.0,-0.8588512195144227,-28827626.0,-0.5941406356615442
2024-06-01,4817494611,Solana,-5664695.0,-0.117447810462179,63710754.0,1.3402114171889634
2024-06-02,4837661654,Solana,20167043.0,0.41862097684450816,73992424.0,1.5532653596941781
2024-06-03,4784706820,Solana,-52954834.0,-1.0946369917419596,95736429.0,2.0417366930649994
2024-06-04,4809534599,Solana,24827779.0,0.5188986480053615,-58598051.0,-1.2037069491111718
2024-06-05,4890868915,Solana,81334316.0,1.691105746841104,6800406.0,0.13923649898581747
2024-06-06,4877124826,Solana,-13744089.0,-0.28101528049234714,12182907.0,0.25042245524904416
2024-06-07,4801157121,Solana,-75967705.0,-1.5576329848072668,-22002185.0,-0.4561778619385337
2024-06-08,4628858013,Solana,-172299108.0,-3.5886996333940657,-188636598.0,-3.9156576858285996
2024-06-09,4580257861,Solana,-48600152.0,-1.049938275564033,-257403793.0,-5.320830835434032
2024-06-10,4621987236,Solana,41729375.0,0.9110704302331518,-162719584.0,-3.400826636228471
2024-06-11,4579177987,Solana,-42809249.0,-0.9262087239567562,-230356612.0,-4.78958217803227
2024-06-12,4373039690,Solana,-206138297.0,-4.501644128819926,-517829225.0,-10.587673356197481
2024-06-13,4527781823,Solana,154742133.0,3.538548560486543,-349343003.0,-7.162888288969949
2024-06-14,4336807764,Solana,-190974059.0,-4.217828209608054,-464349357.0,-9.671613431873771
2024-06-15,4274671802,Solana,-62135962.0,-1.432758041889537,-354186211.0,-7.651697459833063
2024-06-16,4313994854,Solana,39323052.0,0.9199080963736561,-266263007.0,-5.813275476631508
2024-06-17,4396067792,Solana,82072938.0,1.9024811289216181,-225919444.0,-4.887928773155092
2024-06-18,4269065549,Solana,-127002243.0,-2.888996462500415,-310112438.0,-6.772229401879326
2024-06-19,4148461756,Solana,-120603793.0,-2.8250630405112998,-224577934.0,-5.13551099281242
2024-06-20,4136321655,Solana,-12140101.0,-0.2926410248917377,-391460168.0,-8.64573831741362
2024-06-21,4118832789,Solana,-17488866.0,-0.4228120407139824,-217974975.0,-5.026161795997009
2024-06-22,4103201037,Solana,-15631752.0,-0.37951897541815827,-171470765.0,-4.011320001684659
2024-06-23,4117810800,Solana,14609763.0,0.3560576941821436,-196184054.0,-4.547619101077394
2024-06-24,4037042904,Solana,-80767896.0,-1.9614280481269342,-359024888.0,-8.166955219693294
2024-06-25,4067594784,Solana,30551880.0,0.7567885882443504,-201470765.0,-4.719317674735479
2024-06-26,4207105359,Solana,139510575.0,3.4298051405899255,58643603.0,1.4136228426158803
2024-06-27,4216378991,Solana,9273632.0,0.220427852612759,80057336.0,1.9354717228827312
2024-06-28,4429295058,Solana,212916067.0,5.049737403930643,310462269.0,7.537627403305591
2024-06-29,4248607574,Solana,-180687484.0,-4.079373390888696,145406537.0,3.5437341648342002
2024-06-30,4277088700,Solana,28481126.0,0.6703637722225597,159277900.0,3.868023756701011
2024-07-01,4416629144,Solana,139540444.0,3.262509940464886,379586240.0,9.402581271155096
2024-07-02,4419055858,Solana,2426714.0,0.054944934720113636,351461074.0,8.64051344009198
2024-07-03,4538843969,Solana,119788111.0,2.710717285529274,331738610.0,7.885198531820281
2024-07-04,4228394749,Solana,-310449220.0,-6.839830188487362,12015758.0,0.28497812994627836
2024-07-05,4030942478,Solana,-197452271.0,-4.669674491642406,-398352580.0,-8.9935887039296
2024-07-06,4121763262,Solana,90820784.0,2.2530905488153286,-126844312.0,-2.9855502018177216
2024-07-07,4301961412,Solana,180198150.0,4.371870448293591,24872712.0,0.581533696039549
2024-07-08,4083123784,Solana,-218837628.0,-5.08692680017001,-333505360.0,-7.551128906828586
2024-07-09,4199884288,Solana,116760504.0,2.8595876631890116,-219171570.0,-4.959692229353118
2024-07-10,4291739156,Solana,91854868.0,2.187080921787521,-247104813.0,-5.444223566346618
2024-07-11,4282750794,Solana,-8988362.0,-0.20943402367392672,54356045.0,1.2855007213518732
2024-07-12,4178070260,Solana,-104680534.0,-2.444235937021,147127782.0,3.6499598494146523
2024-07-13,4225298263,Solana,47228003.0,1.130378381908792,103535001.0,2.5119104232532274
2024-07-14,4289099440,Solana,63801177.0,1.5099804328298605,-12861972.0,-0.29897925081621146
2024-07-15,4458228880,Solana,169129440.0,3.943238956474282,375105096.0,9.18671869488441
2024-07-16,4710811099,Solana,252582219.0,5.665528302799916,510926811.0,12.165259230113335
2024-07-17,4705342172,Solana,-5468927.0,-0.11609310764256753,413603016.0,9.637189050079353
2024-07-18,4613011600,Solana,-92330572.0,-1.9622498986243797,330260806.0,7.711417775292584
2024-07-19,4715956666,Solana,102945066.0,2.23162382682931,537886406.0,12.874039269985849
2024-07-20,5040869657,Solana,324912991.0,6.889651750671955,815571394.0,19.30210231882985
2024-07-21,5113550909,Solana,72681252.0,1.4418395424898867,824451469.0,19.222018060742375
2024-07-22,5293525544,Solana,179974635.0,3.5195627892007364,835296664.0,18.736065071652398
2024-07-23,5192995037,Solana,-100530507.0,-1.8991219776760548,482183938.0,10.235688247027298
2024-07-24,5041056345,Solana,-151938692.0,-2.925839345453629,335714173.0,7.134745162588363
2024-07-25,5139865511,Solana,98809166.0,1.9600885060133244,526853911.0,11.421040237574953
2024-07-26,5009068831,Solana,-130796680.0,-2.544749074077479,293112165.0,6.215327785202351
2024-07-27,5276251520,Solana,267182689.0,5.33397918883578,235381863.0,4.669469337957133
2024-07-28,5358618446,Solana,82366926.0,1.561087936914718,245067537.0,4.792511922951115
2024-07-29,5315370850,Solana,-43247596.0,-0.807066157738523,21845306.0,0.41267971257379354
2024-07-30,5311594655,Solana,-3776195.0,-0.07104292638395737,118599618.0,2.2838384622935193
2024-07-31,5232327067,Solana,-79267588.0,-1.4923500972609527,191270722.0,3.794258760660618
2024-08-01,5093560964,Solana,-138766103.0,-2.652091530653544,-46304547.0,-0.900890245102759
2024-08-02,4989080786,Solana,-104480178.0,-2.051220722367697,-19988045.0,-0.3990371399230641
2024-08-03,4702368400,Solana,-286712386.0,-5.746797823048921,-573883120.0,-10.876720297064235
2024-08-04,4475691927,Solana,-226676473.0,-4.820474571919975,-882926519.0,-16.47675660988832
2024-08-05,4386500058,Solana,-89191869.0,-1.9928062622438847,-928870792.0,-17.47518316619432
2024-08-06,4131063868,Solana,-255436190.0,-5.823234620369854,-1180530787.0,-22.225543620666212
2024-08-07,4490172614,Solana,359108746.0,8.692887775996972,-742154453.0,-14.184022586828092
2024-08-08,4485326899,Solana,-4845715.0,-0.10791823425432279,-608234065.0,-11.941234615602802
2024-08-09,4824056397,Solana,338729498.0,7.551946728242243,-165024389.0,-3.3077113015102855
2024-08-10,4760798759,Solana,-63257638.0,-1.311295573562088,58430359.0,1.2425729766302407
2024-08-11,4798545413,Solana,37746654.0,0.7928638850495995,322853486.0,7.21348768561032
2024-08-12,4561806429,Solana,-236738984.0,-4.933557226709528,175306371.0,3.99649763323906
2024-08-13,4619613825,Solana,57807396.0,1.2672040539140506,488549957.0,11.826250394829296
2024-08-14,4695380357,Solana,75766532.0,1.6401053176777092,205207743.0,4.570152656496518
2024-08-15,4653920864,Solana,-41459493.0,-0.8829847605038244,168593965.0,3.7587887972577505
2024-08-16,4611127600,Solana,-42793264.0,-0.9195099197114365,-212928797.0,-4.413895267319368
2024-08-17,4570123608,Solana,-41003992.0,-0.8892400201633954,-190675151.0,-4.0051083999200765
2024-08-18,4625000696,Solana,54877088.0,1.2007790752954106,-173544717.0,-3.616610911503315
2024-08-19,4692455891,Solana,67455195.0,1.4584904832195988,130649462.0,2.863985222376919
2024-08-20,4698395822,Solana,5939931.0,0.1265846954766836,78781997.0,1.70538057907903
2024-08-21,4747270483,Solana,48874661.0,1.040241453713775,51890126.0,1.1051314708219628
2024-08-22,4765841937,Solana,18571454.0,0.3912027778173677,111921073.0,2.404877011677531
2024-08-23,4794668764,Solana,28826827.0,0.604863261960098,183541164.0,3.980396552027754
2024-08-24,5051448392,Solana,256779628.0,5.35552382529505,481324784.0,10.531986118656423
2024-08-25,5202358175,Solana,150909783.0,2.987455701596331,577357479.0,12.483403072767874
2024-08-26,5257917940,Solana,55559765.0,1.0679726987463667,565462049.0,12.050449959146992
2024-08-27,5244763330,Solana,-13154610.0,-0.25018667370073633,546367508.0,11.628809676733965
2024-08-28,4948021450,Solana,-296741880.0,-5.657869789903369,200750967.0,4.228766145069884
2024-08-29,4849465135,Solana,-98556315.0,-1.9918328163270216,83623198.0,1.7546364127350556
2024-08-30,4786433319,Solana,-63031816.0,-1.2997684125014342,-8235445.0,-0.17176254305270033
2024-08-31,4726237175,Solana,-60196144.0,-1.2576409194096194,-325211217.0,-6.437979600366472
2024-09-01,4691290467,Solana,-34946708.0,-0.7394192611588468,-511067708.0,-9.823770121325792
2024-09-02,4608080901,Solana,-83209566.0,-1.773703133185256,-649837039.0,-12.359208462656223
2024-09-03,4647036075,Solana,38955174.0,0.8453665384118292,-597727255.0,-11.396648759744899
2024-09-04,4529853940,Solana,-117182135.0,-2.5216532238777623,-418167510.0,-8.45120649183928
2024-09-05,4633157999,Solana,103304059.0,2.2805163338224466,-216307136.0,-4.4604328514262
2024-09-06,4501574549,Solana,-131583450.0,-2.8400380480959275,-284858770.0,-5.951378636556748
2024-09-07,4352634583,Solana,-148939966.0,-3.3086193370514327,-373602592.0,-7.904863386378825
2024-09-08,4423054781,Solana,70420198.0,1.6178752582410416,-268235686.0,-5.717737750131935
2024-09-09,4477556089,Solana,54501308.0,1.232209653701788,-130524812.0,-2.8325199753258423
2024-09-10,4628018412,Solana,150462323.0,3.3603671290604264,-19017663.0,-0.40924285271445315
2024-09-11,4639058109,Solana,11039697.0,0.2385404727728746,109204169.0,2.4107657872959987
2024-09-12,4557717603,Solana,-81340506.0,-1.7533840725598049,-75440396.0,-1.6282716025717847
2024-09-13,4685408727,Solana,127691124.0,2.8016462431974753,183834178.0,4.083775043575311
2024-09-14,4763766563,Solana,78357836.0,1.6723799473129741,411131980.0,9.445589152044832
2024-09-15,4703659157,Solana,-60107406.0,-1.261762204446626,280604376.0,6.344130694591099
2024-09-16,4558866437,Solana,-144792720.0,-3.0782995784148004,81310348.0,1.8159537565538342
2024-09-17,4532118236,Solana,-26748201.0,-0.5867292093251542,-95900176.0,-2.072164962683387
2024-09-18,4564939793,Solana,32821557.0,0.7241990453666469,-74118316.0,-1.597701823484532
2024-09-19,4574687096,Solana,9747303.0,0.2135253353165112,16969493.0,0.3723243622823391
2024-09-20,4845517901,Solana,270830805.0,5.9202039246970095,160109174.0,3.4171869164233204
2024-09-21,4954247038,Solana,108729137.0,2.243911573983892,190480475.0,3.9985266381324047
2024-09-22,4975616173,Solana,21369135.0,0.43132962155691956,271957016.0,5.781818089333135
2024-09-23,4831734070,Solana,-143882103.0,-2.89174441912885,272867633.0,5.985427227816809
2024-09-24,4895619087,Solana,63885017.0,1.3221964635152128,363500851.0,8.020550922802538
2024-09-25,5038368948,Solana,142749861.0,2.9158694429283427,473429155.0,10.370983550012403
2024-09-26,5031148407,Solana,-7220541.0,-0.14331108091768519,456461311.0,9.97797885234859
2024-09-27,5200399401,Solana,169250994.0,3.3640628402953787,354881500.0,7.3239126807634
2024-09-28,5278255109,Solana,77855708.0,1.4971101639814188,324008071.0,6.540006352424443
2024-09-29,5284598845,Solana,6343736.0,0.12018623331000455,308982672.0,6.209937850043246
2024-09-30,5358640686,Solana,74041841.0,1.4010872569836463,526906616.0,10.90512450326142
2024-10-01,5276698442,Solana,-81942244.0,-1.5291610093224328,381079355.0,7.784089166821251
2024-10-02,5227723139,Solana,-48975303.0,-0.9281429200156621,189354191.0,3.758243847449183
2024-10-03,4956061760,Solana,-271661379.0,-5.196552529213805,-75086647.0,-1.4924355420629087
2024-10-04,4859290966,Solana,-96770794.0,-1.952574416667474,-341108435.0,-6.559273792209252
2024-10-05,5234791002,Solana,375500036.0,7.727465562925495,-43464107.0,-0.8234559736585823
2024-10-06,5364628143,Solana,129837141.0,2.4802736336635878,80029298.0,1.5143873801455987
2024-10-07,5291080085,Solana,-73548058.0,-1.370981474195354,-67560601.0,-1.2607787115958113
2024-10-08,5323216176,Solana,32136091.0,0.6073635341695915,46517734.0,0.8815689301048701
2024-10-09,5248011414,Solana,-75204762.0,-1.412769264172753,20288275.0,0.3880900816771504
2024-10-10,5102038174,Solana,-145973240.0,-2.7814962370430574,145976414.0,2.945411519649821
2024-10-11,5295491980,Solana,193453806.0,3.7916965613044917,436201014.0,8.976639123939222
2024-10-12,5529771903,Solana,234279923.0,4.424138944687828,294980901.0,5.635008176779155
2024-10-13,5493752087,Solana,-36019816.0,-0.6513797789825415,129123944.0,2.4069505016575343
2024-10-14,5693049728,Solana,199297641.0,3.6277144990143118,401969643.0,7.5971188593339845
2024-10-15,5916019534,Solana,222969806.0,3.916526583342006,592803358.0,11.136187943534681
2024-10-16,5934545659,Solana,18526125.0,0.31315185647255994,686534245.0,13.081797862873312
2024-10-17,5776897468,Solana,-157648191.0,-2.656449205356093,674859294.0,13.22724901273935
2024-10-18,5839993085,Solana,63095617.0,1.0922059349245172,544501105.0,10.282351612588037
2024-10-19,5863630915,Solana,23637830.0,0.40475784227747,333859012.0,6.037482519285753
2024-10-20,5922565499,Solana,58934584.0,1.0050868626338083,428813412.0,7.805474386343558
2024-10-21,6161252769,Solana,238687270.0,4.030133057039231,468203041.0,8.224116481843602
2024-10-22,5981780581,Solana,-179472188.0,-2.9129171408614263,65761047.0,1.111575893589678
2024-10-23,6004590597,Solana,22810016.0,0.3813248528782731,70044938.0,1.1802915003910064
2024-10-24,6342905468,Solana,338314871.0,5.634270405862951,566008000.0,9.797785111044321
2024-10-25,6679281273,Solana,336375805.0,5.303181746866925,839288188.0,14.371390099000436
2024-10-26,6008821368,Solana,-670459905.0,-10.037904942111576,145190453.0,2.4761185535839614
2024-10-27,6179673052,Solana,170851684.0,2.843347697268417,257107553.0,4.341151702643242
2024-10-28,5993353660,Solana,-186319392.0,-3.0150364013141306,-167899109.0,-2.725080682369907
2024-10-29,6040170853,Solana,46817193.0,0.7811518501312564,58390272.0,0.9761353030143916
2024-10-30,6080669930,Solana,40499077.0,0.6704955536131152,76079333.0,1.2670194873570573
2024-10-31,5988479633,Solana,-92190297.0,-1.5161207245465436,-354425835.0,-5.587752123818978
2024-11-01,5802647315,Solana,-185832318.0,-3.1031635638527733,-876633958.0,-13.124674978783457
2024-11-02,5782464093,Solana,-20183222.0,-0.3478278258929435,-226357275.0,-3.767082779419384
2024-11-03,5721851418,Solana,-60612675.0,-1.048215328710389,-457821634.0,-7.4085089963105695
2024-11-04,5679521941,Solana,-42329477.0,-0.7397863717124586,-313831719.0,-5.236329053873989
2024-11-05,5545928574,Solana,-133593367.0,-2.352193871029895,-494242279.0,-8.18258772853292
2024-11-06,5867375256,Solana,321446682.0,5.796084058979445,-213294674.0,-3.507749581138664
2024-11-07,6502486268,Solana,635111012.0,10.824448484874605,514006635.0,8.583257629658192
2024-11-08,6630393726,Solana,127907458.0,1.967054642305932,827746411.0,14.26497882889166
2024-11-09,6715622292,Solana,85228566.0,1.285422397553715,933158199.0,16.137725785961045
2024-11-10,6771924689,Solana,56302397.0,0.8383794464895677,1050073271.0,18.351984249305087
2024-11-11,7087692134,Solana,315767445.0,4.662890677341958,1408170193.0,24.793815529341213
2024-11-12,7487029676,Solana,399337542.0,5.63423938921328,1941101102.0,35.000470635343596
2024-11-13,7372353496,Solana,-114676180.0,-1.531664558077006,1504978240.0,25.64994012375472
2024-11-14,7509790060,Solana,137436564.0,1.8642156005483024,1007303792.0,15.491056043549655
2024-11-15,7571126115,Solana,61336055.0,0.816747931832329,940732389.0,14.188182902488467
2024-11-16,7913701504,Solana,342575389.0,4.5247613604175285,1198079212.0,17.840181593107385
2024-11-17,8118576748,Solana,204875244.0,2.5888674711378235,1346652059.0,19.885809734231664
2024-11-18,8434201201,Solana,315624453.0,3.8876820752818952,1346509067.0,18.99784925110857
2024-11-19,8601803956,Solana,167602755.0,1.9871799475227991,1114774280.0,14.88940645678829
2024-11-20,8630055247,Solana,28251291.0,0.32843449053838736,1257701751.0,17.05970490539268
2024-11-21,8603007242,Solana,-27048005.0,-0.313416359755081,1093217182.0,14.557226943305523
2024-11-22,9101407271,Solana,498400029.0,5.793323369144732,1530281156.0,20.21206796394779
2024-11-23,8996920015,Solana,-104487256.0,-1.148034066478154,1083218511.0,13.687886894046786
2024-11-24,9003515350,Solana,6595335.0,0.07330658702093817,884938602.0,10.90016919798169
2024-11-25,8980559327,Solana,-22956023.0,-0.2549673333982816,546358126.0,6.477888219399142
2024-11-26,8695242261,Solana,-285317066.0,-3.177052292747462,93438305.0,1.0862640613289454
2024-11-27,8711224299,Solana,15982038.0,0.18380210142829867,81169052.0,0.9405391932828744
2024-11-28,9071885136,Solana,360660837.0,4.140185404724361,468877894.0,5.450162725784202
2024-11-29,8966168235,Solana,-105716901.0,-1.165324509902388,-135239036.0,-1.4859134634147675
2024-11-30,9225501824,Solana,259333589.0,2.8923569378017655,228581809.0,2.5406673463685303
2024-12-01,9124696980,Solana,-100804844.0,-1.0926759966353061,121181630.0,1.3459368401032457
2024-12-02,9043394263,Solana,-81302717.0,-0.8910182680937684,62834936.0,0.6996773108673526
2024-12-03,8761059942,Solana,-282334321.0,-3.121995047314685,65817681.0,0.7569390135937493
2024-12-04,9105643392,Solana,344583450.0,3.9331251273386103,394419093.0,4.527711369402776
2024-12-05,9008452696,Solana,-97190696.0,-1.0673676951305722,-63432440.0,-0.6992200523822878
2024-12-06,9284194738,Solana,275742042.0,3.0609256806381158,318026503.0,3.5469611395262834
2024-12-07,9425337178,Solana,141142440.0,1.520244285940131,199835354.0,2.1661190666087293
2024-12-08,9521826752,Solana,96489574.0,1.0237254347273517,397129772.0,4.352251618551839
2024-12-09,9397480989,Solana,-124345763.0,-1.3059023886764387,354086726.0,3.9154184336372966
2024-12-10,8848650906,Solana,-548830083.0,-5.840182955862538,87590964.0,0.9997758784880961
2024-12-11,8773242221,Solana,-75408685.0,-0.8522054469214946,-332401171.0,-3.6504962547955655
2024-12-12,9290486887,Solana,517244666.0,5.8957071168273645,282034191.0,3.130772847652641
2024-12-13,9281843412,Solana,-8643475.0,-0.09303575910638573,-2351326.0,-0.025326116764612383
2024-12-14,9219828440,Solana,-62014972.0,-0.6681320643679878,-205508738.0,-2.18038606066725
2024-12-15,9124462941,Solana,-95365499.0,-1.0343522075341394,-397363811.0,-4.173188836023889
2024-12-16,9195610846,Solana,71147905.0,0.7797489612271002,-201870143.0,-2.14813036851359
2024-12-17,9072764428,Solana,-122846418.0,-1.335924497647012,224113522.0,2.5327422720229142
2024-12-18,9259537137,Solana,186772709.0,2.0586086025069728,486294916.0,5.542932746527662
2024-12-19,8829556435,Solana,-429980702.0,-4.643652221900474,-460930452.0,-4.961316426214124
2024-12-20,8401020878,Solana,-428535557.0,-4.853421122054358,-880822534.0,-9.489737058710034
2024-12-21,8325108166,Solana,-75912712.0,-0.9036129430268991,-894720274.0,-9.704305018499893
2024-12-22,8034331292,Solana,-290776874.0,-3.492769922047878,-1090131649.0,-11.94735137891334
2024-12-23,8018627108,Solana,-15704184.0,-0.1954634857494253,-1176983738.0,-12.799407866547297
2024-12-24,8361869913,Solana,343242805.0,4.280568236644333,-710894515.0,-7.835478597968071
2024-12-25,8631480282,Solana,269610369.0,3.224283226181779,-628056855.0,-6.78281047645849
2024-12-26,8654074301,Solana,22594019.0,0.2617629683649758,-175482134.0,-1.9874399726853342
2024-12-27,8375119179,Solana,-278955122.0,-3.2233964292144535,-25901699.0,-0.308316088915217
2024-12-28,8280408302,Solana,-94710877.0,-1.1308600507737299,-44699864.0,-0.5369283270403091
2024-12-29,8643164130,Solana,362755828.0,4.380893003940178,608832838.0,7.577890628013195
2024-12-30,8498205519,Solana,-144958611.0,-1.6771474985284085,479578411.0,5.98080450107894
2024-12-31,8521024392,Solana,22818873.0,0.26851401685898946,159154479.0,1.903335984126775
2025-01-01,8525825609,Solana,4801217.0,0.05634553756832528,-105654673.0,-1.2240620327932716
2025-01-02,8719434684,Solana,193609075.0,2.2708542712347235,65360383.0,0.7552556255779663
2025-01-03,9146151343,Solana,426716659.0,4.893856935278351,771032164.0,9.206223189436002
2025-01-04,9468639468,Solana,322488125.0,3.5259434586856653,1188231166.0,14.349910326438886
2025-01-05,9535529945,Solana,66890477.0,0.7064423270741527,892365815.0,10.324527008606044
2025-01-06,9419385506,Solana,-116144439.0,-1.2180176630969597,921179987.0,10.839700039501942
2025-01-07,9599832043,Solana,180446537.0,1.9156932995794573,1078807651.0,12.660539406656834
2025-01-08,8991687753,Solana,-608144290.0,-6.334947187367157,465862144.0,5.464129403587936
2025-01-09,8872063940,Solana,-119623813.0,-1.3303821961576534,152629256.0,1.7504489858737315
2025-01-10,8511927977,Solana,-360135963.0,-4.059212889306563,-634223366.0,-6.934319608491968
2025-01-11,8623361625,Solana,111433648.0,1.3091469794047184,-845277843.0,-8.927130934245431
2025-01-12,8623722409,Solana,360784.0,0.00418379763820198,-911807536.0,-9.56221144770365
2025-01-13,8590476124,Solana,-33246285.0,-0.3855212798281049,-828909382.0,-8.800036705918846
2025-01-14,8421089187,Solana,-169386937.0,-1.9717991710234584,-1178742856.0,-12.278786240427142
2025-01-15,8677466234,Solana,256377047.0,3.044464217239029,-314221519.0,-3.494577743707372
2025-01-16,9337739916,Solana,660273682.0,7.609060804096468,465675976.0,5.248789674525267
2025-01-17,9463509973,Solana,125770057.0,1.3469004077153235,951581996.0,11.179394357791338
2025-01-18,10385490885,Solana,921980912.0,9.742483651736734,1762129260.0,20.434365814967204
2025-01-19,11303167433,Solana,917676548.0,8.836140324627518,2679445024.0,31.07063164746169
2025-01-20,11479902110,Solana,176734677.0,1.563585411324775,2889425986.0,33.63522515274264
2025-01-21,11155926344,Solana,-323975766.0,-2.822112618171102,2734837157.0,32.47605026226164
2025-01-22,11736045453,Solana,580119109.0,5.200098056509717,3058579219.0,35.24737678627767
2025-01-23,11973290461,Solana,237245008.0,2.021507235551434,2635550545.0,28.224715709676662
2025-01-24,11721219555,Solana,-252070906.0,-2.105276797727895,2257709582.0,23.857000081802514
2025-01-25,11650659254,Solana,-70560301.0,-0.6019877084368797,1265168369.0,12.182075772916146
2025-01-26,11810565435,Solana,159906181.0,1.3725075767287542,507398002.0,4.488989524464038
2025-01-27,11333455199,Solana,-477110236.0,-4.039690043849287,-146446911.0,-1.2756808341809145
2025-01-28,11181458070,Solana,-151997129.0,-1.341136717189395,25531726.0,0.2288624468530287
2025-01-29,10837267246,Solana,-344190824.0,-3.0782284550479933,-898778207.0,-7.65827135383369
2025-01-30,10952675915,Solana,115408669.0,1.0649240844604613,-1020614546.0,-8.524094101988055
2025-01-31,11281462572,Solana,328786657.0,3.0018842842753912,-439756983.0,-3.751802284194994
2025-02-01,10994017835,Solana,-287444737.0,-2.547938577693132,-656641419.0,-5.636088093251512
2025-02-02,10308113503,Solana,-685904332.0,-6.23888684095445,-1502451932.0,-12.72125318867089
2025-02-03,9772114544,Solana,-535998959.0,-5.199777426238139,-1561340655.0,-13.776387055712402
2025-02-04,10488309110,Solana,716194566.0,7.328962045780951,-693148960.0,-6.19909278075037
2025-02-05,9506100201,Solana,-982208909.0,-9.364797496896049,-1331167045.0,-12.283235383821777
2025-02-06,9220897365,Solana,-285202836.0,-3.0002086025770924,-1731778550.0,-15.811465284280713
2025-02-07,9001399957,Solana,-219497408.0,-2.3804343472377476,-2280062615.0,-20.21070052263433
2025-02-08,9001845796,Solana,445839.0,0.00495299622425005,-1992172039.0,-18.120509434301823
2025-02-09,9245492097,Solana,243646301.0,2.7066260245011575,-1062621406.0,-10.308592408210703
2025-02-10,9208641469,Solana,-36850628.0,-0.3985794116027397,-563473075.0,-5.7661325239578565
2025-02-11,9243802837,Solana,35161368.0,0.3818301333412544,-1244506273.0,-11.865652127028126
2025-02-12,9107629045,Solana,-136173792.0,-1.4731360501863966,-398471156.0,-4.191741593025522
2025-02-13,9110201080,Solana,2572035.0,0.028240445315597107,-110696285.0,-1.2004936246245657
2025-02-14,9046330266,Solana,-63870814.0,-0.7010911552788657,44930309.0,0.4991480126939507
2025-02-15,9283926448,Solana,237596182.0,2.62643718517539,282080652.0,3.133586804223465
2025-02-16,9137782852,Solana,-146143596.0,-1.5741571932798237,-107709245.0,-1.1649920184881202
2025-02-17,8933039825,Solana,-204743027.0,-2.2406204033967314,-275601644.0,-2.992858880734861
2025-02-18,8562889789,Solana,-370150036.0,-4.143606692137414,-680913048.0,-7.366157197495838
2025-02-19,8267625943,Solana,-295263846.0,-3.4481799167764615,-840003102.0,-9.223071096216351
2025-02-20,8303974589,Solana,36348646.0,0.439650345221243,-806226491.0,-8.849711262355587
2025-02-21,8499849066,Solana,195874477.0,2.3588039064988076,-546481200.0,-6.040915862357044
2025-02-22,8285627888,Solana,-214221178.0,-2.5202939056518048,-998298560.0,-10.752977908555705
2025-02-23,8373734598,Solana,88106710.0,1.0633679328950318,-764048254.0,-8.361418370023666
2025-02-24,8249916812,Solana,-123817786.0,-1.478644737911483,-683123013.0,-7.647150649527079
2025-02-25,7318688821,Solana,-931227991.0,-11.28772583070744,-1244200968.0,-14.530152771536509
2025-02-26,7391148008,Solana,72459187.0,0.9900569456114505,-876477935.0,-10.601325471698352
2025-02-27,7167008011,Solana,-224139997.0,-3.0325464563474624,-1136966578.0,-13.691835949330844
2025-02-28,7174089818,Solana,7081807.0,0.09881120530534915,-1325759248.0,-15.597444586435438
2025-03-01,7504075822,Solana,329986004.0,4.599691561876673,-781552066.0,-9.432623291373188
2025-03-02,7377984201,Solana,-126091621.0,-1.680308461574076,-995750397.0,-11.89135367674331
2025-03-03,8396279817,Solana,1018295616.0,13.801813452812507,146363005.0,1.7741149194026473
2025-03-04,7214551608,Solana,-1181728209.0,-14.074426231095194,-104137213.0,-1.42289439470622
2025-03-05,7346002071,Solana,131450463.0,1.8220184724195176,-45145937.0,-0.610810890962199
2025-03-06,7439526801,Solana,93524730.0,1.2731378115071523,272518790.0,3.802406660934876
2025-03-07,7292792185,Solana,-146734616.0,-1.9723649087503348,118702367.0,1.6545982837038453
2025-03-08,7194490913,Solana,-98301272.0,-1.3479236691015029,-309584909.0,-4.125556781987427
2025-03-09,7126313557,Solana,-68177356.0,-0.9476328043838023,-251670644.0,-3.411103048524944
2025-03-10,6715166939,Solana,-411146618.0,-5.769415206213324,-1681112878.0,-20.02211592086581
2025-03-11,6393494445,Solana,-321672494.0,-4.790238231186883,-821057163.0,-11.38057092958562
2025-03-12,6709996447,Solana,316502002.0,4.9503758034468825,-636005624.0,-8.657847055485812
2025-03-13,6744829533,Solana,34833086.0,0.5191222718988753,-694697268.0,-9.337922781683117
2025-03-14,6657809557,Solana,-87019976.0,-1.2901730959135826,-634982628.0,-8.706989201009296
2025-03-15,7004040432,Solana,346230875.0,5.2003721649859225,-190450481.0,-2.647171054950781
2025-03-16,7098372261,Solana,94331829.0,1.3468201663859203,-27941296.0,-0.39208625576899747
2025-03-17,6784344641,Solana,-314027620.0,-4.423938453120247,69177702.0,1.03017099393663
2025-03-18,6850637988,Solana,66293347.0,0.9771518180159644,457143543.0,7.150135922265588
2025-03-19,6756292264,Solana,-94345724.0,-1.3771815729463732,46295817.0,0.6899529286740425
2025-03-20,7110949405,Solana,354657141.0,5.249286548625842,366119872.0,5.428156044696286
2025-03-21,6861352879,Solana,-249596526.0,-3.5100309647049133,203543322.0,3.0572115386808374
2025-03-22,6876550528,Solana,15197649.0,0.22149639098894003,-127489904.0,-1.8202336956469445
2025-03-23,6877963878,Solana,1413350.0,0.02055318279485796,-220408383.0,-3.105055284448399
2025-03-24,7070839623,Solana,192875745.0,2.8042564401499215,286494982.0,4.222883670570288
2025-03-25,7275373233,Solana,204533610.0,2.892635399828536,424735245.0,6.199937082414686
2025-03-26,7354582531,Solana,79209298.0,1.088731745619853,598290267.0,8.855304708884626
2025-03-27,7134260510,Solana,-220322021.0,-2.995710770411908,23311105.0,0.3278198686607059
2025-03-28,7149833740,Solana,15573230.0,0.21828793577374217,288480861.0,4.204431197277869
2025-03-29,6792613618,Solana,-357220122.0,-4.996201799791777,-83936910.0,-1.2206252198427858
2025-03-30,6755995687,Solana,-36617931.0,-0.5390845565389601,-121968191.0,-1.773318283774794
2025-03-31,6637223106,Solana,-118772581.0,-1.7580322206028676,-433616517.0,-6.132461491412333
2025-04-01,6626623674,Solana,-10599432.0,-0.15969678630236572,-648749559.0,-8.917062234791883
2025-04-02,6694437039,Solana,67813365.0,1.0233471574079278,-660145492.0,-8.975975036209704
2025-04-03,6364059872,Solana,-330377167.0,-4.935100070032938,-770200638.0,-10.795801988453036
2025-04-04,6608902085,Solana,244842213.0,3.8472644494944808,-540931655.0,-7.565653617562306
2025-04-05,6733291542,Solana,124389457.0,1.8821500969476102,-59322076.0,-0.8733321124404947
2025-04-06,6680269762,Solana,-53021780.0,-0.7874570656753566,-75725925.0,-1.1208699429117952
2025-04-07,6128805282,Solana,-551464480.0,-8.255122916396985,-508417824.0,-7.6600984459961
2025-04-08,6204047750,Solana,75242468.0,1.2276857321765977,-422575924.0,-6.376941634063282
2025-04-09,6099888986,Solana,-104158764.0,-1.6788839834445235,-594548053.0,-8.88122555393862
2025-04-10,6586845393,Solana,486956407.0,7.983037201457677,222785521.0,3.5006823549883714
2025-04-11,6405922499,Solana,-180922894.0,-2.746730539512454,-202979586.0,-3.071305693281423
2025-04-12,6687894162,Solana,281971663.0,4.401733911767081,-45397380.0,-0.6742226995047895
2025-04-13,7046848683,Solana,358954521.0,5.367227894238313,366578921.0,5.487486794099916
2025-04-14,6943546429,Solana,-103302254.0,-1.4659354648725365,814741147.0,13.29363733243174
2025-04-15,6972213512,Solana,28667083.0,0.4128593837908312,768165762.0,12.381686810840552
2025-04-16,6912927775,Solana,-59285737.0,-0.850314421639009,813038789.0,13.328747307795673
2025-04-17,7077980777,Solana,165053002.0,2.3875991095538396,491135384.0,7.45630654276388
2025-04-18,7161525881,Solana,83545104.0,1.1803522308435843,755603382.0,11.795387504578049
2025-04-19,7138074401,Solana,-23451480.0,-0.32746485022442373,450180239.0,6.731270383402332
2025-04-20,7373149285,Solana,235074884.0,3.2932534853806983,326300602.0,4.63044712152223
2025-04-21,7316494787,Solana,-56654498.0,-0.7683894060745322,372948358.0,5.371150921413381
2025-04-22,7294902094,Solana,-21592693.0,-0.2951234659302471,322688582.0,4.62820855162589
2025-04-23,7780939100,Solana,486037006.0,6.662694025732874,868011325.0,12.556348818500428
2025-04-24,7932289625,Solana,151350525.0,1.9451447062476035,854308848.0,12.069951514647915
2025-04-25,7998689617,Solana,66399992.0,0.8370848158484989,837163736.0,11.68973972740992
2025-04-26,8046047944,Solana,47358327.0,0.5920760683018278,907973543.0,12.7201468069988
2025-04-27,7988631700,Solana,-57416244.0,-0.7135955987288889,615482415.0,8.347619059499344
2025-04-28,7921030713,Solana,-67600987.0,-0.846214840521442,604535926.0,8.26264411578812
2025-04-29,7992507664,Solana,71476951.0,0.9023693202286465,697605570.0,9.56291888514549
2025-04-30,7878936956,Solana,-113570708.0,-1.420964643068745,97997856.0,1.2594605193607
2025-05-01,7942787577,Solana,63850621.0,0.8103963942924564,10497952.0,0.13234453728105944
2025-05-02,8053676037,Solana,110888460.0,1.396089961175595,54986420.0,0.6874428516782993
2025-05-03,7965310730,Solana,-88365307.0,-1.0972046379073896,-80737214.0,-1.0034393849244538
2025-05-04,7842228322,Solana,-123082408.0,-1.545230464599845,-146403378.0,-1.8326464843785417
2025-05-05,7739363260,Solana,-102865062.0,-1.3116815498909973,-181667453.0,-2.2934824971937995
2025-05-06,7796066525,Solana,56703265.0,0.7326605961638144,-196441139.0,-2.457816085492337
2025-05-07,7827440170,Solana,31373645.0,0.4024291596203433,-51496786.0,-0.6536006860771271
2025-05-08,7864929061,Solana,37488891.0,0.47894190419599525,-77858516.0,-0.9802417003503372
2025-05-09,8455115913,Solana,590186852.0,7.5040327436209475,401439876.0,4.984554558138599
2025-05-10,8794616416,Solana,339500503.0,4.015326418860887,829305686.0,10.411466848073614
2025-05-11,9498560518,Solana,703944102.0,8.004261569831716,1656332196.0,21.120683152688247
2025-05-12,9324751004,Solana,-173809514.0,-1.8298510987072913,1585387744.0,20.484730988063227
2025-05-13,9261280506,Solana,-63470498.0,-0.6806669472758431,1465213981.0,18.7942724231692
2025-05-14,9658073861,Solana,396793355.0,4.284432965213969,1830633691.0,23.387386568807212
2025-05-15,9455585739,Solana,-202488122.0,-2.0965683728891515,1590656678.0,20.224679277625345
2025-05-16,9150574264,Solana,-305011475.0,-3.225727981524884,695458351.0,8.225296473235932
2025-05-17,9062748540,Solana,-87825724.0,-0.9597837410655452,268132124.0,3.048821134622637
2025-05-18,9027137374,Solana,-35611166.0,-0.3929400208206646,-471423144.0,-4.963100915203333
2025-05-19,9182633785,Solana,155496411.0,1.722543975544899,-142117219.0,-1.524085940086084
2025-05-20,9070756437,Solana,-111877348.0,-1.21835794195293,-190524069.0,-2.0572108670779077
2025-05-21,9159184567,Solana,88428130.0,0.9748705150906423,-498889294.0,-5.165515414150546
2025-05-22,9453591284,Solana,294406717.0,3.21433327220777,-1994455.0,-0.02109287626438361
2025-05-23,9695906672,Solana,242315388.0,2.563209903204866,545332408.0,5.959542999890566
2025-05-24,9329240585,Solana,-366666087.0,-3.7816585844299033,266492045.0,2.9405212317630935
2025-05-25,9319189718,Solana,-10050867.0,-0.10773510349985083,292052344.0,3.235270849440819
2025-05-26,9413147976,Solana,93958258.0,1.0082234705289794,230514191.0,2.510327607494811
2025-05-27,9372048752,Solana,-41099224.0,-0.4366150846113026,301292315.0,3.3215787138878072
2025-05-28,9441492865,Solana,69444113.0,0.7409704626769154,282308298.0,3.082242703320337
2025-05-29,9242733229,Solana,-198759636.0,-2.10517170157285,-210858055.0,-2.2304545295592892
2025-05-30,8970466282,Solana,-272266947.0,-2.9457406186487733,-725440390.0,-7.481924223702963
2025-05-31,8547777191,Solana,-422689091.0,-4.712008024021685,-781463394.0,-8.376495245030712
2025-06-01,8588065436,Solana,40288245.0,0.4713300791510999,-731124282.0,-7.84536321422703
2025-06-02,8616505350,Solana,28439914.0,0.33115623316961607,-796642626.0,-8.463084061050996
2025-06-03,8771173110,Solana,154667760.0,1.7950172804105602,-600875642.0,-6.411358475613705
2025-06-04,8677119557,Solana,-94053553.0,-1.0723030069121453,-764373308.0,-8.095894568046146
2025-06-05,8565768255,Solana,-111351302.0,-1.2832749539583133,-676964974.0,-7.324294202021919
2025-06-06,8169833870,Solana,-395934385.0,-4.622286912430596,-800632412.0,-8.92520396187807
2025-06-07,8341327154,Solana,171493284.0,2.099103687159798,-206450037.0,-2.4152482263736674
2025-06-08,8390061980,Solana,48734826.0,0.5842574580788407,-198003456.0,-2.305565292621048
2025-06-09,8504635215,Solana,114573235.0,1.365582700975465,-111870135.0,-1.2983237456006491
2025-06-10,8869209492,Solana,364574277.0,4.286771481473828,98036382.0,1.1177111746686341
2025-06-11,9035988711,Solana,166779219.0,1.8804293567587393,358869154.0,4.135809719372752
2025-06-12,8913363060,Solana,-122625651.0,-1.357080613112338,347594805.0,4.057952476091131
2025-06-13,8462232833,Solana,-451130227.0,-5.0612796086419,292398963.0,3.5790074517145554
2025-06-14,8472203558,Solana,9970725.0,0.11782617184814548,130876404.0,1.569011760163841
2025-06-15,8353768766,Solana,-118434792.0,-1.3979219360017225,-36293214.0,-0.43257384851881353
2025-06-16,8632735239,Solana,278966473.0,3.339408604837124,128100024.0,1.5062377252120562
2025-06-17,8621540963,Solana,-11194276.0,-0.12967241193067025,-247668529.0,-2.792453253284821
2025-06-18,8443261995,Solana,-178278968.0,-2.067831826875244,-592726716.0,-6.5596221393951275
2025-06-19,8383937922,Solana,-59324073.0,-0.7026203028536959,-529425138.0,-5.939678821968686
2025-06-20,8389978212,Solana,6040290.0,0.07204597715531058,-72254621.0,-0.8538481796226405
2025-06-21,8112643376,Solana,-277334836.0,-3.3055489417521233,-359560182.0,-4.243998382929314
2025-06-22,7905594670,Solana,-207048706.0,-2.552173150030501,-448174096.0,-5.3649329847873855
2025-06-23,7796338320,Solana,-109256350.0,-1.3820130497532834,-836396919.0,-9.688666405769286
2025-06-24,8260888930,Solana,464550610.0,5.958574281060702,-360652033.0,-4.1831504895443405
2025-06-25,8404513383,Solana,143624453.0,1.7386077239026632,-38748612.0,-0.4589294045707293
2025-06-26,8345961743,Solana,-58551640.0,-0.6966690078503923,-37976179.0,-0.45296350418277953
2025-06-27,8146428096,Solana,-199533647.0,-2.39078075294743,-243550116.0,-2.9028694693349233
2025-06-28,8249800851,Solana,103372755.0,1.2689334979922862,137157475.0,1.6906631863759625
2025-06-29,8556751357,Solana,306950506.0,3.7207020089799148,651156687.0,8.236656623327733
2025-06-30,8625335057,Solana,68583700.0,0.8015156352988217,828996737.0,10.633154988584437
2025-07-01,8680982188,Solana,55647131.0,0.6451590649204864,420093258.0,5.085327518136729
2025-07-02,8389191684,Solana,-291790504.0,-3.3612614066107827,-15321699.0,-0.1823032256809909
2025-07-03,8582612341,Solana,193420657.0,2.305593486067248,236650598.0,2.8355102178426073
2025-07-04,8687163949,Solana,104551608.0,1.2181793123819284,540735853.0,6.637704852087367
2025-07-05,8514470857,Solana,-172693092.0,-1.9879110491506147,264670006.0,3.208198728432543
2025-07-06,8513407397,Solana,-1063460.0,-0.012490030418343956,-43343960.0,-0.5065469147299884
2025-07-07,8670809124,Solana,157401727.0,1.848868727408326,45474067.0,0.5272150785968099
2025-07-08,8579012945,Solana,-91796179.0,-1.0586806569863993,-101969243.0,-1.1746279486779199
2025-07-09,8700989731,Solana,121976786.0,1.4218044288077492,311798047.0,3.7166637590921425
2025-07-10,8883604636,Solana,182614905.0,2.098783134398796,300992295.0,3.5070009344605912
2025-07-11,9259018509,Solana,375413873.0,4.225918288604036,571854560.0,6.582753167284561
2025-07-12,9172296965,Solana,-86721544.0,-0.9366170282055775,657826108.0,7.725977562765185
2025-07-13,9131575630,Solana,-40721335.0,-0.4439600588095449,618168233.0,7.261114195214402
2025-07-14,9171478154,Solana,39902524.0,0.43697304404848314,500669030.0,5.7741904226007446
2025-07-15,9184896270,Solana,13418116.0,0.14630265454154134,605883325.0,7.062389681474013
2025-07-16,9216052106,Solana,31155836.0,0.339207271199804,515062375.0,5.919583759131775
2025-07-17,9646309158,Solana,430257052.0,4.668561408413541,762704522.0,8.585529784938984
2025-07-18,9769929294,Solana,123620136.0,1.2815278255671192,510910785.0,5.5179799511512195
2025-07-19,9684667864,Solana,-85261430.0,-0.8726923955566512,512370899.0,5.58606967213473
2025-07-20,9687139550,Solana,2471686.0,0.025521639303582866,555563920.0,6.083987501289512
2025-07-21,9931456658,Solana,244317108.0,2.522076891108682,759978504.0,8.286325183782361
2025-07-22,9162284310,Solana,-769172348.0,-7.744808989126639,-22611960.0,-0.2461863404364828
2025-07-23,10763232329,Solana,1600948019.0,17.47324100445864,1547180223.0,16.7878849338615
2025-07-24,10169267105,Solana,-593965224.0,-5.518465139878526,522957947.0,5.421326835313933
2025-07-25,9876788536,Solana,-292478569.0,-2.876102731692387,106859242.0,1.0937565542631367
2025-07-26,10064465409,Solana,187676873.0,1.9001811400126245,379797545.0,3.921637275882106
2025-07-27,10004169673,Solana,-60295736.0,-0.5990952678527894,317030123.0,3.2726907810469275
2025-07-28,10204334539,Solana,200164866.0,2.0008143858277316,272877881.0,2.7476118599399024
2025-07-29,9874453111,Solana,-329881428.0,-3.232757871071601,712168801.0,7.772830190640523
2025-07-30,9812668460,Solana,-61784651.0,-0.6257020040043804,-950563869.0,-8.831583672488797
2025-07-31,9748560509,Solana,-64107951.0,-0.6533182208420363,-420706596.0,-4.13703949022195
2025-08-01,9613879429,Solana,-134681080.0,-1.3815483822012586,-262909107.0,-2.661888589005623
2025-08-02,9429476230,Solana,-184403199.0,-1.918093526779141,-634989179.0,-6.309219150697965
2025-08-03,9303002711,Solana,-126473519.0,-1.3412570954643543,-701166962.0,-7.008747201602961
2025-08-04,9508557015,Solana,205554304.0,2.2095479318408717,-695777524.0,-6.81845074111207
2025-08-05,9845304016,Solana,336747001.0,3.5415152947894546,-29149095.0,-0.2951970572175666
2025-08-06,9602490761,Solana,-242813255.0,-2.4662849883090865,-210177699.0,-2.1419015618102333
2025-08-07,9818596153,Solana,216105392.0,2.25051392788318,70035644.0,0.7184203650922871
2025-08-08,10193262220,Solana,374666067.0,3.815882241836821,579382791.0,6.026524414819567
2025-08-09,10346536018,Solana,153273798.0,1.5036775734000418,917059788.0,9.725458399082253
2025-08-10,10538916581,Solana,192380563.0,1.859371703392454,1235913870.0,13.285107060526148
2025-08-11,10597052147,Solana,58135566.0,0.551627537358157,1088495132.0,11.447532262601667
2025-08-12,10229594135,Solana,-367458012.0,-3.467549342050058,384290119.0,3.903283416900827
2025-08-13,10898725980,Solana,669131845.0,6.541137763331206,1296235219.0,13.498947838248277
2025-08-14,11108452566,Solana,209726586.0,1.9243220389691729,1289856413.0,13.136872042607584
2025-08-15,10754729145,Solana,-353723421.0,-3.1842726869325877,561466925.0,5.508216240119457
2025-08-16,10403783250,Solana,-350945895.0,-3.2631774382078094,57247232.0,0.5532985329621987
2025-08-17,10654626932,Solana,250843682.0,2.4110813919542284,115710351.0,1.0979340249130276
2025-08-18,10665396516,Solana,10769584.0,0.10107894033957177,68344369.0,0.6449375548213121
2025-08-19,10428525764,Solana,-236870752.0,-2.220927760582103,198931629.0,1.9446678565610664
2025-08-20,10146387871,Solana,-282137893.0,-2.7054436972669738,-752338109.0,-6.902991325597119
2025-08-21,10965362751,Solana,818974880.0,8.071590505038362,-143089815.0,-1.2881165414340368
2025-08-22,10421741495,Solana,-543621256.0,-4.957622181267318,-332987650.0,-3.0961974542595527
2025-08-23,11143747549,Solana,722006054.0,6.927882967989496,739964299.0,7.112454010419711
2025-08-24,11379277659,Solana,235530110.0,2.113562865313967,724650727.0,6.801277338238765
2025-08-25,11312082410,Solana,-67195249.0,-0.5905053994956777,646685894.0,6.063402265727813
2025-08-26,10566685430,Solana,-745396980.0,-6.589387815465885,138159666.0,1.324824516202816
2025-08-27,10940119909,Solana,373434479.0,3.534073967412499,793732038.0,7.822804017463336
2025-08-28,11301434815,Solana,361314906.0,3.3026594681358157,336072064.0,3.064851310727068
2025-08-29,11759176724,Solana,457741909.0,4.050299068154195,1337435229.0,12.833126110848703
2025-08-30,11391807644,Solana,-367369080.0,-3.1241054422646353,248060095.0,2.2260024637964726
2025-08-31,11402304316,Solana,10496672.0,0.09214228617639986,23026657.0,0.20235605185174865
2025-09-01,11225701914,Solana,-176602402.0,-1.548830807402557,-86380496.0,-0.7636126830515177
2025-09-02,11114744488,Solana,-110957426.0,-0.9884230567499763,548059058.0,5.186669572314506
2025-09-03,11667320942,Solana,552576454.0,4.97156236561791,727201033.0,6.647102948129113
2025-09-04,11613934088,Solana,-53386854.0,-0.4575759445153982,312499273.0,2.7651291903681985
2025-09-05,11352295431,Solana,-261638657.0,-2.2527995683248814,-406881293.0,-3.4601171710394674
2025-09-06,11387433261,Solana,35137830.0,0.3095218074051109,-4374383.0,-0.03839937555742967
2025-09-07,11351887643,Solana,-35545618.0,-0.3121477613549417,-50416673.0,-0.4421621419913646
2025-09-08,11499807674,Solana,147920031.0,1.3030434730492813,274105760.0,2.441769451032294
2025-09-09,12112160514,Solana,612352840.0,5.32489635791451,997416026.0,8.97380976303015
2025-09-10,12166925913,Solana,54765399.0,0.4521521898318559,499604971.0,4.2820881801710176
2025-09-11,12328773447,Solana,161847534.0,1.3302253597769598,714839359.0,6.155014774352829
2025-09-12,12673308473,Solana,344535026.0,2.794560444160288,1321013042.0,11.636528048703498
2025-09-13,13186359475,Solana,513051002.0,4.048279919115316,1798926214.0,15.797468777806255
2025-09-14,13205250034,Solana,18890559.0,0.14325833476491745,1853362391.0,16.326468771410486
2025-09-15,13001501423,Solana,-203748611.0,-1.5429364114681765,1501693749.0,13.058424902141553
2025-09-16,12739787189,Solana,-261714234.0,-2.0129539311284472,627626675.0,5.181789609496579
2025-09-17,12553625430,Solana,-186161759.0,-1.461262705869526,386699517.0,3.1782844718962533
2025-09-18,12888834374,Solana,335208944.0,2.6702162325071166,560060927.0,4.54271407782485
2025-09-19,12737743660,Solana,-151090714.0,-1.1722604978522178,64435187.0,0.5084322466961
2025-09-20,12452658960,Solana,-285084700.0,-2.238109885153705,-733700515.0,-5.564087012727215
2025-09-21,12461690018,Solana,9031058.0,0.07252312963046403,-743560016.0,-5.630790890634641
2025-09-22,12294856206,Solana,-166833812.0,-1.3387735673012324,-706645217.0,-5.43510471605938
2025-09-23,11946139949,Solana,-348716257.0,-2.8362776364136977,-793647240.0,-6.229674234160399
2025-09-24,11421651370,Solana,-524488579.0,-4.390443952934808,-1131974060.0,-9.017108773174542
2025-09-25,11328279347,Solana,-93372023.0,-0.8175002018118827,-1560555027.0,-12.107805731044452
2025-09-26,10766116430,Solana,-562162917.0,-4.9624739978615935,-1971627230.0,-15.478622294711808
2025-09-27,11104285854,Solana,338169424.0,3.1410530082851773,-1348373106.0,-10.827993525970614
2025-09-28,11071642247,Solana,-32643607.0,-0.29397304274404457,-1390047771.0,-11.154568674009525
2025-09-29,11328195917,Solana,256553670.0,2.3172142332319012,-966660289.0,-7.862314717664298
2025-09-30,11444637267,Solana,116441350.0,1.0278896203168575,-501502682.0,-4.198031197868069
2025-10-01,11503319198,Solana,58681931.0,0.5127460978532339,81667828.0,0.7150264471782686
2025-10-02,12149046331,Solana,645727133.0,5.613398375594647,820766984.0,7.245292589093499
2025-10-03,12563884206,Solana,414837875.0,3.4145715120164066,1797767776.0,16.698386903846618
2025-10-04,12459808693,Solana,-104075513.0,-0.8283705205616054,1355522839.0,12.207204108598413
2025-10-05,12584473686,Solana,124664993.0,1.000536975098476,1512831439.0,13.664020253272913
2025-10-06,12696321499,Solana,111847813.0,0.8887762475472405,1368125582.0,12.077170910743874
2025-10-07,12894083165,Solana,197761666.0,1.5576296332412198,1449445898.0,12.664847860048823
2025-10-08,12472494570,Solana,-421588595.0,-3.26962832180554,969175372.0,8.42518020510552
2025-10-09,12728761706,Solana,256267136.0,2.0546582286465664,579715375.0,4.771694495236023
2025-10-10,12512078958,Solana,-216682748.0,-1.7023081506652882,-51805248.0,-0.4123346502609482
2025-10-11,10919872229,Solana,-1592206729.0,-12.725357107676905,-1539936464.0,-12.359230401869226
2025-10-12,10411745991,Solana,-508126238.0,-4.6532251233724615,-2172727695.0,-17.265145521477955
2025-10-13,11270865731,Solana,859119740.0,8.251447362840292,-1425455768.0,-11.227313108858128
2025-10-14,11811924504,Solana,541058773.0,4.800507662085285,-1082158661.0,-8.392676293087952
2025-10-15,11560727338,Solana,-251197166.0,-2.126640463329532,-911767232.0,-7.310223523312387
2025-10-16,11271954130,Solana,-288773208.0,-2.4978809685339165,-1456807576.0,-11.445006275145364
2025-10-17,10940155194,Solana,-331798936.0,-2.9435795441797086,-1571923764.0,-12.563250034439244
2025-10-18,10824437919,Solana,-115717275.0,-1.057729739185631,-95434310.0,-0.8739507935500823
2025-10-19,11011713542,Solana,187275623.0,1.7301186851584882,599967551.0,5.762410565131115
2025-10-20,11070231980,Solana,58518438.0,0.5314199082350202,-200633751.0,-1.78010949458981
2025-10-21,11129057038,Solana,58825058.0,0.5313805357130441,-682867466.0,-5.781170255268342
2025-10-22,11028040991,Solana,-101016047.0,-0.907678401279477,-532686347.0,-4.607723471247915
2025-10-23,10778228148,Solana,-249812843.0,-2.265251309855232,-493725982.0,-4.380127671793499
2025-10-24,11271295669,Solana,493067521.0,4.574662126552709,331140475.0,3.0268352608161297
2025-10-25,11430659591,Solana,159363922.0,1.4138917714518584,606221672.0,5.600491005042452
2025-10-26,11276926742,Solana,-153732849.0,-1.3449166933554912,265213200.0,2.408464395558818
2025-10-27,11843019572,Solana,566092830.0,5.019921144753314,772787592.0,6.980771436372368
2025-10-28,11757796676,Solana,-85222896.0,-0.719604451228717,628739638.0,5.6495319940690125
2025-10-29,11580631143,Solana,-177165533.0,-1.5067919430995946,552590152.0,5.01077346784411
2025-10-30,11523181633,Solana,-57449510.0,-0.49608272028183187,744953485.0,6.911650734895902
2025-10-31,11312944217,Solana,-210237416.0,-1.824473680063532,41648548.0,0.369509852487937
2025-11-01,11296683706,Solana,-16260511.0,-0.14373367965135886,-133975885.0,-1.1720748390187996
2025-11-02,11203617266,Solana,-93066440.0,-0.8238385921221281,-73309476.0,-0.6500838187319724
2025-11-03,11179675451,Solana,-23941815.0,-0.2136971875383198,-663344121.0,-5.601140122813941
2025-11-04,10476187234,Solana,-703488217.0,-6.292563859150979,-1281609442.0,-10.90008168465797
2025-11-05,9953153412,Solana,-523033822.0,-4.992597118754394,-1627477731.0,-14.053445886528737
2025-11-06,10003655283,Solana,50501871.0,0.5073956856639361,-1519526350.0,-13.186690953897596
2025-11-07,9908137799,Solana,-95517484.0,-0.9548258241397045,-1404806418.0,-12.417690665255755
2025-11-08,10183219239,Solana,275081440.0,2.776318270702327,-1113464467.0,-9.856560526773062
2025-11-09,9965028625,Solana,-218190614.0,-2.142648693689786,-1238588641.0,-11.055256633576615
2025-11-10,10364694501,Solana,399665876.0,4.0106846757803405,-814980950.0,-7.289844446487059
2025-11-11,10432676661,Solana,67982160.0,0.6559012423708266,-43510573.0,-0.41532832535474684
2025-11-12,9933602226,Solana,-499074435.0,-4.783762127562785,-19551186.0,-0.1964320772593342
2025-11-13,9887240815,Solana,-46361411.0,-0.46671298029887787,-116414468.0,-1.163719307659794
2025-11-14,9490191418,Solana,-397049397.0,-4.015775527563092,-417946381.0,-4.218213245300062
2025-11-15,9388847999,Solana,-101343419.0,-1.0678753940387642,-794371240.0,-7.800786974689622
2025-11-16,9360660066,Solana,-28187933.0,-0.3002278128584335,-604368559.0,-6.064895363007549
2025-11-17,9295062440,Solana,-65597626.0,-0.7007799186968144,-1069632061.0,-10.31995743720956
2025-11-18,8768613941,Solana,-526448499.0,-5.663743545546318,-1664062720.0,-15.950486860392122
2025-11-19,9429201735,Solana,660587794.0,7.5335486137808605,-504400491.0,-5.077719839433403
2025-11-20,9196508120,Solana,-232693615.0,-2.467797609380562,-690732695.0,-6.986101662984523
2025-11-21,8975567655,Solana,-220940465.0,-2.402438644288396,-514623763.0,-5.422691074743923
2025-11-22,8792005314,Solana,-183562341.0,-2.0451335008069726,-596842685.0,-6.356932022582207
2025-11-23,8779115238,Solana,-12890076.0,-0.14661133085843714,-581544828.0,-6.212647654114689
2025-11-24,8498703673,Solana,-280411565.0,-3.194075455192247,-796358767.0,-8.567546179926467
2025-11-25,9057289202,Solana,558585529.0,6.572596839381539,288675261.0,3.2921424405540467
2025-11-26,9040161732,Solana,-17127470.0,-0.18910150286708394,-389040003.0,-4.125906030368753
2025-11-27,9219841650,Solana,179679918.0,1.9875741532806357,23333530.0,0.2537216266819353
2025-11-28,9033754360,Solana,-186087290.0,-2.018334989516879,58186705.0,0.6482788302262454
2025-11-29,8789481187,Solana,-244273173.0,-2.704005037834567,-2524127.0,-0.028709343430222134
2025-11-30,8829172766,Solana,39691579.0,0.4515804534482193,50057528.0,0.5701887564173669
2025-12-01,8704756957,Solana,-124415809.0,-1.4091445744397357,206053284.0,2.424526044538089
2025-12-02,8217665178,Solana,-487091779.0,-5.595696484188473,-839624024.0,-9.27014700838521
2025-12-03,9003219163,Solana,785553985.0,9.559333070700582,-36942569.0,-0.40864942569812657
2025-12-04,9242804169,Solana,239585006.0,2.661103785905916,22962519.0,0.24905545964555298
2025-12-05,9046280453,Solana,-196523716.0,-2.1262347703863815,12526093.0,0.1386587735378697
2025-12-06,8807449069,Solana,-238831384.0,-2.6401059003294147,17967882.0,0.2044248302911722
2025-12-07,8516128026,Solana,-291321043.0,-3.3076665072679923,-313044740.0,-3.545572708753586
2025-12-08,8407318104,Solana,-108809922.0,-1.2776924168800607,-297438853.0,-3.4169690718453882
2025-12-09,8790810921,Solana,383492817.0,4.561416759258141,573145743.0,6.974557013279181
2025-12-10,8974924889,Solana,184113968.0,2.0943911734033316,-28294274.0,-0.3142684131946849
2025-12-11,8904131834,Solana,-70793055.0,-0.7887871583946771,-338672335.0,-3.6641730021273577
2025-12-12,8935872974,Solana,31741140.0,0.3564765278833537,-110407479.0,-1.220473757956353
2025-12-13,8752942068,Solana,-182930906.0,-2.0471520413535393,-54507001.0,-0.6188738711172426
2025-12-14,8808923888,Solana,55981820.0,0.6395771794796223,292795862.0,3.438133634277052
2025-12-15,8677393198,Solana,-131530690.0,-1.493152758183991,270075094.0,3.2123810549229193
2025-12-16,8574516459,Solana,-102876739.0,-1.185571941394925,-216294462.0,-2.460460860138658
2025-12-17,8769011238,Solana,194494779.0,2.268288595980872,-205913651.0,-2.294321719086201
2025-12-18,8514426368,Solana,-254584870.0,-2.9032334785565217,-389705466.0,-4.376681222440215
2025-12-19,8303577149,Solana,-210849219.0,-2.4763760926096,-632295825.0,-7.075926737541383
2025-12-20,8480024932,Solana,176447783.0,2.124961084046162,-272917136.0,-3.1180045963946412
2025-12-21,8530245199,Solana,50220267.0,0.5922183885390453,-278678689.0,-3.163595151271903
2025-12-22,8495980758,Solana,-34264441.0,-0.4016817828872865,-181412440.0,-2.090632933884018
2025-12-23,8501730571,Solana,5749813.0,0.06767685996211803,-72785888.0,-0.8488628874646631
2025-12-24,8360048488,Solana,-141682083.0,-1.666508739800432,-408962750.0,-4.663727059988066
2025-12-25,8326331746,Solana,-33716742.0,-0.40330797181854505,-188094622.0,-2.2091285292796803
2025-12-26,8181300553,Solana,-145031193.0,-1.741837791530143,-122276596.0,-1.4725773459541514
2025-12-27,8216095653,Solana,34795100.0,0.42530035138779176,-263929279.0,-3.1123644224681835
2025-12-28,8244417075,Solana,28321422.0,0.3447065759228263,-285828124.0,-3.3507609374875624
2025-12-29,8373123383,Solana,128706308.0,1.5611329076288927,-122857375.0,-1.446064656918089
2025-12-30,8199288611,Solana,-173834772.0,-2.076104268962975,-302441960.0,-3.5574164280346765
2025-12-31,7885281230,Solana,-314007381.0,-3.829690548747533,-474767258.0,-5.6790012483956325
2026-01-01,8147577812,Solana,262296582.0,3.3264074463454474,-178753934.0,-2.1468509717484374
2026-01-02,9068497474,Solana,920919662.0,11.30298701343657,887196921.0,10.844203989971657
2026-01-03,8486227810,Solana,-582269664.0,-6.420795348616537,270132157.0,3.2878409454905055
2026-01-04,8563867407,Solana,77639597.0,0.9148893800436486,319450332.0,3.8747473483442096
2026-01-05,8644989915,Solana,81122508.0,0.9472648763068303,271866532.0,3.246895089972912
2026-01-06,8848818209,Solana,203828294.0,2.3577620795871113,649529598.0,7.921779910620597
2026-01-07,8941969422,Solana,93151213.0,1.0526966516868574,1056688192.0,13.400767343335463
2026-01-08,8730594940,Solana,-211374482.0,-2.363847067961933,583017128.0,7.155711076994131
2026-01-09,8796434748,Solana,65839808.0,0.7541273928349357,-272062726.0,-3.000086031671978
2026-01-10,8702915206,Solana,-93519542.0,-1.0631527963219756,216687396.0,2.5534006492809347
2026-01-11,8711702799,Solana,8787593.0,0.10097298194911009,147835392.0,1.7262690438102801
2026-01-12,8855822093,Solana,144119294.0,1.6543183040695908,210832178.0,2.4387787617216716
2026-01-13,8703923727,Solana,-151898366.0,-1.7152373252853237,-144894482.0,-1.6374444426107693
2026-01-14,9053214689,Solana,349290962.0,4.01302875525531,111245267.0,1.2440801544937319
2026-01-15,9079849076,Solana,26634387.0,0.29419811542039653,349254136.0,4.000347495218914
2026-01-16,8899052150,Solana,-180796926.0,-1.9911886694007452,102617402.0,1.1665794715675082
2026-01-17,9018880634,Solana,119828484.0,1.346530866211415,315965428.0,3.6305699931692414
2026-01-18,8977397600,Solana,-41483034.0,-0.4599576786016524,265694801.0,3.0498607118518706
2026-01-19,8668905648,Solana,-308491952.0,-3.4363182488430732,-186916445.0,-2.1106616984519877
2026-01-20,8608860776,Solana,-60044872.0,-0.6926465050851371,-95062951.0,-1.092185018868097
2026-01-21,8291973671,Solana,-316887105.0,-3.6809412214381054,-761241018.0,-8.408516136538069
2026-01-22,8386792484,Solana,94818813.0,1.143501134496061,-693056592.0,-7.632908721268262
2026-01-23,8201665446,Solana,-185127038.0,-2.2073639994453,-697386704.0,-7.836640265109585
2026-01-24,8176568124,Solana,-25097322.0,-0.30600275230977525,-842312510.0,-9.339435171417964
2026-01-25,8166034899,Solana,-10533225.0,-0.12882207841065085,-811362701.0,-9.037838549113609
2026-01-26,7767714800,Solana,-398320099.0,-4.877766307963949,-901190848.0,-10.395670279418868
2026-01-27,8127833624,Solana,360118824.0,4.636097401516337,-481027152.0,-5.5875819637020925
2026-01-28,8219794576,Solana,91960952.0,1.1314325102381062,-72179095.0,-0.8704694185467154
2026-01-29,8318409714,Solana,98615138.0,1.1997275246748318,-68382770.0,-0.8153626088931887
2026-01-30,8044100160,Solana,-274309554.0,-3.2976201393198123,-157565286.0,-1.921137688892749
2026-01-31,8068301294,Solana,24201134.0,0.3008557019260172,-108266830.0,-1.3241109027418707
2026-02-01,7554600634,Solana,-513700660.0,-6.36689981300046,-611434265.0,-7.4875294137534905
2026-02-02,7393408123,Solana,-161192511.0,-2.1336999638940757,-374306677.0,-4.818748971061604
2026-02-03,7472120737,Solana,78712614.0,1.064632341276206,-655712887.0,-8.067498885112512
2026-02-04,7232131601,Solana,-239989136.0,-3.211794140472546,-987662975.0,-12.015664939897153
2026-02-05,6957878163,Solana,-274253438.0,-3.792152205334298,-1360531551.0,-16.35566890520199
2026-02-06,6112601874,Solana,-845276289.0,-12.148477872103836,-1931498286.0,-24.011365442769428
2026-02-07,6412914681,Solana,300312807.0,4.913011074341078,-1655386613.0,-20.51716405572298
2026-02-08,6460895395,Solana,47980714.0,0.7481888717801866,-1093705239.0,-14.47734025909595
2026-02-09,6487139579,Solana,26244184.0,0.40620041643624205,-906268544.0,-12.25779138555476
2026-02-10,6463835462,Solana,-23304117.0,-0.35923563407576076,-1008285275.0,-13.493963902473272
2026-02-11,6339265704,Solana,-124569758.0,-1.9271802126203275,-892865897.0,-12.345819272378034
2026-02-12,6336472390,Solana,-2793314.0,-0.044063683878048376,-621405773.0,-8.9309665740406
2026-02-13,6294992545,Solana,-41479845.0,-0.6546204646210141,182390671.0,2.983846727787065
2026-02-14,6591103669,Solana,296111124.0,4.703915403922054,178188988.0,2.778595956187191
2026-02-15,6626770379,Solana,35666710.0,0.5411341072930176,165874984.0,2.567368357772337
2026-02-16,6611867338,Solana,-14903041.0,-0.22489146518833714,124727759.0,1.9226926980847603
2026-02-17,6629360330,Solana,17492992.0,0.2645696155980648,165524868.0,2.5607840572845264
2026-02-18,6572405250,Solana,-56955080.0,-0.8591338706128271,233139546.0,3.677705855630742
2026-02-19,6425590996,Solana,-146814254.0,-2.2337979539530095,89118606.0,1.4064387961453706
2026-02-20,6442579185,Solana,16988189.0,0.26438329191160737,147586640.0,2.3445085747913375
2026-02-21,6537126499,Solana,94547314.0,1.467538252694367,-53977170.0,-0.8189397817223165
2026-02-22,6530214902,Solana,-6911597.0,-0.10572836552967813,-96555477.0,-1.457051798655662
2026-02-23,6381459606,Solana,-148755296.0,-2.2779540678583343,-230407732.0,-3.48476035923756
2026-02-24,6319531646,Solana,-61927960.0,-0.9704356655611202,-309828684.0,-4.673583401371695
2026-02-25,6259511981,Solana,-60019665.0,-0.9497486263557176,-312893269.0,-4.7607117500857115
2026-02-26,6587606728,Solana,328094747.0,5.241538765256659,162015732.0,2.5214137049939245
2026-02-27,6580572808,Solana,-7033920.0,-0.1067750442676374,137993623.0,2.141900301687949
2026-02-28,6456167943,Solana,-124404865.0,-1.8904868714279877,-80958556.0,-1.2384425483029093
2026-03-01,6636291453,Solana,180123510.0,2.789944617151674,106076551.0,1.624396020527774
2026-03-02,6538179565,Solana,-98111888.0,-1.4784143929611138,156719959.0,2.4558638411288802
2026-03-03,6698061291,Solana,159881726.0,2.445355383872827,378529645.0,5.989837003816478
2026-03-04,6591528765,Solana,-106532526.0,-1.5904979272606035,332016784.0,5.30419599815124
2026-03-05,6884336641,Solana,292807876.0,4.4421846044997215,296729913.0,4.5043659291131855
2026-03-06,6762158090,Solana,-122178551.0,-1.774732372504273,181585282.0,2.7594145266388814
2026-03-07,6602144728,Solana,-160013362.0,-2.3663061388143336,145976785.0,2.261043800111695
2026-03-08,6545497103,Solana,-56647625.0,-0.8580185278240671,-90794350.0,-1.3681489223767551
2026-03-09,6391707740,Solana,-153789363.0,-2.3495444361210316,-146471825.0,-2.2402539352710527
2026-03-10,6638308963,Solana,246601223.0,3.858142972600942,-59752328.0,-0.8920839240496026
2026-03-11,6590095283,Solana,-48213680.0,-0.7262946070863641,-1433482.0,-0.021747337394806276
2026-03-12,6671433645,Solana,81338362.0,1.23425168388418,-212902996.0,-3.092570963657504
2026-03-13,6910246488,Solana,238812843.0,3.5796330400285292,148088398.0,2.189957644128371
2026-03-14,6844789381,Solana,-65457107.0,-0.9472470643944408,242644653.0,3.6752398348817383
2026-03-15,6960781188,Solana,115991807.0,1.6946000898431457,415284085.0,6.344576713809302
2026-03-16,7137221027,Solana,176439839.0,2.5347706562615757,745513287.0,11.663757438946988
2026-03-17,7262258281,Solana,125037254.0,1.7519039066744124,623949318.0,9.399220817797293
2026-03-18,7009569157,Solana,-252689124.0,-3.479484124946397,419473874.0,6.365217132475864
2026-03-19,6931227206,Solana,-78341951.0,-1.1176428856795706,259793561.0,3.894118937909341
2026-03-20,6856279403,Solana,-74947803.0,-1.081306394560566,-53967085.0,-0.780971924716678
2026-03-21,6890179759,Solana,33900356.0,0.49444245205594317,45390378.0,0.663137687274884
2026-03-22,6768596181,Solana,-121583578.0,-1.7645922494429311,-192185007.0,-2.7609689460044606
2026-03-23,6665404054,Solana,-103192127.0,-1.524572071379715,-471816973.0,-6.610653799498756
2026-03-24,6759172248,Solana,93768194.0,1.4067893445068647,-503086033.0,-6.927404858571428
2026-03-25,6652996311,Solana,-106175937.0,-1.5708423029375695,-356572846.0,-5.086943833686464
2026-03-26,6670214674,Solana,17218363.0,0.2588061407990061,-261012532.0,-3.7657477419591023
2026-03-27,6547578984,Solana,-122635690.0,-1.838556868012431,-308700419.0,-4.502448060458663
2026-03-28,6394806682,Solana,-152772302.0,-2.3332639800653365,-495373077.0,-7.189552295104351
